"m_in","m_out","pt2","p","sgn","g","E","pn","type","E_after","pn_after","A_after"
0.000871453647324699,3714.04893718741,0,31031849.9484257,-1,3.60959613789889,31031849.9484257,-31031849.9484257,1,31031849.9484257,-31031849.9484257,1.22363226926155e-14
0.000214063578109889,83001.3043307803,8.50561497336743e-15,3910.6855037212,1,743987.514309548,3910.68550372121,3910.6855037212,3,444320.462408735,-436499.09140169,7821.37100704458
1.17290576177686e-05,0.000161714458315856,1.60961528750972e-15,17.2672856162297,1,1257471228.96592,17.2672856162337,17.2672856162297,3,17.2672856166103,17.267285615853,34.5345712324633
0.000687180643372457,1.51391742607078,1.48051842752424e-14,21623.9252183309,1,6624215829260.48,21623.925218331,21623.9252183309,3,21623.9252448288,21623.9251918332,43247.8504366619
0.000699978717604718,0.0008518566905029,0,3.96686472577676e-06,-1,1.00491383894842,0.000699989957867467,-3.96686472577676e-06,2,0.000712990970624112,-0.000135594686813191,0.000577396283810921
0.000121890919078335,29026.6310846382,0,218.022689036415,1,2.52659814154913,218.02268903645,218.022689036415,2,5121.83815344745,-5121.83815344745,1.45039687985464e-12
0.000121941917442584,5434.50090396336,9.79801417380771e-16,0.689616007825685,-1,574.925249492641,0.689616018606925,-0.689616007825685,1,0.689616018606925,-0.689616007825685,1.07812405196508e-08
0.0246859576803152,17.9196523928784,0,62153803.3427595,1,5355.02072701437,62153803.3427595,62153803.3427595,3,62153803.3427608,62153803.3427582,124307606.685519
9.26702385512916e-06,1752.67353497248,1.36355464376631e-14,0.000402832668363218,-1,152.210778228688,0.000402939263496757,-0.000402832668363218,2,0.00493911565736723,-0.00493910696234486,8.69502237240265e-09
0.00199714801921415,13.2915247092864,1.05101437784335e-07,0.00745641384214537,-1,1.00000506485045,0.00772604743926494,-0.00745641384214537,1,0.00772604743926494,-0.00745641384214537,0.000269633597119574
3.02635697872463e-06,0.149760789708507,3.8075232114531e-11,187857.173547886,1,1.60581776391691,187857.173547886,187857.173547886,3,187857.173547912,187857.173547852,375714.347095764
4.98901459945038e-05,9.68649718737088,4.73567951479782e-15,0.868407172168515,-1,1.00451958390278,0.868407173601617,-0.868407172168515,1,0.868407173601617,-0.868407172168515,1.43310159148227e-09
1.21643748684215e-06,206.291098744734,3.04494215712175e-19,0.485353160395546,-1,5918144.29563028,0.485353160397071,-0.485353160395546,2,106.780737931062,-106.780737931062,6.92877991180571e-15
0.0002633002180283,12.1748631028437,0,0.0130309167567828,1,7704981.86266553,0.013033576582313,0.0130309167567828,3,2843.48460448783,-2843.45853999452,0.0260644933151474
3.43406192793271e-06,684.987926083515,0,1.12580980335984e-06,1,93774312.5191471,3.6138938886218e-06,1.12580980335984e-06,2,83358322365.1653,-83358322365.1653,7.07354766163396e-23
0.000112163210720413,0.146949301746672,5.00960919973409e-15,4.04194971846396e-07,-1,1.08075039016308,0.000112163961334719,-4.04194971846396e-07,2,0.000149497734241807,-9.88381591022063e-05,5.06595751396011e-05
5.47633024739761e-05,435.837030590958,0,0.00266814270182956,-1,36769.5557390116,0.00266870464769412,-0.00266814270182956,2,1519.50187485575,-1519.50187485575,9.86842908022373e-13
2.11058573124065e-06,6.98248052673042e-05,0,5.09251180156236e-07,-1,5721088998.80757,2.17115381615563e-06,-5.09251180156236e-07,3,0.00146767483404794,-0.00146601293141194,1.6619026359994e-06
0.0192291943696842,0.0616702154157462,1.09781419323892,8944.24668888326,-1,6804063459498.25,8944.24675027378,-8944.24668888326,3,8972.2107862961,-8972.21072490557,6.13905222868662e-05
0.0287375045856679,0.860386884472155,3.96407889609688e-06,11834181578.531,1,36844171329.0636,11834181578.531,11834181578.531,3,11834181578.531,11834181578.531,23668363157.062
0.344001124014134,4.93904823108464,8.00817270799549e-09,57.1058422382296,-1,382542926.73454,57.1068783468235,-57.1058422382296,3,11772.0278815422,-11772.0268454336,0.00103610859386249
1.66388471443975e-06,0.000991107071735857,6.47490232733322e-10,94832.2309353346,1,19673189.6888659,94832.2309353346,94832.2309353346,3,94832.2309353346,94832.2309353346,189664.461870669
0.0321494504777627,524652.07234959,0.000454228736062562,1437496.06980024,-1,18707002.3991335,1437496.06980024,-1437496.06980024,1,1437496.06980024,-1437496.06980024,5.17502598212819e-10
0.148274221904816,1956670.5671833,0.0186955263458306,4.37551959053265e-05,-1,2272095500991.62,0.201694752390404,-4.37551959053265e-05,3,9493034405394.46,-9493034405394.26,0.201650997193579
0.144912049705064,93499.6799245305,4.08727920803816,4873871032.28924,1,1.34813433913688,4873871032.28924,4873871032.28924,3,4873871032.64926,4873871031.75242,9747742064.40168
0.270295910176383,119430.806844102,0,0.00275350642420604,-1,1.00016680246595,0.270309934807634,-0.00275350642420604,2,0.270389697539546,-0.00712105873083626,0.26326863880871
0.000131467516834204,0.00604482347761692,0,58.6536496001339,-1,1.00001525825986,58.6536496002812,-58.6536496001339,1,58.6536496002812,-58.6536496001339,1.47337020802288e-10
0.0238754227524568,0.097484092092042,0.0156114039684423,158561921.283693,-1,15407533255.938,158561921.283693,-158561921.283693,3,246999152.622374,-246999152.622374,5.08393488658006e-11
3.46004198818897e-06,148.749117081473,9.59975077168063e-17,3.2825484229869,1,1.00005474570482,3.28254842298872,3.2825484229869,2,3.35196791966751,-3.35196791966572,1.78581460868056e-12
0.0206768691287554,3431.28567420321,0.000532152062283198,0.000119645788571554,-1,1.09472385400158,0.0309790137732885,-0.000119645788571554,2,0.0431560575146289,-0.030045970128373,0.0131100873862559
2.1345834094556e-05,0.544921622128949,2.23679577350136e-11,0.126121838378605,1,819287723474.143,0.126121840273648,0.126121838378605,3,0.714718500841237,-0.462474822188984,0.252243678652253
6.69678482570161e-06,60.2978983186165,0,6.1502748223618e-05,1,15996672967.9641,6.18662667861856e-05,6.1502748223618e-05,3,14735614.7012159,-14735614.7010926,0.000123369014981011
0.00456676527482491,7149.51861395715,0,13057.3782856646,-1,750.774112412369,13057.3782856654,-13057.3782856646,1,13057.3782856654,-13057.3782856646,7.98603847536632e-10
0.00987510877538453,0.0669311258755457,0.817490142044378,86.5049744949217,-1,8.74467045039772,86.5097000343133,-86.5049744949217,1,86.5097000343133,-86.5049744949217,0.00472553939162861
0.151429768559182,77537.7317905651,0,7080.03074393854,-1,38165.9300699736,7080.03074555795,-7080.03074393854,1,7080.03074555795,-7080.03074393854,1.61941209244726e-06
7.19450155690055e-05,44002.8381160539,0,5844.57738619602,1,12401577.7540115,5844.57738619602,5844.57738619602,3,88667.0654090599,-76977.9106366681,11689.1547723918
0.0756540678077066,27454653.2123459,0,475539732.863159,-1,12862241267.6737,475539732.863159,-475539732.863159,2,1991182481.73173,-1991182481.73173,1.43722085453346e-12
0.524782927410281,33743.0340442327,0.385589521185215,46942453.4348521,-1,1.00016705510884,46942453.4348521,-46942453.4348521,1,46942453.4348521,-46942453.4348521,7.04039301017631e-09
0.000638406742194202,6.17599618088946,4.09962502770871e-07,3.24213993115852e-06,1,7.22980991306486,0.000904177074870414,3.24213993115852e-06,2,0.0939544445722936,-0.0939500938222892,4.3507500044153e-06
1.82282631169057e-06,64.1391930903773,3.40561205972733e-16,17542.9098058208,1,7432076.18938231,17542.9098058208,17542.9098058208,3,17542.9684311591,17542.8511804824,35085.8196116415
0.163905620537822,1048417.70513382,61.9233815701739,3.4492196797026,1,5711070297.72727,8.5934488432448,3.4492196797026,3,45636882000.6288,-45636881988.5861,12.0426685222478
0.376001629759452,73413.3300276704,3.8723499368321e-06,2993311590.81616,-1,15.2814348796433,2993311590.81616,-2993311590.81616,1,2993311590.81616,-2993311590.81616,2.36161678532692e-11
0.00665652371304751,6119.76281258778,0,0.0019474407798309,-1,7.01377244392714,0.00693554853874675,-0.0019474407798309,2,0.485781899898253,-0.485736291583009,4.56083152440058e-05
0.00278334382916395,2136452.21158523,1.21580093085568e-10,1.00310860676203,-1,3289772464.50598,1.00311246831276,-1.00310860676203,2,83584059952594.2,-83584059952594.2,4.63433126832556e-20
0.00260920483706837,704323.821948092,0.0533307387635522,2861.175953735,1,1.00001893001665,2861.17596305592,2861.175953735,2,2896.6033682907,-2896.60335908378,9.20691237573132e-06
0.0105974330093495,224.646920537241,1.35046681567666e-08,3.42211348646956,-1,17631100.1122556,3.42212989720845,-3.42211348646956,3,1886363893.19426,-1886363893.19425,1.33765916239582e-05
0.00465135258151563,1.36544967339927,5.30036503751586e-07,615468148.442469,-1,89218182869350.1,615468148.442469,-615468148.442469,3,67812573595407.1,-67812573595407.1,1.37471064860822e-14
0.325878186660695,31927.6809969197,13.8572485607516,84989856357.1553,1,4835801.4965948,84989856357.1553,84989856357.1553,3,84989856357.1582,84989856357.1523,169979712714.31
0.000178086727750046,144675.957630932,7.67104954903177e-16,138.778237845531,1,1.00000162634164,138.778237845645,138.778237845531,2,139.279720237677,-139.279720237563,1.13853198849468e-10
4.88031923891176e-06,0.00396377381971139,9.84851454014758e-18,335.388785081748,1,1.00466435508996,335.388785081748,335.388785081748,3,335.388785083804,335.388785060381,670.777570144185
5.1190218115883e-05,13.4633463398678,0,53061.0415006193,1,2049.1359016306,53061.0415006193,53061.0415006193,3,53061.0423546436,53061.0406465948,106122.083001238
0.000595765352128932,189639.153877464,5.71554535197243e-12,0.0103778703647037,-1,2554329040047.73,0.0103949572089999,-0.0103778703647037,3,1052364550115552,-1052364550115552,1.70867636502064e-05
1.0348867261203e-05,1.2145859247623e-05,7.56137208239785e-14,822.467155725022,1,113307481.364355,822.467155725022,822.467155725022,3,822.467155725022,822.467155725022,1644.93431145004
0.426465179878976,536.43368229381,1.50357247621081,30690896.535212,1,86964.2408039715,30690896.535212,30690896.535212,3,30690896.5375561,30690896.532868,61381793.070424
4.64602120326875e-06,0.000257715357619736,1.97820447848833e-08,0.000200933634805449,-1,260883534630.816,0.000245311956280231,-0.000200933634805449,3,0.000993375626035929,-0.000948997304561147,4.43783214747821e-05
0.757165652199309,28632.2798605055,4.64215913663699e-07,706.927706918174,1,2878980769058.98,706.928112405269,706.927706918174,3,290625.970150689,-289212.114331365,1413.85581932344
2.81610774732647e-06,1.23635881253914e-05,2.35205903933598e-08,0.309460543534717,-1,50185498.7607115,0.309460581550095,-0.309460543534717,3,0.311366755502497,-0.311366717487118,3.8015378539141e-08
5.05937509838477e-06,446.996298150519,8.23977813623575e-14,115.580992566625,1,1.01709165007673,115.580992566625,115.580992566625,2,167.205131172908,-167.205131172908,7.67909273698149e-14
0.00773738002502216,5398365.49291766,0,898422802.73116,1,7739.26028640856,898422802.73116,898422802.73116,3,898430912.039435,898414693.422818,1796845605.46225
2.48274724931743e-06,2.93408951451353e-05,1.04530762777995e-13,1.34337278521912e-06,1,533.796036790224,2.84134037152162e-06,1.34337278521912e-06,3,0.000104970230231288,-0.000100785696287365,4.18453394392285e-06
1.31981128876511e-05,0.0129985514477949,0,2.31299423294749e-06,1,22404157.7650968,1.33992584166748e-05,2.31299423294749e-06,3,5.37677793379647,-5.37676222154383,1.57122526442664e-05
7.29350416055788e-06,0.568759895270558,2.8884608474131e-12,14386.6062540738,1,1.00254996614094,14386.6062540738,14386.6062540738,3,14386.6062548218,14386.6062435791,28773.2124984009
0.027923088246476,4.26395732930249,1.483073434125e-10,1617099.31972779,-1,5141562692655.93,1617099.31972779,-1617099.31972779,3,37708277872.2145,-37708277872.2145,2.4107879134488e-10
0.000406262552781891,49386.8902869921,0,286.601164303275,1,1.27931262596082,286.601164303563,286.601164303275,2,1236.62752977404,-1236.62752977397,6.67336193878124e-11
0.000136422303447424,0.00947319622154077,1.81746208707133e-10,173.984409430066,-1,1.53716971516568,173.98440943012,-173.984409430066,1,173.98440943012,-173.984409430066,5.4007112327381e-11
0.0233593938091758,8.60643689990346,0.127164792348908,1008738351.29081,-1,566.955238407133,1008738351.29081,-1008738351.29081,1,1008738351.29081,-1008738351.29081,6.33020710794915e-11
6.18554137496604e-06,2.53123248223794,0,0.00795855847999124,1,1.28188579851945,0.00795856088375044,0.00795855847999124,2,0.0345612450295251,-0.0345612444760016,5.53523496840454e-10
1.16533112565079e-06,0.0722804248331435,1.02907078666916e-15,2.3892879759935e-08,1,1.21977761264442,1.166017398198e-06,2.3892879759935e-08,2,2.34443018479562e-06,-2.03404208122242e-06,3.10388103573206e-07
0.494818212063408,83154387.3901319,0,0.0162806087443914,1,10.2068731938188,0.495085973554812,0.0162806087443914,2,106.037201562855,-106.036047032217,0.00115453063793599
0.208228884985876,430854.014723273,38.2970746934412,3870256.66760401,1,590.954248681996,3870256.66760897,3870256.66760401,3,3882247.80059236,3858265.51745247,7740513.31804483
0.0219639205394621,130.580758400884,0,8268.11476375002,1,1.00132408163255,8268.11476377919,8268.11476375002,3,8268.16518529911,8267.13397719715,16535.2991624963
0.00276506479671102,2155.86911410689,4.7904296614879e-09,1740191.53244675,-1,965771946.771659,1740191.53244675,-1740191.53244675,2,4100480.72015848,-4100480.72015848,9.32863032627107e-13
0.761851014116049,1526599.25308954,4.19365480485372e-07,0.000647232744481569,1,33941932.4193215,0.761851564273093,0.000647232744481569,3,1529534201405.23,-1529534201404.47,0.761834968251446
0.00207354073157288,0.00883003349482823,0,317.17625295411,1,3.92417731034138,317.176252960888,317.17625295411,3,317.17625301798,317.176252895069,634.352505913049
0.00023539832787861,49.2162640703148,6.60128902770702e-16,183583.301928542,-1,14265105716925.9,183583.301928542,-183583.301928542,2,61421944960806.2,-61421944960806.2,4.5107960569739e-22
0.119467962807077,398783.595024154,0,282.507695080138,-1,367881969.931982,282.507720340677,-282.507695080138,2,6837378494288.74,-6837378494288.74,1.04371830148024e-15
2.72324804328409e-05,10.2536164748412,1.25626739981196e-12,14699545.3071218,-1,545464065.93666,14699545.3071218,-14699545.3071218,1,14699545.3071218,-14699545.3071218,2.52682733514541e-17
0.0159723072924677,7853911.29771337,0,102825.559918672,-1,770211487.363311,102825.559918673,-102825.559918672,2,1471818353.60044,-1471818353.60044,8.66664692762327e-14
9.4991252792263e-05,0.252553595048496,0,1.13365196398602,1,854.178627359296,1.13365196796578,1.13365196398602,3,1.14771785628052,1.1195860660321,2.26730392231262
2.57977863107652e-05,3.18238213404031,1.66354625412502e-06,0.0142360217451574,1,6770937209747.79,0.0142943529727126,0.0142360217451574,3,177.501553923559,-177.473023548841,0.0285303747178701
0.00215453774868969,24626.7827539915,4.67939019264986e-07,15569.6879456848,1,1.00218001552172,15569.687945685,15569.6879456848,2,17767.3592942266,-17767.3592942265,1.43802234343691e-10
0.00268785638612531,195169.32234635,0,63521.9622248211,1,407661337.463177,63521.9622248212,63521.9622248211,3,213434.933467424,-86391.0090177818,127043.924449642
0.00218328903240614,0.00768806419770927,1.91239612638624e-08,0.0446473595705777,-1,6357079.62275829,0.0447009238336831,-0.0446473595705777,3,0.551938183954248,-0.551884619691149,5.3564263099204e-05
0.544422510708282,877.063511809559,0.000833329667329548,1560.23650679731,-1,28264558598.4218,1560.23660204863,-1560.23650679731,3,4037951287.70617,-4037951287.70608,9.52513229819118e-05
1.27536272256863e-05,4.26170339728098e-05,0,2.6089931555723,-1,1.00000125647347,2.60899315560347,-2.6089931555723,1,2.60899315560347,-2.6089931555723,3.11719881409798e-11
2.13900177915028e-05,0.00110034578500983,1.56138817950472e-09,0.354852216598172,-1,1.00714803767564,0.354852219442907,-0.354852216598172,1,0.354852219442907,-0.354852216598172,2.84473498839547e-09
2.34649406893285e-05,0.0109641960659006,0,1.49850247846434e-07,-1,52314176824.5735,2.34654191663069e-05,-1.49850247846434e-07,3,2.57797996282397,-2.57795664725505,2.33155689184605e-05
2.10935492243233e-05,76.0426530439859,1.55807108054217e-16,101219.128726273,-1,1.00001587835123,101219.128726273,-101219.128726273,1,101219.128726273,-101219.128726273,2.19789470767578e-15
0.0735101839361151,3522299.17748278,0.000458873833610761,54670.5433665883,1,1.50688593222845,54670.5433666419,54670.5433665883,2,379342.590572457,-379342.590572449,7.72734346423526e-09
0.18198419902055,0.515108359406289,1.97278216284552e-09,637.377184406915,-1,1.00905116465922,637.377210387018,-637.377184406915,1,637.377210387018,-637.377184406915,2.59801031486437e-05
0.001084638244389,7.97301517801164,1.12017548939894e-05,3413.00161664516,1,3308534453244.84,3413.00161664698,3413.00161664516,3,3413.00627302991,3412.99696026224,6826.00323329214
1.08766383663248e-06,505.895134911916,8.37474451648653e-09,5.18105266716498,-1,29.5488486226811,5.1810526679733,-5.18105266716498,1,5.1810526679733,-5.18105266716498,8.0832294772231e-10
0.0359094371733296,9.3086621870242,6.68935454118588e-09,9741.90640180339,-1,127034.700181503,9741.90640186958,-9741.90640180339,1,9741.90640186958,-9741.90640180339,6.61828555043783e-08
1.59147339535558e-06,4.12817177708076e-06,1.43556289239806e-14,409814.973374758,1,1.00197423005187,409814.973374758,409814.973374758,3,409814.973374758,409814.973374758,819629.946749515
0.00162963562622153,49.4526837344891,0,2.26061433374149e-06,-1,1.04840502856105,0.00162963719417164,-2.26061433374149e-06,2,0.00195131178247241,-0.00107326855826731,0.000878043224205095
1.89451233519309e-06,0.00131830188956606,0,1.35488177977012e-07,1,53703.9491349601,1.89935095086987e-06,1.35488177977012e-07,3,0.427057653557671,-0.427055618792578,2.03476509298497e-06
0.129550430594584,15376189.8473454,6.50154228325668e-08,0.00164285707461471,1,1.38726077781375,0.129561097795721,0.00164285707461471,2,0.373500293405032,-0.350312846026206,0.0231874473788262
0.0615572008182553,59740491.8475624,0.000463455956018735,0.11518339142783,-1,4308272019.28744,0.132362980434162,-0.11518339142783,3,130626759792955744,-130626759792955744,0.0136607781278715
0.00172482029231426,32520.2743549393,3.17379790284517e-08,0.00483703385413639,-1,1513975697.24237,0.0051384471901411,-0.00483703385413639,3,1756581884059.41,-1756581884059.41,0.00030103015797832
1.36637516539033e-05,0.936418023876293,0,6.94546395355662e-08,-1,402602755251.112,1.36639281762786e-05,-6.94546395355662e-08,3,32251.2936324889,-32251.2936188945,1.35944735367429e-05
0.585304941304843,2.06226329317865,0,0.0113475763445399,-1,27189.1718320681,0.585414931313475,-0.0113475763445399,3,3.99124178941026,-3.41717443674489,0.574067352665369
2.54681943850106e-05,0.00919114250920904,6.33690574037652e-14,1.54635705478068e-05,-1,5036787200.35408,2.97962129871749e-05,-1.54635705478068e-05,3,2.94702482357897,-2.94701049093653,1.4332642439368e-05
0.00213994789955023,7.5394294695622,0,2.46083634527431,-1,63.3932983378554,2.46083727572549,-2.46083634527431,1,2.46083727572549,-2.46083634527431,9.30451176861903e-07
8.15098615726151e-05,0.122929826989284,4.66459139438297e-08,6.99649372758524e-08,1,1.06738350327838,0.00023084578482725,6.99649372758524e-08,2,0.000295218649634716,-0.000184022497577685,0.000111196152057032
3.01743055223271e-06,8.69274995141534e-05,2.38285686131166e-09,3.31626326783914,-1,1.00016496457441,3.31626326819979,-3.31626326783914,1,3.31626326819979,-3.31626326783914,3.60641112470804e-10
0.106882990580829,76323.2732830173,1.40231584076773,1498.68783603795,1,134.181096079753,1498.68830769707,1498.68783603795,3,982118.506812498,-979148.36433381,2970.14247868867
0.00544624178234426,1.6951010931651,9.88694347723774e-13,81.3458472940825,-1,428552975.110942,81.3458474764,-81.3458472940825,3,7881045.91260231,-7881045.91260213,1.82296090386672e-07
2.63743684221185e-05,0.0788583228206212,1.52236386955628e-06,0.000230256465184387,1,9685756643.88814,0.00125541925930151,0.000230256465184387,3,2.09411938680709,-2.0926337110826,0.0014856757244859
0.618975120745145,5956854.97698505,1817.40605421563,253790.39019054,-1,183555870.046887,253790.39377182,-253790.39019054,2,241326433080730,-241326433080730,3.7662454982866e-12
0.129125320631195,15120101.0102291,0,5.26516653154179,-1,49067813.23535,5.26674965735945,-5.26516653154179,2,7623226686049.06,-7623226686049.06,1.09358865443567e-15
0.032224776216049,21.3474526674973,0,797401114.428433,-1,11381263119.2325,797401114.428433,-797401114.428433,1,797401114.428433,-797401114.428433,6.51137917532742e-13
2.18733735638748e-06,0.0181227971688912,0,4.94285273710315e-09,1,2.59754449632924,2.18734294120546e-06,4.94285273710315e-09,2,2.73912615331365e-05,-2.73037866177209e-05,8.74749154155951e-08
1.30049266711326e-06,5.72184825314887e-05,2.20368299297785e-14,9.49087853563118e-09,-1,540166379018.818,1.30897214787807e-06,-9.49087853563118e-09,3,0.00126037423889269,-0.00125907475762335,1.29948126934244e-06
0.000875241008853589,0.000967041563756414,7.49341879024938e-14,465810689.227016,1,629400069.130648,465810689.227016,465810689.227016,3,465810689.227016,465810689.227016,931621378.454033
0.0335954589729621,4114831.7761986,1.67233390951319e-07,2.33517126033858e-05,1,10162065969.2641,0.0335979559243923,2.33517126033858e-05,3,251811362529979,-251811362529979,0.0336200884191593
0.391230873841552,14972.0333897276,1.05366323549884e-06,29.8287956472428,1,538359965.145835,29.8313612229694,29.8287956472428,3,1878685.4989764,-1878625.83881953,59.660156870209
3.7145903231343e-05,0.000129368372268335,0,0.947217292801823,-1,496302.121669633,0.947217293530177,-0.947217292801823,3,11.8490608309682,-11.849060830262,7.0622372450466e-10
0.019348179552922,0.115083281148278,2.53593052084631e-11,2388350291.02862,-1,292322894.79005,2388350291.02862,-2388350291.02862,1,2388350291.02862,-2388350291.02862,7.8370429743408e-14
0.724398645356642,2786685.3219496,0.000729316575380293,1.06844345096199,-1,593.743004548929,1.29114450077188,-1.06844345096199,2,157017.715958042,-157017.715956368,1.67332300933844e-06
0.000216600460864252,7544.16862022069,0,8231379.72824681,-1,1.01317953782822,8231379.72824681,-8231379.72824681,1,8231379.72824681,-8231379.72824681,2.84981140437553e-15
0.0020505665233077,33.8429303026614,3.99605313996281e-13,107.362976720188,1,1.000054764233,107.36297673977,107.362976720188,3,107.419633047333,101.949171809059,209.368804856392
2.7318821525624e-05,16204.9287611436,6.74221897988145e-08,1.20070519517311e-08,1,1.00000884132895,0.000261090995540889,1.20070519517311e-08,2,0.000261100330129453,-2.20784631392306e-06,0.00025889248381553
0.000306654330825156,0.228004272353712,2.84323187182736e-12,0.00112596051044706,-1,33541358270.4788,0.00116697334713861,-0.00112596051044706,3,633.776569606899,-633.776528594062,4.10128366915537e-05
1.93247015368531e-05,0.000592327901580396,0,165.585106039232,1,77.2843307427345,165.585106039233,165.585106039232,3,165.585106039762,165.585106038702,331.170212078464
0.0894306866270968,63419014.8744372,0.00275747631643333,2.24898647716457,-1,1.30808280859203,2.25137635647533,-2.24898647716457,1,2.25137635647533,-2.24898647716457,0.00238987931075957
0.0457064876739185,8299.41178734282,0,7518277.41479872,-1,969018936.856432,7518277.41479872,-7518277.41479872,2,260916701.844597,-260916701.844597,4.00335241231573e-12
0.00334384311792851,6.86512816544094,0.000963233705971315,0.284044309138262,-1,86558004.9611975,0.285754412995847,-0.284044309138262,3,13780.1428557649,-13780.141145661,0.00171010385666556
0.0334675728061574,36359.3414043938,0.00213153652973578,2312578.70323963,1,36086352148.1447,2312578.70323963,2312578.70323963,3,2312721.6174792,2312435.78900005,4625157.40647925
0.907096557499857,31.978480668682,714.897817812564,11552.5914137802,1,9.22320293451629,11552.6223903662,11552.5914137802,3,11552.6444368992,11552.5692365108,23105.21367341
0.679722982740321,2542.89381541282,0,0.00248617047524379,1,1.00030759244316,0.67972752946238,0.00248617047524379,2,0.680687350291159,-0.0362206513055869,0.644466698985572
8.02465576105385e-06,3102.1878474313,0,6.83057757088643e-05,-1,1.00363269634951,6.87755341329538e-05,-6.83057757088643e-05,1,6.87755341329538e-05,-6.83057757088643e-05,4.69758424089484e-07
0.000328417688426774,279054.410300856,2.49679987349265e-12,40.365290092936,-1,73613.8856137403,40.365290094272,-40.365290092936,1,40.365290094272,-40.365290092936,1.33605722418121e-09
9.83868211250074e-05,29759.2019925866,1.41398697552601e-09,0.270408464122316,1,8599767.34772126,0.27040848463564,0.270408464122316,3,818779043.814788,-818779043.273976,0.540811413175577
7.06828676244022e-05,0.0346355862178835,0,489.909735902412,-1,1.12548847266028,489.909735902417,-489.909735902412,1,489.909735902417,-489.909735902412,5.09896763574824e-12
0.00868107513443732,0.0102655141447816,2.71379255231456e-12,0.00732236913147221,1,24366756290898,0.0113568551061056,0.00732236913147221,3,0.0121604140437025,0.0065188101938753,0.0186792242375778
8.81913635828302e-06,3835.25977294902,1.89748220689607e-18,4.4340190633792,-1,198780.948257797,4.43401906338797,-4.4340190633792,1,4.43401906338797,-4.4340190633792,8.77050446690233e-12
0.0735954758914458,4.27871639463521,1.54221849021318e-07,1241675.20946495,-1,738482.806379544,1241675.20946496,-1241675.20946495,1,1241675.20946496,-1241675.20946495,2.18110511196861e-09
0.0199133197725682,3827694.36828766,0.000671137857838713,1.15702094869886e-05,-1,1.1381390227329,0.0326753469158786,-1.15702094869886e-05,2,0.0519630428818294,-0.0404039560357098,0.0115590868461196
0.0432266344483365,321.701740575471,5.91633170690943e-07,310246033.773732,-1,141625220.440125,310246033.773732,-310246033.773732,1,310246033.773732,-310246033.773732,3.01234078025957e-12
0.162016807126057,21277626.0831036,4.42786011067501e-07,825382881.960716,-1,245637.515797335,825382881.960716,-825382881.960716,1,825382881.960716,-825382881.960716,1.59016434378769e-11
2.80543513204117e-06,0.0137955037980874,0,644.705613661814,-1,15366647820621,644.705613661814,-644.705613661814,3,15674874787.0337,-15674874787.0337,6.07073190787065e-15
3.44945809764619e-05,8.12940947649779,0,6.23310732530397e-05,-1,386542499573.389,7.12393066334695e-05,-6.23310732530397e-05,3,3709338.07043766,-3709338.07042875,8.90823338041737e-06
0.00158163332378314,102535.247804264,0,1.48178484154636e-06,-1,1.06884062725449,0.00158163401790288,-1.48178484154636e-06,2,0.00203095215561648,-0.00127404971939949,0.000756902436216986
0.000344880431101379,0.000491670294998562,1.60357695574042e-08,1.8581792481848e-06,-1,1281.30605299419,0.000367398603895273,-1.8581792481848e-06,3,0.00053536523128075,-0.000169824857788586,0.000365540373492163
1.69973478884085e-05,0.000120742469523012,8.49679548700454e-16,6.57497524599776e-09,-1,1.20197612399367,1.69973741545403e-05,-6.57497524599776e-09,2,3.21058821073167e-05,-2.72374187648129e-05,4.86846334250375e-06
0.0184811507005301,1449.51269216574,2.14446359696765e-05,38685.1426645659,-1,13.6024277112023,38685.1426645706,-38685.1426645659,1,38685.1426645706,-38685.1426645659,4.6916922387086e-09
0.0013242157539589,4566.94789514171,0,0.0545281617946113,-1,1.54140848093756,0.0545442387064146,-0.0545281617946113,1,0.0545442387064146,-0.0545281617946113,1.60769118033342e-05
0.0626097020581457,1074.2153508938,2.18928211314363e-05,2.13322926350448e-05,-1,24045554.4980346,0.062784297941507,-2.13322926350448e-05,3,9192831.77816093,-9192831.71539797,0.0627629576991906
0.00223700405811634,118.582822705723,0.0204479184051907,841.294816629139,-1,1.07759633680392,841.29482878476,-841.294816629139,1,841.29482878476,-841.294816629139,1.21556213352992e-05
0.329841571590119,200350976.07966,8.41926462039037e-06,47221720017.053,1,3637871412.19795,47221720017.053,47221720017.053,3,47221932527.9145,47221507506.1914,94443440034.1059
3.95481732943448e-06,4.04824500243149e-05,0,0.00140768029213326,-1,77478214398698.7,0.00140768584756703,-0.00140768029213326,3,0.147497824705602,-0.147497819150168,5.55543376353182e-09
0.000538849573153989,1.43440194311311,8.7625744617687e-07,0.00300285060428053,-1,4343329.28256443,0.00319119539675857,-0.00300285060428053,3,5462.0873786204,-5462.08719027575,0.000188344647706598
0.00958813370645213,69382.2396831889,0.450422931372397,2923.37427230835,-1,4563535074.94011,2923.37434936227,-2923.37427230835,3,31547284270923.3,-31547284270923.3,7.62965068968362e-05
0.675788138726632,60275.9769018845,2.25912306663158e-05,0.891464160263553,-1,5.74680339683607,1.11866909705626,-0.891464160263553,2,14.7868740121885,-14.7714227768574,0.0154512353311077
0.0499768255484968,0.43778779655093,0,601488.61108015,1,179221.50243961,601488.611080152,601488.61108015,3,601488.611080231,601488.611080071,1202977.2221603
0.000533806886143084,11619.7598153871,1.14664554309649e-07,4.50048236775094,-1,1.0000087131162,4.50048241214778,-4.50048236775094,1,4.50048241214778,-4.50048236775094,4.43968347588536e-08
0.00247317674980368,2.89359053426778,0.000589184292961993,2868814.36103075,1,26884.0663905716,2868814.36103075,2868814.36103075,3,2868814.36103148,2868814.36103002,5737628.72206151
0.0862795775949632,1580560.54374395,0.000721780235539196,14.4953896942905,1,116976667.674839,14.4956713654487,14.4953896942905,3,43085207605.7998,-43085207576.8087,28.9910594853949
9.72126150522345e-06,124.218760359415,2.55157433668545e-18,1.60809396273879e-05,-1,2716.8613612397,1.87909432201848e-05,-1.60809396273879e-05,2,40.0068895858653,-40.0068895858641,1.1810831682089e-12
0.000654445787954941,0.00846127974824172,0,8967266.91240686,1,1.23289968718134,8967266.91240686,8967266.91240686,3,8967266.91240686,8967266.91240686,17934533.8248137
0.170452355732995,19000.0042065214,0,1292.08239458921,1,1.0153393024074,1292.0824058323,1292.08239458921,2,1833.29540063621,-1833.29539271223,7.92398367105334e-06
0.00276806443744835,327749.500906625,0,0.0657738476957012,-1,1.37985735035718,0.0658320683362384,-0.0657738476957012,1,0.0658320683362384,-0.0657738476957012,5.82206405372132e-05
0.00810482755190785,16.5472340508377,1.21455836118256e-05,22927677.7820477,1,49598011033593,22927677.7820477,22927677.7820477,3,22927677.7820506,22927677.7820447,45855355.5640953
2.27635087126772e-06,395.760522481587,0,2134.24987263417,1,1.03470446861649,2134.24987263417,2134.24987263417,3,2141.78635411968,2104.9043673142,4246.69072143388
2.63689381491577e-06,3.13712147413827,6.89382034086877e-09,682.020618452162,1,147413008292.884,682.020618452167,682.020618452162,3,682.024225942497,682.017010961832,1364.04123690433
1.21276829065707e-06,169.361351502455,2.10768485520775e-15,1196.71148373371,-1,24704775312819.6,1196.71148373371,-1196.71148373371,2,751190226274.525,-751190226274.525,9.80387230930366e-25
0.000228010094768949,0.00615926070015934,0,4729.56290002719,-1,614.731070001192,4729.56290002719,-4729.56290002719,1,4729.56290002719,-4729.56290002719,5.49613192756631e-12
7.75801929693486e-06,0.0478130752447531,2.08807768274605e-09,1293.0382616173,1,46026.1644236949,1293.03826161731,1293.0382616173,3,1293.03826205931,1293.03826117531,2586.07652323461
0.983155005302482,483159129.440075,9.29210163524898e-08,0.000517737236442066,-1,2.23591094606586,0.983155188881281,-0.000517737236442066,2,8.84238582471216,-8.78755900211761,0.0548268225945523
0.000234470494887876,194268.927866415,9.78568772737922e-06,59.6839077185777,-1,23391814.5332343,59.6839078010176,-59.6839077185777,2,90218371.3843736,-90218371.3843736,5.45380280609713e-14
0.000188133161902688,0.000391486813145819,5.36835936796098e-07,5.80819254660283e-06,-1,77932.3569121233,0.000756481168638228,-5.80819254660283e-06,3,0.000834989282034247,-8.43163059490844e-05,0.000750672976085162
0.154003333918136,51147655.4636943,0,0.000107750614609337,-1,2331.29315355359,0.154003371612753,-0.000107750614609337,2,1672823.01391745,-1672823.01391745,7.08892293463846e-09
4.91928648115862e-06,0.00137138263518473,4.90395784941259e-18,0.0527421004471401,-1,558.920128138216,0.0527421006765525,-0.0527421004471401,1,0.0527421006765525,-0.0527421004471401,2.29412406122232e-10
8.63079950221429e-05,0.051808021953407,4.43447330436209e-16,0.0403650646013136,1,95586779530338.3,0.0403651568724645,0.0403650646013136,3,0.0569888180036711,0.0237414034701069,0.080730221473778
3.70967576918247e-06,0.424988789715914,1.80662597750153e-14,0.00037240572590219,1,19652596591.496,0.00037242422644789,0.00037240572590219,3,121.246484238446,-121.245739408494,0.000744829952350079
1.37955970748176e-05,0.0139673631517652,0,950.375424454726,-1,25416018705726.2,950.375424454726,-950.375424454726,3,974195939.200952,-974195939.200952,1.00127307845946e-13
0.0615372989371168,128695.588548117,0,1242747797.89938,1,1.00000334847651,1242747797.89938,1242747797.89938,3,1242747797.91658,1242747791.2529,2485495589.16947
1.32131438269167e-06,1.92473844481602e-05,0,0.0066695589723425,-1,1.00126731509928,0.00666955910322609,-0.0066695589723425,1,0.00666955910322609,-0.0066695589723425,1.30883592754573e-10
0.00581472366712309,170.127449012521,0.0123876400285743,8.00623498143509e-07,1,14733.4109990487,0.11145156365229,8.00623498143509e-07,3,130196.714154278,-130196.603001805,0.111152473539861
3.04119116410241e-05,3.57569183367944,0,0.645082094104524,-1,1.00058928188687,0.645082094821398,-0.645082094104524,1,0.645082094821398,-0.645082094104524,7.16873385263805e-10
0.00128760781189365,0.847375492469151,0.0131580187537493,259914.744823838,-1,1.00002024714969,259914.744823864,-259914.744823838,1,259914.744823864,-259914.744823838,2.53153715779863e-08
0.550559834963529,262.33769838026,2.19476582088044e-08,3468164.89661135,1,41448653426.8681,3468164.89661139,3468164.89661135,3,3468164.90157229,3468164.89165046,6936329.79322274
0.000768423391388374,16.1551519631551,0,9.3868424884258e-06,-1,23492475821864.7,0.000768480722754132,-9.3868424884258e-06,3,171908.206819889,-171908.206060795,0.000759093880265706
0.000406142071919298,64.7159429292152,6.07808959576875e-11,8.44374808457673,1,809.112934767985,8.44374809434799,8.44374808457673,3,132.446001390854,-115.558599918866,16.8874014719877
0.000877962624911166,0.0536628229062153,1.75676661681583e-12,67628.5235430709,1,1.05018528531876,67628.5235430709,67628.5235430709,3,67628.5235430759,67628.5235430546,135257.047086131
0.0102019810873235,11.0672644261285,1.47694016047665e-05,1783.67992941406,-1,94560811.3923039,1783.67992944737,-1783.67992941406,2,595804778.310799,-595804778.310799,9.97388943806654e-14
5.22528426716254e-06,3042.19634850528,0,3.52847213460992e-07,-1,2853.89014666379,5.23718405526325e-06,-3.52847213460992e-07,2,79.5628039104718,-79.5628039104717,1.71585177562243e-13
0.0887650250896547,5898.77108531456,9.12922156802731e-11,2320291.7916536,1,91225719089.4059,2320291.7916536,2320291.7916536,3,2320295.54069719,2320288.04261,4640583.5833072
0.00338638340161284,186117.698696534,0.00128391604217517,153828.933665143,-1,8099503088819.49,153828.933665147,-153828.933665143,2,552429837359342144,-552429837359342144,1.17244177189082e-21
0.0513064192395149,32646868.3069037,2.45203377104683e-08,1132.92513044051,-1,21293.9229039109,1132.92513160227,-1132.92513044051,1,1132.92513160227,-1132.92513044051,1.16175954766992e-06
4.90236480617552e-05,14300.2023615874,3.71999751953007e-13,0.0710398065797528,1,1.84317280682642,0.0710398234976605,0.0710398065797528,2,0.817114454292564,-0.817114452821724,1.47084050378182e-09
0.780982151179364,1.086013319197,0,591.705507801806,1,1.00006018902882,591.706023204187,591.705507801806,3,591.706028426553,591.705031794893,1183.41106022145
0.0338521367801517,1383804.86648552,5.50220718095522e-07,40165.8916142673,1,49952795475.3355,40165.8916142815,40165.8916142673,3,11958959.6214942,-11878627.8382656,80331.7832285488
0.000668605270376715,2.75733231850129,1.13128105570827e-11,7.26975261577697e-06,1,19131834045.9969,0.000668653250713082,7.26975261577697e-06,3,5624.07399518253,-5624.07331925953,0.000675923003328851
0.0842243586437211,156.055842829033,8.91026651841972e-06,40143783.2546503,-1,47124731.3046482,40143783.2546503,-40143783.2546503,1,40143783.2546503,-40143783.2546503,8.8465165457989e-11
0.27067024994875,192343561.105727,18.1233273403853,4864.18758843082,-1,96955887.8582691,4864.18945889592,-4864.18758843082,2,35166405522568.6,-35166405522568.6,2.58721206421206e-13
0.0010007586314284,856.185068116296,1.00332603175761e-10,1.41094843650389e-05,1,23.2831086775972,0.00100090821184096,1.41094843650389e-05,2,1.09947355600536,-1.09947310050628,4.55499076348927e-07
0.0228448414376471,11842.0441801539,0,26571909.9022919,1,1.04577774531435,26571909.9022919,26571909.9022919,3,26571910.4996625,26571907.8608982,53143818.3605606
0.13138883624745,1.21382964516956,2.21738399078309e-06,19.4357091871855,1,4605.75778263637,19.4361533450558,19.4357091871855,3,19.4548830800003,19.4169794517995,38.8718625317998
0.000501714893872831,0.558001443421338,0,5.92522554174994e-07,-1,1.00006144225487,0.000501715243755662,-5.92522554174994e-07,2,0.000501825415983939,-1.05315427942493e-05,0.000491293873189689
0.00160085985500977,0.854855193033114,2.76574242771377e-09,0.00140537982256382,-1,2.47217030315426,0.00213087082280441,-0.00140537982256382,2,0.00820510327845923,-0.00804724808815863,0.000157855190300597
8.75747142894864e-05,0.000251437330160095,0,65.5811708406407,-1,477734.579534706,65.5811708406992,-65.5811708406407,1,65.5811708406992,-65.5811708406407,5.84720468129327e-11
0.0542767516211618,13441829.3559534,4.76677179073358e-05,91004053.4680021,-1,2210.81883071477,91004053.4680021,-91004053.4680021,1,91004053.4680021,-91004053.4680021,1.64478029844309e-11
0.098148988521674,3763.86315687452,0.0201648974221693,165.709450860937,-1,1.00041660060515,165.709540771661,-165.709450860937,1,165.709540771661,-165.709450860937,8.9910723652887e-05
0.00642385707400637,1.03354158777487,0.00484736451044295,31.5290461414018,1,1870098983.65359,31.5291236671287,31.5290461414018,3,31.5375933622607,31.5205764462698,63.0581698085305
8.25950585180639e-06,8.03532240361715e-05,1.72618147896528e-16,6.03937281432787e-08,-1,21151247.2187367,8.25973709851415e-06,-6.03937281432787e-08,3,0.000397828809127908,-0.000389629465757538,8.19934337037043e-06
0.000385729455854946,0.000763300802329795,3.27295239193369e-09,406003.147186237,-1,2489581754.39928,406003.147186237,-406003.147186237,2,2321340.47427797,-2321340.47427797,3.27526632114109e-14
4.00758719149986e-06,0.0351699641544497,0,6.75975280153566e-07,1,32.1087781618243,4.06419705192212e-06,6.75975280153566e-07,2,0.00976924506355357,-0.00976924424154759,8.22005982483025e-10
2.01506725981936e-06,0.516226995461894,6.74407966451004e-10,0.276246366661449,-1,6398801.06158792,0.276246367889463,-0.276246366661449,2,100561.167255996,-100561.167255996,3.37341182996333e-15
1.37184909753567e-06,0.0218618177932479,8.70058737057504e-13,0.00565122592162962,-1,53646859.0089886,0.00565122616511914,-0.00565122592162962,2,1401518.63241406,-1401518.63241406,9.8180238914365e-19
0.965092719072431,12858219.9860223,85.0726107950302,0.000327080456641428,-1,209011.801120758,9.273834959628,-0.000327080456641428,2,810243687903.243,-810243687903.243,5.30729310425107e-11
0.00251460651306431,2044063.35264991,4.6421010104815e-06,4418053.08038775,1,1.05726985175857,4418053.08038775,4418053.08038775,3,4537290.61748831,4050779.08036233,8588069.69785064
0.00655797977602375,0.32322278852396,0.124195897357936,1038470661.39399,-1,737224.500273419,1038470661.39399,-1038470661.39399,1,1038470661.39399,-1038470661.39399,5.98182062697404e-11
0.118350184412226,40.7098189902733,74.4754852610528,237.355459930012,-1,1.00124656572331,237.512323576303,-237.355459930012,1,237.512323576303,-237.355459930012,0.156863646291584
0.00103836183615424,111032.062140047,0,330316.940129482,-1,120309011.94069,330316.940129482,-330316.940129482,1,330316.940129482,-330316.940129482,1.63206177430525e-12
0.000684850611755618,0.363703740768888,1.18339605145408e-11,9295188.15590301,-1,1.00036039317901,9295188.15590301,-9295188.15590301,1,9295188.15590301,-9295188.15590301,2.52298386281022e-14
0.376901931009342,226432.116032437,0.0536068415514985,27992737037.0377,-1,5783374.33152274,27992737037.0377,-27992737037.0377,1,27992737037.0377,-27992737037.0377,3.4948691671555e-12
8.96755827822533e-06,0.0419253898793691,2.94314509547329e-16,4.05476163990224e-07,-1,2287297106121.71,8.97673697439339e-06,-4.05476163990224e-07,3,102.53674627836,-102.536737707099,8.57126081040316e-06
0.00903755980759829,43313.759528387,0.0127850184518153,0.349760936242121,1,7.63445222536621,0.367694721827845,0.349760936242121,2,82.9146374053131,-82.9145598152617,7.7590051418851e-05
0.000600973808342257,2.97873881472014,4.25966626217156e-06,3623.04889102662,1,1.00163562168284,3623.04889102726,3623.04889102662,3,3623.04895719688,3623.04773269084,7246.09668988772
0.000727102744377041,0.00697473181174058,0.0001635589550877,718999.061111353,-1,2977894728.45309,718999.061111353,-718999.061111353,3,929940.303470846,-929940.303470846,1.14096484549268e-10
0.0016659302340177,1522466.63234877,0.000136870413407787,0.000894018943110705,1,666640.163509886,0.0118509496169312,0.000894018943110705,2,11327960208.4182,-11327960208.4182,6.16376357186642e-15
3.38477888121892e-05,449.678851557682,2.66281629337885e-12,6.24067217221835e-07,1,1.01090245805512,3.38928470869526e-05,6.24067217221835e-07,2,3.55657878485606e-05,-1.07976683372329e-05,2.47681195113277e-05
5.92266136510911e-05,3429.18762630738,8.74884474198795e-17,1.1009317478042e-05,1,106261.009438867,6.02411563915931e-05,1.1009317478042e-05,2,1609035.50432675,-1609035.50432675,1.09002935069845e-15
5.29777629828373e-06,0.000345520760240331,2.56408613575031e-12,70694.5126394707,-1,1.00015208229077,70694.5126394707,-70694.5126394707,1,70694.5126394707,-70694.5126394707,2.16640009944034e-16
0.00106687313410609,0.673429622700462,1.68311422109582e-14,9930.69341160215,-1,1.00000999387371,9930.69341160221,-9930.69341160215,1,9930.69341160221,-9930.69341160215,5.73080979309406e-11
4.10512637146353e-06,0.258779646629483,0,2.04849400523126e-05,-1,51839.6328724038,2.08922194003539e-05,-2.04849400523126e-05,2,2189.00230471949,-2189.00230471949,3.84925646020386e-15
0.00175927252485562,0.00209603561196542,0,0.000579974002704243,-1,1.00002973338148,0.00185240645122086,-0.000579974002704243,1,0.00185240645122086,-0.000579974002704243,0.00127243244851661
0.000420529914759167,674.171218257876,5.24505837596297e-14,8.14753816176707e-07,-1,999.206007828305,0.000420530766391374,-8.14753816176707e-07,2,838.099129718837,-838.099129718731,1.05503904840752e-10
2.81109392708035e-05,0.0270350735714824,0,56651.0596812633,1,530.404664103153,56651.0596812633,56651.0596812633,3,56651.0596812666,56651.0596812601,113302.119362527
0.00019943189853261,143912.60653719,8.60623793119814e-11,117724209.248994,-1,2077973744598.22,117724209.248994,-117724209.248994,2,1461982934.97119,-1461982934.97119,1.3631877492612e-17
6.05543961372058e-05,0.16142379675283,1.13264683252357e-05,0.000276767964388404,-1,1.00005751832417,0.00337738592201704,-0.000276767964388404,1,0.00337738592201704,-0.000276767964388404,0.00310061795762864
0.0797434378632736,122116.022829669,0,50048397698.3104,-1,1.00025121158977,50048397698.3104,-50048397698.3104,1,50048397698.3104,-50048397698.3104,6.35286659983169e-14
1.92799928695503e-05,4.92481158720011,0,7.7746544050614e-09,1,31762708909567.6,1.92799944371144e-05,7.7746544050614e-09,3,628734.434104577,-628734.434085289,1.92877690915195e-05
0.00433438615991552,2.3599141581671,7.55676478382241e-12,4.48585869642099e-07,1,1.05339693142628,0.00433438705485116,4.48585869642099e-07,2,0.00528518855767783,-0.00302428622160282,0.00226090233607502
0.00158770620650647,1922.79610234288,1.24454050397853e-06,12160367.8753986,1,1.02358893009213,12160367.8753986,12160367.8753986,3,12160367.9021384,12160367.7501223,24320735.6522607
0.000103767953568599,0.61966655521664,0,6320933.17876439,-1,1970819758244.63,6320933.17876439,-6320933.17876439,2,6616664588.09864,-6616664588.09864,8.13687020434956e-19
0.000113838013767001,567.723306187917,1.91393428487185e-07,0.0314289663476359,-1,25.4766685972472,0.0314322172015067,-0.0314289663476359,1,0.0314322172015067,-0.0314289663476359,3.25085387082867e-06
4.56660238747746e-05,0.657209453108603,5.3464850110254e-14,9.14899498839576e-06,-1,8361322.4859555,4.65740626387616e-05,-9.14899498839576e-06,3,5770.52721710005,-5770.52717967502,3.74250263802634e-05
0.50373576450304,8883.20215766819,0,102658891.967073,-1,1963097.44418841,102658891.967073,-102658891.967073,1,102658891.967073,-102658891.967073,1.2358876838494e-09
0.000301349897179437,9007.84132678353,0,13675189.6741314,-1,1.01377116885662,13675189.6741314,-13675189.6741314,1,13675189.6741314,-13675189.6741314,3.32031082178849e-15
0.000795197240910634,341293.436991872,0,2.19144972764197,-1,148764921597.564,2.19144987191601,-2.19144972764197,2,6385858306173677,-6385858306173677,4.95108583399476e-23
1.32832474260609e-06,0.0266990115118846,3.91427751474421e-19,32926.6381432796,1,1.01698838314553,32926.6381432796,32926.6381432796,3,32926.6381432813,32926.6381432704,65853.2762865517
1.59175849152401e-06,0.0145516072736471,2.79202222540246e-10,31884.6862884924,-1,6381510.09936939,31884.6862884924,-31884.6862884924,1,31884.6862884924,-31884.6862884924,4.41804437224881e-15
0.955009409901151,11.0003385898995,0,12299259.7898816,1,1468.62772703596,12299259.7898816,12299259.7898816,3,12299259.789884,12299259.7898791,24598519.5797632
6.08980888172618e-06,0.199646314909191,1.76125905522172e-09,2772.99060206852,-1,1.00000349689528,2772.99060206852,-2772.99060206852,1,2772.99060206852,-2772.99060206852,3.24260894735126e-13
0.0609188933338377,9856988.46406894,0,1.68544624848623e-05,-1,1.00009734783183,0.0609188956654042,-1.68544624848623e-05,2,0.0609421477003673,-0.00168338982826131,0.059258757872106
0.0736580396651123,19.8168097662885,3.15185410191156e-08,67954607479.87,-1,126692.443333232,67954607479.87,-67954607479.87,1,67954607479.87,-67954607479.87,3.99203124486847e-14
0.00926470101194806,0.0128275132148518,0.131314301891287,4.42243860290125e-05,-1,416.586985002437,0.362491570290847,-4.42243860290125e-05,3,0.362600152146144,-0.000152806554163273,0.362447345591981
0.000999491380196986,3.04463434897419,7.01512602949267e-06,0.00187690084397031,1,1056268969299.46,0.00339659621189761,0.00187690084397031,3,878.90758690535,-878.902313408294,0.00527349705586793
0.0069533250950965,4296.87023689345,4.59313556039501e-08,3563.58630868181,1,10972194627442.5,3563.5863086886,3563.58630868181,3,4858.84705399832,2268.32556337209,7127.17261737041
0.00205273425128256,7.08622189073519,0,0.0402399226988776,1,579277240.119133,0.0402922461116036,0.0402399226988776,3,311.807237137342,-311.726704968531,0.0805321688104807
1.74181413808976e-05,7.93142739884232,1.60189005124002e-10,274.515646218705,-1,53149001.4014023,274.515646218706,-274.515646218705,2,4770.32996042839,-4770.32996042839,4.85899988192124e-14
2.04183738966259e-06,0.00347919038297229,6.8840894161459e-20,848547.822824898,1,1.00018264088117,848547.822824898,848547.822824898,3,848547.822824898,848547.822824898,1697095.6456498
1.62570879164272e-06,99.4433570540135,5.14786132131122e-13,1131.67368055483,1,2154.58461435342,1131.67368055483,1131.67368055483,3,1133.85827247841,1129.48908839596,2263.34736087437
1.27053076798444e-06,4.38747472958976e-05,2.15349597803999e-12,5.58148136797382,1,224447.99695692,5.58148136797416,5.58148136797382,3,5.58148136806031,5.58148136788767,11.162962735948
3.16135115229809e-06,6.2056367969669e-05,5.28221503534786e-14,1896261.8423943,1,56786797.6940203,1896261.8423943,1896261.8423943,3,1896261.8423943,1896261.8423943,3792523.6847886
4.83817058966195e-05,0.0319023869542832,8.22201045238679e-17,0.053842419201873,1,11226937.3623634,0.0538424409392792,0.053842419201873,3,0.0585680818105088,0.0491167783306434,0.107684860141152
0.872816003799676,557822124.986316,1.34321134076145e-06,47307441.7515209,1,93531993.8364637,47307441.7515209,47307441.7515209,3,1691686801.54984,-1597071918.0468,94614883.5030417
0.0541312617359738,6213504.24980765,0.0248157532913468,41699083928.8445,-1,1535940.20643196,41699083928.8445,-41699083928.8445,1,41699083928.8445,-41699083928.8445,3.32692521924716e-13
0.000232380505828897,0.0209494246746727,0,1.83648776152909e-05,-1,20184402388116.9,0.000233105058330184,-1.83648776152909e-05,3,1.02198970421785,-1.02177496403713,0.000214740180714893
0.000120077778887202,24.5649574359851,1.25654748869933e-15,63.3760780279803,-1,1.55923591182541,63.3760780280941,-63.3760780279803,1,63.3760780280941,-63.3760780279803,1.13754863725177e-10
0.77443840331862,7968253.36970519,4.93693291926026e-05,14.3238906354865,1,1.00000152375755,14.3448125518335,14.3238906354865,2,14.3949108934082,-14.3740618970177,0.0208489963904271
1.43748667549256e-05,3563.19929005283,0,645.139899113527,-1,12095319771945.5,645.139899113527,-645.139899113527,2,46858508693489.6,-46858508693489.6,2.2049015214453e-24
0.000104705314531893,378.919429593031,1.30567229133269e-07,0.442689978196979,-1,1.01112756722464,0.442690138049713,-0.442689978196979,1,0.442690138049713,-0.442689978196979,1.5985273378904e-07
0.0586103223989293,2.34727332418813,0,0.00493021723196901,-1,4672510497.58086,0.0588173183140887,-0.00493021723196901,3,51.1494937323448,-51.0956066312627,0.0538871010821197
0.602207250001864,0.744870436584403,0,164.835855782988,1,1.00314999817652,164.836955823874,164.835855782988,3,164.836998597218,164.835315617049,329.672314214267
0.00013556146938234,264.594368934594,2.21404569060214e-08,17219.458323499,1,1.00001059326928,17219.458323499,17219.458323499,3,17219.4676382074,17217.4346394345,34436.9022776419
0.0928211522955251,0.408860270351574,36.8610826571711,43447.8484335616,1,131321306.392598,43447.8488578599,43447.8484335616,3,43447.8488587722,43447.8484326493,86895.6972914216
2.2988886519068e-06,2.31567688936081e-05,4.38132220673849e-09,0.00128624514326899,-1,108731895.675186,0.00128794921315976,-0.00128624514326899,3,0.0014437383211755,-0.00144203425128473,1.70406989076692e-06
0.0621050287315535,185.988628298767,15.9550244883536,0.0189500154980194,1,1.00045834614321,3.99490182933632,0.0189500154980194,2,4.00337585317656,-0.261030072692506,3.74234578048406
0.534281705760431,113717287.601632,3.23752126768246,5.97690625542796,-1,2508.50197371358,6.26469365531681,-5.97690625542796,2,3621851.4245068,-3621851.42450631,4.86350459457722e-07
3.10687350056674e-05,0.000296224301877215,0,232.059140579028,1,2778.44235174527,232.05914057903,232.059140579028,3,232.059140579124,232.059140578935,464.118281158058
0.00183034773842557,0.793806029837139,7.18119557512546e-05,0.000386736445234946,-1,168992.670210842,0.00867823102209703,-0.000386736445234946,3,38.0069370220294,-37.9986455281178,0.00829149391159204
0.000312445320729385,416.576715418081,0,0.153997726335007,-1,1.00003898416108,0.15399804329416,-0.153997726335007,1,0.15399804329416,-0.153997726335007,3.16959153572879e-07
3.44367844709849e-05,8.93289671854005e-05,4.15639237871007e-09,101104.310917521,1,1.00714925157434,101104.310917521,101104.310917521,3,101104.310917521,101104.310917521,202208.621835042
0.00610096014651965,10432.7376646146,0,1076922.78679675,1,1.00062317515665,1076922.78679675,1076922.78679675,3,1076924.5092515,1076873.97434027,2153798.48359176
0.00156871195338758,0.282161333355882,0.00794446913109672,2.01680673325295e-07,1,954.573687059426,0.0891455550677099,2.01680673325295e-07,3,0.535677049707163,-0.446531537979911,0.0891455117272524
0.0243521503924388,0.496968533044354,3.09732617890563e-08,3897902355.87021,-1,1.00000382751716,3897902355.87021,-3897902355.87021,1,3897902355.87021,-3897902355.87021,7.60740197999835e-14
4.95562374423649e-05,0.816620792259843,6.7427426671235e-11,1.89464845225133e-05,1,37637113157.8759,5.36862866277518e-05,1.89464845225133e-05,3,4590.6931067962,-4590.69303416343,7.26327711502635e-05
0.000392052469173589,0.396626553110548,0,0.0331463006679608,-1,535646029.216287,0.0331486191734957,-0.0331463006679608,3,33925.4369429477,-33925.4369406292,2.31850547573317e-06
0.00136486345543946,1674.62429409772,2.33639512425778e-13,1.54364690678258e-06,1,281271910.716563,0.00136486441395453,1.54364690678258e-06,3,1026186802.24001,-1026186802.23864,0.00136640157535774
0.000478510819902618,10243.2813645361,3.95865668731579e-09,0.0297598068971426,-1,8.15441343119691,0.0297637201609051,-0.0297598068971426,1,0.0297637201609051,-0.0297598068971426,3.91326376247891e-06
0.00237471493487196,43236.1705955293,2.71987625387082e-06,0.0449424832334979,-1,51396354.5449167,0.0450353854926214,-0.0449424832334979,2,490818476736.87,-490818476736.87,8.51551813141718e-18
7.53960786403658e-05,0.0119606016553864,1.25837489990738e-12,0.0150662678682416,1,1.00020126723528,0.0150664565610052,0.0150662678682416,3,0.0151811385934581,0.00934938371105691,0.024530522304515
0.151080328697511,9506374.5143314,1.34925169387336e-09,0.000105002055203821,-1,1.00003301365427,0.151080369651491,-0.000105002055203821,2,0.15109861433638,-0.00235035864802603,0.148748255688354
0.00469998280151228,272278.877438056,8.11460763362558e-07,3826797470.66716,1,2.03507461704385,3826797470.66716,3826797470.66716,3,3826797475.17628,3826797465.48988,7653594940.66616
0.0580069814128163,1934045.34543798,8.44437400999854e-07,4800951.70181577,1,1916696.44285266,4800951.70181577,4800951.70181577,3,4995732.42606235,4606170.97756916,9601903.40363151
4.15135853717766e-06,882.120500076438,4.98276348187038e-09,0.432110921320508,1,1.00022214438472,0.432110927106056,0.432110921320508,2,0.450716197352978,-0.450716191806254,5.54672465700737e-09
0.00323974607042345,1585567.87309949,7.98074983168963e-05,5.46691082723959,1,5021076.11806745,5.46691908632663,5.46691082723959,3,114989439757.18,-114989439746.249,10.9315493911159
0.000100244420526815,0.601658215719646,3.75658785572035e-14,80.7705904105166,-1,1.00000846771043,80.7705904105788,-80.7705904105166,1,80.7705904105788,-80.7705904105166,6.22069330034458e-11
0.197437186050468,81946486.988012,4.07426930499132e-05,0.000242320779981673,1,3159883.34576253,0.197540486604487,0.000242320779981673,2,3949668375578.83,-3949668375578.83,4.93993183957607e-15
0.0858673545009755,334346.313844197,1.04570802674277e-07,0.00160529803697142,1,1.02305800964269,0.0858829675872135,0.00160529803697142,2,0.0946048679160882,-0.0397086123356336,0.0548962555804546
0.139824845949232,0.599186346981064,13.5472725650846,3990459.36409836,-1,1.00000115325215,3990459.36410006,-3990459.36409836,1,3990459.36410006,-3990459.36409836,1.69990749369425e-06
0.00461918971230154,247.58074129813,0,5.67045735974041e-06,-1,1.01129170565342,0.00461919319279017,-5.67045735974041e-06,2,0.0048272770004233,-0.00140203054195811,0.00342524645846518
0.00425576127309834,232314.824117135,0.144491205535349,38842.3797338389,1,30.5045291331722,38842.3797356991,38842.3797338389,3,386954.446818594,-309456.889417515,77497.5574010787
0.000181674939779936,0.0454486858840304,0,0.495670550291355,1,9366147.88542135,0.495670583585427,0.495670550291355,3,0.496712379377116,0.494628754499666,0.991341133876782
0.3007501352069,9030879.12529528,0,522536136.059508,-1,1806855912.48174,522536136.059508,-522536136.059508,2,565122209.229601,-565122209.229601,8.00275076343884e-11
0.0122597543697831,2.03596585386365,1.66954319785927e-11,0.00464778227600301,-1,3774.4840505663,0.013111196512446,-0.00464778227600301,3,245.140210083591,-245.13175527228,0.00845481131091524
0.000293230643904652,545.86367100379,2.93055518131813e-15,5.45211763205652e-05,1,442546406.439406,0.000298256218917007,5.45211763205652e-05,3,422317390.531291,-422317390.530939,0.000352776317057421
0.0161403961521343,4879.15544903564,0.149132298798063,0.169666822082531,-1,394.282594896773,0.422113304340904,-0.169666822082531,2,78489.7840922503,-78489.7840912986,9.51670417460527e-07
4.76944220887116e-06,0.0395185280158038,0,2.02509324669029e-06,-1,142621025674.093,5.18156169909733e-06,-2.02509324669029e-06,3,247.38312611809,-247.383122961622,3.15646845240704e-06
0.0687598876085127,33728950.1183246,5.71930516587449e-10,5.02854574841187e-05,1,1806301332.69761,0.0687599101547773,5.02854574841187e-05,3,8424587005770741,-8424587005770741,0.0675191600077937
0.00179717024512472,0.0969004277108536,0,9.80795592113025e-07,1,1.09344616543656,0.00179717051275655,9.80795592113025e-07,2,0.00250126041395689,-0.00173967892683281,0.000761581487124084
1.58831126344663e-05,1853.74345790318,6.95292178513946e-15,2.82689241745493e-09,1,3932397724.50077,1.58833317623302e-05,2.82689241745493e-09,3,108179758098.718,-108179758098.718,1.58826608050973e-05
0.0534796197004274,1906.93197749609,1.15025044463327e-05,0.022299320257618,-1,43337735968.7266,0.0580416394642716,-0.022299320257618,3,50869524.5412419,-50869524.5054996,0.0357423192066401
2.27007460767044e-06,3.74607886128045e-05,0,2.84587836784259e-09,-1,703.10019702824,2.27007639153703e-06,-2.84587836784259e-09,3,0.000310652883651267,-0.000308385965046002,2.26691860526429e-06
0.00128047866236008,39.2187037738432,0.000799984411086936,740081.263325007,-1,489.661933239012,740081.263325007,-740081.263325007,1,740081.263325007,-740081.263325007,5.41578389034058e-10
0.000165179083612725,0.148265477165271,0.000216856737487404,0.0080801274918247,1,571738982912.367,0.0167979904125824,0.0080801274918247,3,0.458604410805454,-0.433726292901047,0.0248781179044071
0.0886785730255134,0.285242557173412,0.000312225796439111,407.841683289968,1,2547.46838763882,407.841693313607,407.841683289968,3,407.8417383675,407.841638236071,815.683376603572
1.90658611739133e-05,2712.51265409095,0,0.000640721455699879,1,38582192.2272115,0.000641005063050577,0.000640721455699879,3,2872401963.42264,-2872401963.42135,0.00128076170958991
1.70416818568779e-05,6.71040405624085,1.7204053342921e-15,127883.443260094,-1,105277.134715617,127883.443260094,-127883.443260094,1,127883.443260094,-127883.443260094,1.1354896048807e-15
0.291408423429554,10.0060156695632,3.33041360321529e-08,14.8501403076842,1,22905946945.9262,14.8529992277808,14.8501403076842,3,16.5369193836091,13.1662201518559,29.7031395354649
0.00418443377569922,2156.29812443072,0,74.5762368836048,1,1.00000554618134,74.576237000998,74.5762368836048,2,75.0746501821646,-75.0746500655507,1.16613836989752e-07
0.016951436753586,85.5062499085406,5.18168948271023e-11,0.00216709658563868,1,1.00040795999523,0.0170893992708699,0.00216709658563868,2,0.017241158513603,-0.00314742546591066,0.0140937330476923
0.254315108026278,138.17815632355,2.45510038651434,7.78518535382245,1,20786985147.118,7.94536893756712,7.78518535382245,3,614.826024734046,-599.095470442657,15.7305542913896
0.000204870345584532,89027.8018418304,7.05681725504724e-07,2.65745093542312,-1,1.97899988519484,2.65745107609431,-2.65745093542312,1,2.65745107609431,-2.65745093542312,1.40671188741482e-07
7.81294589672313e-06,0.00860348746377439,0,121261.228477989,1,1.00037477924559,121261.228477989,121261.228477989,3,121261.228477989,121261.228477989,242522.456955977
0.0184717893833669,44210.3299090113,0.00221950359995592,0.013081584936929,-1,51729757986817.2,0.0522669921407524,-0.013081584936929,3,24939810635.382,-24939810635.3428,0.0391854072038234
4.47593060373798e-05,49.640551653673,6.27038892205818e-12,236449.991944316,-1,1092274146.61422,236449.991944316,-236449.991944316,1,236449.991944316,-236449.991944316,4.24966363784685e-15
0.000189228256142475,9825.58220448969,8.54820414402107e-14,5.6928426432694e-05,1,1.12764423444127,0.000197606336287241,5.6928426432694e-05,2,0.000371847308623573,-0.00032009842630952,5.17488823140529e-05
0.251989888315203,28247207.1997774,3.34424897564273,0.00256358701468154,1,34721.4552362352,1.84601041476862,0.00256358701468154,2,4457205668.6202,-4457205668.6202,3.82274022427011e-10
0.00020145828067213,0.201593252005692,8.67574717771501e-06,0.0027937353905086,-1,1.0095424057493,0.00406463898135451,-0.0027937353905086,1,0.00406463898135451,-0.0027937353905086,0.00127090359084591
0.00203571422871905,1.40007393212792,0,2.3593412372744e-06,-1,841290947716.07,0.00203571559592696,-2.3593412372744e-06,3,482.013701593319,-482.011668237065,0.00203335625468968
8.19224243101379e-05,56184.1561782994,2.18072943542884e-07,128629.977921345,1,100422472.301643,128629.977921345,128629.977921345,3,134765.132914915,122494.822927776,257259.955842691
5.15038819225378e-06,0.000451156720730117,4.00521535071061e-08,173.137637027862,1,13.5484018265966,173.137637027977,173.137637027862,3,173.137637028271,173.137637027567,346.275274055838
1.36239375449171e-05,998.352150041279,1.03608492428524e-14,4921.10603100314,1,96023555239.6771,4921.10603100314,4921.10603100314,3,4971.74032993984,4870.47173206644,9842.21206200628
0.406654421335024,3.64357196607857,1.72286062051213e-06,26707708.923925,1,217.706028643588,26707708.923925,26707708.923925,3,26707708.9239251,26707708.9239248,53415417.8478499
1.23086337886077e-05,7.16988574596695e-05,0,2.64079363657912e-07,-1,573715104781.572,1.2311466348586e-05,-2.64079363657912e-07,3,0.000219378098371022,-0.000207330711386094,1.2047386984928e-05
0.000544366243098568,2.17590253241996,6.10964165706598e-05,14163.0273689117,-1,1598.47093809728,14163.0273689139,-14163.0273689117,1,14163.0273689139,-14163.0273689117,2.16735975925738e-09
4.51893753977214e-05,1.51497331390952,1.82838104306562e-11,0.123929811295918,1,3356.74705731765,0.12392981960854,0.123929811295918,3,4.75386084742801,-4.5060014219741,0.247859425453903
0.00011995553127224,21932.3237828842,8.53575784716490e-09,17084891.4685372,-1,2936908557184.18,17084891.4685372,-17084891.4685372,2,11573897283.3031,-11573897283.3031,9.90378900417693e-19
0.0280876201674933,151.21904221152,8.33020876938717e-10,594770.141648646,-1,7756.39942064088,594770.141648647,-594770.141648646,1,594770.141648647,-594770.141648646,6.63210192014225e-10
7.41304738757387e-05,1.71562558793398,2.35530961251621e-07,6.4371829221304e-08,-1,76759315737.5385,0.000490944286607345,-6.4371829221304e-08,3,2998.0566996699,-2998.05620878998,0.000490879914778123
0.130208395124627,88763.638730361,0.00743912456006289,49824.1356177421,1,6.10792693873225,49824.1356179869,49824.1356177421,3,89303.5101680282,9804.76249939917,99108.2726674273
3.24362729196526e-06,15.8473275603642,1.91959282951884e-14,11.0549013711673,1,31190291049.017,11.0549013711677,11.0549013711673,3,16.7342327006282,5.37557004170681,22.109802742335
2.14429135520875e-05,4.69411092667551e-05,3.90987357089761e-11,0.000103377276374082,-1,19782400.2204896,0.00010576274650289,-0.000103377276374082,3,0.000471239802059807,-0.000468854331931,2.3854701288077e-06
0.0652489758167918,2.72606461178932,1.79662430943879e-08,0.000235270925147986,-1,1122.40437284023,0.0652495376519374,-0.000235270925147986,3,57.2047272289947,-57.1397356404286,0.0649915885660566
1.96401910170234e-06,0.000739064752505667,0,1.49087006819809e-09,-1,1602927860833.47,1.9640196675556e-06,-1.49087006819809e-09,3,0.139162431811156,-0.139160469282359,1.96252879748741e-06
1.23682729775889e-05,226.40714151525,0,0.0508714305747206,1,1.18552919107936,0.0508714320782578,0.0508714305747206,2,0.168933043456088,-0.168933043003322,4.52765703865733e-10
0.0636856205897551,756.16357322386,0,6.96458403941609,1,77491568376.0635,6.96487521068104,6.96458403941609,3,20531.2126277152,-20517.2831684651,13.9294592500971
0.0736756400342378,1109318.08554452,4.58931901062067e-09,13370793005.5215,-1,20840258188.7392,13370793005.5215,-13370793005.5215,1,13370793005.5215,-13370793005.5215,2.02983642089591e-13
1.38373771925131e-05,0.00494697333687192,0,0.00655815222897157,1,2242718338643.48,0.00655816682704644,0.00655815222897157,3,0.00749106399195208,0.00562525506406593,0.013116319056018
0.0073728216807537,217009.82130486,0,396770.711016527,-1,1.03883288000036,396770.711016527,-396770.711016527,1,396770.711016527,-396770.711016527,6.85011494383309e-11
5.59010317857789e-06,0.000616416963302404,0,16.7647773732461,-1,3664.7437393092,16.764777373247,-16.7647773732461,1,16.764777373247,-16.7647773732461,9.31991306875767e-13
0.0216047680324223,189.599800183742,3.76277421754033e-10,735.669967024953,-1,1376600.80513456,735.669967342192,-735.669967024953,2,1202354.62170666,-1202354.62170666,1.94105120729548e-10
0.528564555494139,9265.17382719115,1.83446682441784e-06,447911.321790126,-1,1.02215072079791,447911.321790438,-447911.321790126,1,447911.321790438,-447911.321790126,3.11872362005566e-07
0.00091689452741584,0.00107264510170539,0,29498.5697360729,-1,1.00115566440276,29498.569736073,-29498.5697360729,1,29498.569736073,-29498.5697360729,1.42497684112639e-11
2.21019325723785e-05,0.00332526948923196,1.21632409938344e-12,7.31769911868731e-05,-1,1.00000152215825,7.64498776107395e-05,-7.31769911868731e-05,1,7.64498776107395e-05,-7.31769911868731e-05,3.27288642386643e-06
0.254442517499579,2471857.05390469,0,0.494048164477219,-1,53574.5782146266,0.555719878657254,-0.494048164477219,2,354024678.183009,-354024678.183009,9.1435708724882e-11
0.547843392108093,12418795.5520881,468.631450820289,1.16223211692484,1,4784785406077.46,21.6859947130902,1.16223211692484,3,3375020830127.45,-3375020830104.6,22.848226830015
0.13564862071788,1449122.0485891,2.76726935072894e-10,0.00366716690474137,-1,91929745726.4761,0.135698182347802,-0.00366716690474137,3,7952505372103.45,-7952505372103.32,0.132031014972558
0.000149893782933689,30455.0202453581,2.93923475022934e-12,0.403120479534247,-1,1024072904316.1,0.403120507405672,-0.403120479534247,2,58458938347317968,-58458938347317968,1.92195462594755e-25
0.0352497503246261,10.3963483139928,0.0288538407108453,0.0995510175307064,1,84971750013982.5,0.200016976030018,0.0995510175307064,3,180.597819885929,-180.298251892368,0.299567993560724
0.00315089662664406,1192.08996288119,7.48157656555401e-08,6.79569750459395e-05,1,1967080456953.18,0.0031634764844882,6.79569750459395e-05,3,219883605.435198,-219883605.431967,0.00323143345953412
0.00681762827581965,3.24407252895213,3.79542363746923e-08,13.885815100959,-1,1.00014941901851,13.8858167759779,-13.885815100959,1,13.8858167759779,-13.885815100959,1.67501894558316e-06
1.9077032088299e-05,0.000267787530585967,4.84003567560718e-15,14501089.3423409,1,32463714072.7147,14501089.3423409,14501089.3423409,3,14501089.3423409,14501089.3423409,29002178.6846818
1.64576365207729e-05,0.080842752667263,3.28823390709991e-13,1399.52323842386,1,1.00000281014045,1399.52323842386,1399.52323842386,3,1399.52323842938,1399.52323609446,2799.04647452384
0.0121543202688018,209877.095094053,0,663.694363512266,-1,70921764.9488114,663.694363623557,-663.694363512266,2,1119572679.79939,-1119572679.79939,6.59749491310726e-14
0.537081760739232,1979.30398804467,41.1303534260598,3655960.58627601,-1,28952255240.5063,3655960.58628167,-3655960.58627601,3,345819325721.916,-345819325721.916,5.66435290923172e-06
0.146518361201676,1497.64943475764,0.0719274220384144,0.744357013801194,-1,47774.419319594,0.804650493197307,-0.744357013801194,3,20062787.1687911,-20062787.1128927,0.0558983626156133
0.00368595038116113,66.4228421759443,0,207.271787974211,-1,209018477.014631,207.271788006985,-207.271787974211,2,2863704048.11494,-2863704048.11494,2.37214285835946e-15
0.00562386065723107,474596.62525156,6.37091804380466e-05,1082.07925972487,1,58587887438979,1082.07925976893,1082.07925972487,3,52040236.0209161,-52038071.8623966,2164.1585194938
9.16883236386675e-05,0.019414447003812,8.78625397435426e-11,286022.568140498,1,8016937700.48768,286022.568140498,286022.568140498,3,286022.568140499,286022.568140498,572045.136280997
0.0061340085210395,9.41305505614775,9.14769463768322e-13,3941.36435336263,-1,94.9992482150359,3941.3643533674,-3941.36435336263,1,3941.3643533674,-3941.36435336263,4.77322800908151e-09
0.133413233450934,1908.56469693393,4.64290669848721e-09,365852.814625896,1,57022529633.8402,365852.814625921,365852.814625896,3,365855.303754772,365850.325497045,731705.629251817
0.000131836364236264,0.00166556862299901,6.43006506635331e-10,8.54521914658133,1,455925392.656955,8.54521914763594,8.54521914658133,3,8.54521922828742,8.54521906592986,17.0904382942173
2.66655838527761e-06,0.0283287208591432,5.5093259241495e-10,398912.46340058,1,204.175435448947,398912.46340058,398912.46340058,3,398912.46340058,398912.463400579,797824.92680116
0.00128434277025381,24.7848479949862,9.96082121534053e-05,612.166263958045,-1,19427535.8200866,612.166264040749,-612.166263958045,2,62430140.3037941,-62430140.3037941,8.10968452194514e-13
0.000803564567282694,0.00196903741500507,0,39.3605368263318,-1,12.2397737990088,39.3605368345343,-39.3605368263318,1,39.3605368345343,-39.3605368263318,8.20258138975590e-09
9.19066823074505e-06,7.41568170683386e-05,2.33855905916984e-18,188058.30844083,-1,2238373871950.22,188058.30844083,-188058.30844083,3,12309660.4706674,-12309660.4706674,2.2337064182841e-16
4.91679773565401e-06,0.00357830165005687,0,5.97489889771803e-06,-1,1167446.17665661,7.73784962449417e-06,-5.97489889771803e-06,3,3.63148421798385,-3.63148245503445,1.76294939454522e-06
2.22483199973283e-05,0.834843567745769,2.09158905528531e-15,0.00307996076413445,-1,1286373872103.62,0.00308004111960245,-0.00307996076413445,3,4336753.92541976,-4336753.92541968,8.03554680058349e-08
2.22098157100046e-05,0.000322676518131201,0,0.00255626562286076,1,1.00003324421415,0.00255636210473665,0.00255626562286076,3,0.00255652668417582,0.00253608133772356,0.00509260802189938
0.0808577757448905,13181.2954577144,0,0.764100283024544,-1,4.68127089754721,0.768366593766673,-0.764100283024544,1,0.768366593766673,-0.764100283024544,0.00426631074212883
0.168263585485604,32003019.3981379,0.00010042646678667,504260599.733871,-1,6306746608.62904,504260599.733871,-504260599.733871,2,2241164565.37141,-2241164565.37141,6.33890547491974e-12
1.08140631397247e-06,0.000281025440867491,0,0.000243489640432606,1,19398124.5579753,0.00024349204183631,0.000243489640432606,3,0.000324577359673318,0.000162404322595598,0.000486981682268916
1.3349866560509e-05,0.0964638957106355,0,7.91856685072576e-05,-1,1.00926929551944,8.03031072507452e-05,-7.91856685072576e-05,1,8.03031072507452e-05,-7.91856685072576e-05,1.1174387434876e-06
3.65894639176635e-06,0.0107182695955327,0,7.95077638684852e-07,1,1.00094586036454,3.744334006116e-06,7.95077638684852e-07,2,3.82775104006211e-06,-1.1241838492331e-06,2.70356719082901e-06
0.0343400069170389,113110.166776627,0.0118098455672429,363.817072165537,-1,1.00001102474626,363.817090016653,-363.817072165537,1,363.817090016653,-363.817072165537,1.785111573562e-05
0.00497929998264769,4093119.12228857,0,2756526.42477278,-1,442686477096.458,2756526.42477278,-2756526.42477278,2,1762653445546.9,-1762653445546.9,7.03298438494316e-18
0.0553359590206165,2709.15372796203,0.421286228314766,5420.68868127998,1,24759006489225.1,5420.68872042153,5420.68868127998,3,5759.18417384596,5082.19322785556,10841.3774017015
0.974292455827044,27511769.6788486,5.25968729921847,26005.8951280727,-1,305868519937.93,26005.8952474482,-26005.8951280727,3,3825377845822094336,-3825377845822094336,9.89310731342095e-05
1.20146829013794e-05,7.44878375407662,2.62683687305641e-12,0.000476666935104641,-1,1.03594291733427,0.000476821084332631,-0.000476666935104641,1,0.000476821084332631,-0.000476666935104641,1.54149227989776e-07
0.255815654464511,9.04601387187118,0.000456811057839642,27556.2481386718,-1,1.00023023223577,27556.2481398675,-27556.2481386718,1,27556.2481398675,-27556.2481386718,1.19570813475576e-06
0.0756299931724526,2764.04300520819,0,13981440655.4893,1,10916.6751863657,13981440655.4893,13981440655.4893,3,13981440655.4895,13981440655.4892,27962881310.9787
0.00735687414777311,1046079.22370348,1.41715507226167e-07,118645.827312164,1,102.235322645909,118645.827312164,118645.827312164,3,2425437.27153488,-2188255.97585988,237181.295674997
1.37689077652032e-05,0.00159022278349154,6.87834527226191e-09,8.52355177846587,-1,1.19894809857478,8.52355177888048,-8.52355177846587,1,8.52355177888048,-8.52355177846587,4.14611671098971e-10
0.00271725258257176,0.697204750253576,1.70220292691652e-10,0.00514923741399107,-1,1.00000368668416,0.00582222275110039,-0.00514923741399107,1,0.00582222275110039,-0.00514923741399107,0.000672985337109321
0.00341840069523873,62110.7324565917,0.000232915771754419,8.65279955496819e-06,1,22243233.7421753,0.0156397349702151,8.65279955496819e-06,3,124260448883.859,-124260448883.843,0.0155228116466104
0.00660614853423426,0.125109454779622,0,0.000114969951378505,1,38731016932.9586,0.00660714889692108,0.000114969951378505,3,1.16760525299518,-1.16088313414688,0.00672211884829959
0.891047514737155,672767.236637372,3.48997714312131e-05,123623918893.757,1,1.00000554320508,123623918893.757,123623918893.757,3,123623918893.763,123623918891.933,247247837785.696
0.000410782170200997,10.6987175395906,0.000151778756383527,26.4172379184608,1,156621987.64343,26.4172407943764,26.4172379184608,3,27.500459173849,25.3340195389882,52.8344787128372
2.48834192716177e-06,0.00837481880758448,0,57.7099735099782,-1,437306.163580402,57.7099735099783,-57.7099735099782,1,57.7099735099783,-57.7099735099782,5.36462345230549e-14
0.0627347722800945,1479965.53483758,0,0.00425983415557933,-1,5418084536271.68,0.0628792321841509,-0.00425983415557933,3,18682365035985.4,-18682365035985.3,0.0586193980282533
0.848831037703571,1608.92306863015,0.00861899396772736,0.136843055129744,1,152937.647738708,0.86478849800046,0.136843055129744,3,1292244.55753239,-1292243.55592846,1.00160392919078
1.50205393519351e-06,211.011165638361,0,0.000204090460267824,1,94900972.2551903,0.000204095987560649,0.000204090460267824,3,54541304.0559866,-54541304.0555784,0.000408183419840134
2.34505941658686e-05,0.000675547159226849,2.07717453908676e-06,0.00816069208603355,-1,32915027151.4501,0.00828701513166858,-0.00816069208603355,3,0.0100911753768611,-0.00996485233122602,0.000126323045635036
0.0319683323058004,3921888.79049879,0,4.32163069745217e-06,1,435952.338494239,0.0319683325979097,4.32163069745217e-06,2,12153089881.4226,-12153089881.4226,4.20458616033232e-14
1.51166808280477e-06,1.91026959285371,1.54067370943241e-12,1.45318788858622e-08,-1,1.00033648755486,1.95602282131549e-06,-1.45318788858622e-08,2,1.95790169131488e-06,-8.69766109399562e-08,1.87092508037492e-06
8.928795438957e-05,8.02026854313415,2.51013638340745e-13,887267.154788791,1,23639923.4197213,887267.154788791,887267.154788791,3,887267.154806916,887267.154770667,1774534.30957758
1.194159254591e-05,97.3484227378267,7.25933587792309e-18,1.38717707158604e-09,-1,1.00481841737003,1.19415929304314e-05,-1.38717707158604e-09,2,1.21720317522106e-05,-2.35726900988319e-06,9.81476274232745e-06
0.0114385484163871,199963.688044018,9.32322546353376e-09,1642912.23552742,1,26688172.5487641,1642912.23552742,1642912.23552742,3,1648996.77791372,1636827.69314111,3285824.47105483
2.90751295156792e-06,1735.18725535811,0,7.79799848206615e-07,1,30.1786522914129,3.01026898578819e-06,7.79799848206615e-07,2,0.00689982808853607,-0.00689982747593878,6.12597287232139e-10
0.00727254365391816,3.46925972624177,1.81409933581182e-05,4.7700143725363e-05,-1,12086952.7351264,0.00842811721916437,-4.7700143725363e-05,3,718.093820133997,-718.085439716924,0.0083804170729814
0.000453192978257567,170.088608779829,0,8.53415625288829e-05,-1,125410753220.707,0.000461158386931035,-8.53415625288829e-05,3,38489674.9672065,-38489674.9668307,0.000375816824400929
0.000149448934300974,0.358969184216322,3.82777355044547e-15,89.8739364965254,1,68008.3442505245,89.8739364966496,89.8739364965254,3,89.8742949399812,89.8735780531938,179.747872993175
0.00612385952996319,5.68564262805949,0,0.000383527738927566,-1,761211.950768518,0.0061358576474074,-0.000383527738927566,3,2809.86829018224,-2809.86253785476,0.00575232748385905
0.711077318266335,4073.68965052845,2.95236363177259e-05,0.000978026707403379,-1,7329929.20182346,0.711098750333174,-0.000978026707403379,3,11684598.0282961,-11684597.3181755,0.710120614887056
6.05269255879096e-05,0.000618936445385328,8.2121898308371e-07,5.33270277459947e-07,1,20611.9555294443,0.00090823057434884,5.33270277459947e-07,3,0.00111698602663218,-0.000208222182251555,0.00090876384438062
0.000180375979206956,0.000314004579451568,2.63706948357399e-08,15557046.5860041,-1,322.276147951668,15557046.5860041,-15557046.5860041,1,15557046.5860041,-15557046.5860041,1.8932317385873e-15
5.34638275901958e-05,0.00317590145169387,0,6.38693283062945e-08,1,1.00004784487064,5.34638657401921e-05,6.38693283062945e-08,2,5.34753475006727e-05,-1.10992329622974e-06,5.23654242044429e-05
0.0263337201612565,34791.4903919532,3.26812671436417e-10,0.368009066797238,-1,15617002940293.8,0.368950048637099,-0.368009066797238,3,643183402919.522,-643183402919.521,0.00094098183986009
0.000807754114651901,0.902598311906406,4.35923824103296e-13,1.60608329181815e-07,1,9045543436.27692,0.000807754400455941,1.60608329181815e-07,3,504.189398961935,-504.188591046926,0.00080791500878512
7.92690674594525e-06,0.417358182311653,4.20270929366303e-09,8.12569152283023e-09,1,38560426303458.3,6.5311141547586e-05,8.12569152283023e-09,3,1333.35743169139,-1333.35736637212,6.53192672391088e-05
0.00997540640419151,0.112571376996177,0.000312244270607175,2423.71924649513,1,3170629745.68013,2423.71924658008,2423.71924649513,3,2423.71924787693,2423.71924519828,4847.43849307521
0.000151249416610927,0.00103602955938312,4.31219760988743e-05,2040.7472846857,-1,1.00000501049798,2040.74728469627,-2040.7472846857,1,2040.74728469627,-2040.7472846857,1.05708464758371e-08
0.00411782510136543,970372.524764842,1.74838397973175e-05,2132.26590514788,1,1.00001269181688,2132.26590515596,2132.26590514788,2,2153.86013404801,-2153.86013404001,7.99502317220775e-09
1.1279148709106e-05,0.293644911196886,6.6734191195702e-18,1102.78649215636,1,86402563383512.8,1102.78649215636,1102.78649215636,3,1102.78651170396,1102.78647260876,2205.57298431272
0.00184351543663636,30.7629797389124,9.8506206892882e-12,7.64396747990422e-06,1,1.0000028230102,0.00184353395574263,7.64396747990422e-06,2,0.00184359109936736,-1.64050580409034e-05,0.00182718604132646
0.325794335836934,4.04300189322923,1.49123673861317e-07,12.4484800998294,1,5158.66057769629,12.4527426253912,12.4484800998294,3,12.7788254525289,12.122397266565,24.9012227190939
0.00818847245635051,2.96367865957426,0.00829230060007368,1276.80262631302,1,1.00052310542264,1276.80262958657,1276.80262631302,3,1276.80273731377,1276.79929445799,2553.60203177176
0.00632829745582268,1.11630312020329,0.000118339394006207,1.4214855040523e-06,1,1.00229718244541,0.0125851795663074,1.4214855040523e-06,2,0.0127011474608634,-0.00171242638586805,0.0109887210749953
0.00850349417902758,0.717917291629012,0.524628743924628,111.793187846261,1,1.00001230146064,111.795534570406,111.793187846261,3,111.79554594635,111.7908943495,223.58644029585
1.10105020015333e-05,0.000202010336217807,1.37307586932075e-13,0.079794376909234,1,1.00004811211548,0.0797943776697416,0.079794376909234,3,0.0797943801462555,0.0797941244366519,0.159588504582907
0.000182848399626793,0.0313589190564336,9.25419067569433e-05,18.3389271910031,1,1.00000244289257,18.3389297150148,18.3389271910031,3,18.3389297741452,18.3389004397025,36.6778302138477
8.74884105536271e-06,0.000645057089289847,1.32129134801976e-07,38.790039805455,-1,3958.99290926028,38.7900398071591,-38.790039805455,1,38.7900398071591,-38.790039805455,1.70411886249588e-09
2.66868915697881e-05,0.000103393961924033,6.36885612274268e-15,55642.1815505119,-1,1.00384344276272,55642.1815505119,-55642.1815505119,1,55642.1815505119,-55642.1815505119,6.39978996750171e-15
0.0343887601464739,1.38484067550374,9.85655796500746e-07,1101644474.52073,1,1.76111223745196,1101644474.52073,1101644474.52073,3,1101644474.52073,1101644474.52073,2203288949.04146
3.38018037362045e-05,26.9762589165935,6.69337964848442e-12,3522.99096391771,-1,1.00079016390015,3522.99096391771,-3522.99096391771,1,3522.99096391771,-3522.99096391771,1.63107899969087e-13
0.42982770590347,1.91919825668473,3.7450503434878,6.31090844761584e-05,1,99900055371056.8,1.98237287214913,6.31090844761584e-05,3,2.86476456721977,-0.882328585986159,1.98243598123361
0.000551420199895993,19.6922164889364,7.79175555381981e-09,0.234241456640801,1,8.95054604416826,0.234242122311929,0.234241456640801,2,74.5933509853438,-74.5933509832534,2.09037392939218e-09
0.000448257590187192,39.095007211604,0,0.000100684545551025,-1,2625170685736.13,0.000459425994990755,-0.000100684545551025,3,2130252.29087843,-2130252.29051969,0.00035874144943973
0.00017239396023136,0.00461181050176075,2.32940639999267e-11,38427.0725730644,1,1.01340193996636,38427.0725730644,38427.0725730644,3,38427.0725730644,38427.0725730642,76854.1451461286
0.14632478648883,25370.7622659367,1.14400626299433e-07,215244.244226919,-1,57.7845169634891,215244.244226969,-215244.244226919,1,215244.244226969,-215244.244226919,4.97366552553503e-08
0.000119301695089008,68117.8276450764,1.56607049629232e-05,40.718643473117,1,42007025274513.4,40.7186436655956,40.718643473117,3,28488455.5843116,-28488374.1470245,81.4372871387126
0.841036908427261,678385.908591929,0.0046183108554897,0.000158376938583252,-1,23675799483.5644,0.843778061622622,-0.000158376938583252,3,272757647471.146,-272757647470.302,0.843619684440741
0.000521986493546992,19.492110733619,4.86945625075742e-14,741249.450586747,1,192021600.128813,741249.450586747,741249.450586747,3,741249.450714889,741249.450458604,1482498.90117349
8.84815691313082e-05,3.29269270931453,6.61262650245021e-06,546.267759965676,1,496193470564.151,546.267759971736,546.267759965676,3,546.272721744178,546.262798193234,1092.53551993741
0.470662204744379,688.9086900536,0,0.0010405814505088,1,1.0143154786835,0.470663355047527,0.0010405814505088,2,0.498165813011438,-0.163236841057734,0.334928971953705
1.22721541787052e-06,9.98864284378344,4.16551649074852e-15,2.58668634530618e-08,-1,1.00216505306634,1.22918358798626e-06,-2.58668634530618e-08,2,1.23642662328681e-06,-1.36116113750508e-07,1.1003105095363e-06
0.44011827811547,313942907.366457,0.000568700165357996,0.152888776618468,-1,1.00017182544695,0.466527359232635,-0.152888776618468,1,0.466527359232635,-0.152888776618468,0.313638582614167
0.165149489739547,152841.882785349,0.37550577321561,145733009.231171,-1,1.00044304244855,145733009.231171,-145733009.231171,1,145733009.231171,-145733009.231171,1.38191110339981e-09
0.0368325788011379,9071.52576431215,0,0.086063864358062,1,1.0334431019275,0.0936142489655551,0.086063864358062,2,0.15273476853943,-0.14822709151721,0.00450767702222043
0.000955959973562635,314.804998818291,6.6969519673166e-05,284.6328265272,1,8690299575710.43,284.632826646448,284.6328265272,3,371.676710927518,197.58894224613,569.265653173648
0.130642188317522,82794.356940643,1.76776747822184e-08,77075548812.1342,-1,23463942299.5949,77075548812.1342,-77075548812.1342,1,77075548812.1342,-77075548812.1342,1.10718634567664e-13
0.023044345156459,791.727764693096,0.00134154276614166,1156.454084998,-1,3.61309318886562,1156.45408580762,-1156.454084998,1,1156.45408580762,-1156.454084998,8.09623414136423e-07
0.080692118360386,518.339485165098,0,250933094.333804,-1,1.00000136634958,250933094.333804,-250933094.333804,1,250933094.333804,-250933094.333804,1.29740120225533e-11
0.0711960112531489,1.56310509064884,0,0.000131855716181965,1,1.00001900945187,0.0711961333520886,0.000131855716181965,2,0.0712031730708051,-0.00100986978988298,0.070193303280922
0.0404745019815065,12648246.7395886,3.39435971851314,0.109638820231192,-1,2115525.00760417,1.84608195233188,-0.109638820231192,2,15542715140301.2,-15542715140301.2,1.09247254201365e-13
0.0195702626932703,180.018907563739,0,17519733.9181441,-1,1.00030646237495,17519733.9181441,-17519733.9181441,1,17519733.9181441,-17519733.9181441,1.09303937968762e-11
0.00364912953538584,1645439.40224946,3.22723653787953e-06,0.000569617836111717,1,7448.62323831066,0.00410704850021538,0.000569617836111717,2,518941.487795949,-518941.487795949,1.59395454911188e-11
0.00440987091343059,1692.37831227067,0,6.36264688967785e-06,-1,45978520990.0248,0.00440987550350308,-6.36264688967785e-06,3,325211308.014242,-325211308.009838,0.00440351285653649
0.00654014512079336,4487.73807669414,1.17186952832876e-08,43.3051763732765,1,12445677693.9203,43.3051768672731,43.3051763732765,3,116309.965520763,-116223.355167522,86.6103532405496
0.139755150172886,10639.2333658903,0.0787098680918872,471216121.547352,-1,1.00001027064006,471216121.547352,-471216121.547352,1,471216121.547352,-471216121.547352,1.04242369477018e-10
3.33536304923943e-06,0.000292441340135306,1.31554239755722e-14,1.21768129352424e-09,1,13431164938099.6,3.33733480144787e-06,1.21768129352424e-09,3,0.0128099074300015,-0.0128065688775187,3.33855248274139e-06
0.000809061371782952,0.121563662424235,2.00634501485091e-12,1931.10244972685,-1,21633.265148575,1931.10244972702,-1931.10244972685,1,1931.10244972702,-1931.10244972685,1.69484096959456e-10
0.000247694282797559,340.944521285108,1.28895126378845e-14,205.351530975874,1,23763420.1298231,205.351530976023,205.351530975874,3,346.868818480304,63.8342434715927,410.703061951897
0.0163227921189241,0.0323044879567232,1.75983857692033e-09,0.000703618186868123,1,1.00000112260536,0.0163380041911208,0.000703618186868123,2,0.0163401861654587,-0.000752583235038066,0.0155876029304206
1.14876491641486e-05,2.2836322037934e-05,2.83377678258399e-18,3.05807272035397e-06,1,287162.903470045,1.18877203413991e-05,3.05807272035397e-06,3,2.49191974699053e-05,-9.97340440823132e-06,1.4945793061674e-05
0.187760191250808,25162.1398364268,271.610864905576,40479925.6330252,1,1089627747158.52,40479925.6330285,40479925.6330252,3,40479929.5431968,40479921.7228569,80959851.2660537
9.29438189853927e-06,1743.22345274645,5.8244764025975e-13,0.03337208275999,1,840315523.98491,0.033372084062995,0.03337208275999,3,22764746.0148341,-22764745.9480899,0.0667441668068656
0.00034714540897334,30090.3861698659,0,4.24438593855404e-08,1,47832131870.5849,0.000347145411568047,4.24438593855404e-08,3,1303951259900.09,-1303951259900.09,0.000347187570462194
5.16810040739646e-05,7.31765059646282,1.08362403280713e-15,0.00120273650609798,1,4.06089109112658,0.00120384634832129,0.00120273650609798,2,0.0769477375506856,-0.0769477201952204,1.73554652283962e-08
0.271347011666194,4867.35784657915,1.50778654397981e-09,6835.66862085326,-1,28937402027.2615,6835.66862623892,-6835.66862085326,3,2200003654585.44,-2200003654585.44,5.38434842080294e-06
5.61120842050661e-06,2.97411520257722e-05,0,0.00728241510399982,-1,163774.584109604,0.00728241726575899,-0.00728241510399982,3,0.20493640805272,-0.204936405894646,2.15807463613256e-09
1.93126768874634e-05,3.77124150304369e-05,4.39594184250262e-16,0.0127218213471423,-1,11696381.9785563,0.0127218360061956,-0.0127218213471423,3,0.0485101899087538,-0.0485101752497007,1.46590531245611e-08
4.35676749201411e-05,2.8583431454691,4.14089699314377e-07,5.88989907673466e-09,-1,1.00004174911278,0.00064497119443198,-5.88989907673466e-09,2,0.000645078796934584,-1.17818777046181e-05,0.000633296919229966
0.0268971505644417,7939740.38127441,0.52902468669683,214.683218519798,1,5024256.3196643,214.684452306549,214.683218519798,3,73409917972.3421,-73409917542.9759,429.366216770233
0.00117822044605345,1014327.81233118,1.27292980747846e-05,1.38858229473137e-05,1,2357.8099681597,0.00375735203439362,1.38858229473137e-05,2,41930.6389482765,-41930.6389482763,1.68343505469803e-10
0.162440393097516,0.171056943345586,0.000328751431471037,0.000605828650854752,1,495.81439896977,0.16345029755097,0.000605828650854752,3,0.172208266284038,-0.00815215789518748,0.16405610838885
0.000163445264852302,0.0031286169215026,9.73062355546355e-09,20651.9130056721,1,1.00146986235255,20651.9130056721,20651.9130056721,3,20651.9130056721,20651.9130056718,41303.8260113439
2.62574397965145e-05,0.631633089049651,6.74035004927802e-15,0.00302952622231417,1,13.1355637891377,0.00302964001022798,0.00302952622231417,2,2.08487030697051,-2.08487030680516,1.65348387077088e-10
1.70705204664864e-05,8.51049131835499e-05,3.28298886730768e-09,0.000592544318640851,1,13645618182.0631,0.00059555281973126,0.000592544318640851,3,0.000598478272269807,0.000589618866102304,0.00118809713837211
2.37796801189824e-05,0.00255513124603109,7.08740093010881e-16,0.000362317432312276,1,1.00003524607723,0.000363096950761999,0.000362317432312276,2,0.000369232416460817,-0.000368465878298375,7.6653816244188e-07
0.000157211965255937,3088.72814709492,0,0.000191465093746255,1,2.76528000019641,0.000247738741707663,0.000191465093746255,2,0.00627107482485483,-0.006269103911797,1.97091305783357e-06
0.855831815264523,864.886244882133,11.8939612199373,543340868.916153,-1,1.08330475728974,543340868.916153,-543340868.916153,1,543340868.916153,-543340868.916153,1.16192339268931e-08
0.00341441518807919,25.3058300936157,0.00132908047899526,3.88605157354778e-07,1,1.00001068817257,0.0366160990579672,3.88605157354778e-07,2,0.0366176680965212,-0.000338978989230105,0.0362786891072911
0.331224010197299,0.550564296265742,0,0.914676186864394,1,1260.21834085162,0.972801044277795,0.914676186864394,3,1.02403654220717,0.863440672804459,1.88747721501163
0.00260901254461091,1.42787176556532,1.8617281570556e-08,4.06666321065509e-06,1,1.00013222657143,0.00261258115228165,4.06666321065509e-06,2,0.00261409534037169,-8.90545284941745e-05,0.00252504081187751
0.000649379400689151,2.64945401541535,0,103.940378404113,1,1.00000228682687,103.940378406141,103.940378404113,3,103.940450479012,103.906677548655,207.847128027667
2.56888298007727e-06,0.0287750766544431,0,0.00089490382021134,-1,1.19480136178577,0.000894907507281404,-0.00089490382021134,1,0.000894907507281404,-0.00089490382021134,3.68707006373409e-09
1.98628677241066e-05,0.138339211771928,0,0.00138861944705858,1,3050465496143.49,0.00138876149941719,0.00138861944705858,3,3.4466736338229,-3.44389625287642,0.00277738094647577
0.0990117754408872,730643.457738034,0,29.3264280381416,1,277294.307288102,29.3265951792562,29.3264280381416,3,4553128275.67451,-4553128217.05109,58.6234159736046
0.000149390815429764,0.00312401608686225,1.25219964499722e-07,2.50448429327939e-07,1,1633663.55993338,0.000384106291225368,2.50448429327939e-07,3,0.0130509310021011,-0.0126665742624488,0.000384356739652323
0.532179360987765,0.681889780350642,0,670199474.434116,1,7757333.82300885,670199474.434116,670199474.434116,3,670199474.434116,670199474.434116,1340398948.86823
0.000928274217945999,0.0537550399199757,2.76108215284697e-05,41345.7141482633,1,26399073228759.9,41345.7141482636,41345.7141482633,3,41345.7141482811,41345.7141482458,82691.428296527
0.955192577370441,32798024.7422633,560.267061741072,1.88570015918656,-1,204.404463503503,23.7641604036686,-1.88570015918656,2,1828194.09841044,-1828194.09825696,0.000153479177925478
6.26806940752152e-06,0.149030290888194,2.7065921197152e-15,3.08927885656746e-07,-1,111.632516443872,6.27589333307724e-06,-3.08927885656746e-07,2,0.148712516559861,-0.148712516427756,1.32105224281047e-10
0.000163939367321602,0.0371590766508637,3.1914332086287e-13,8.06572340829439e-07,1,44078.7096168083,0.000163942324797683,8.06572340829439e-07,3,4.19072049137224,-4.19055574355351,0.000164747818728365
0.0129625058431105,0.0578093590471911,0,0.042912092715164,-1,1.02148794724106,0.044827159835612,-0.042912092715164,1,0.044827159835612,-0.042912092715164,0.00191506712044801
0.000156420884113758,3.40028472433542,0,0.996308112185474,-1,9905.07168032122,0.996308124464553,-0.996308112185474,2,2.4094118786516,-2.40941187357411,5.07748244073643e-09
8.58202488539889e-06,12.6499834635917,3.70944731843125e-15,3.39738124976673e-05,-1,1.63470501796938,3.50410444508661e-05,-3.39738124976673e-05,1,3.50410444508661e-05,-3.39738124976673e-05,1.06723195319888e-06
0.665758894593004,29103.5042520432,1.95183647122556,286304217.621372,1,84155.9656585683,286304217.621372,286304217.621372,3,286304218.360982,286304216.881762,572608435.242744
0.013352567638664,9.55358961555177,0,2.76676516773518e-05,1,1.06091639161198,0.0133525963034927,2.76676516773518e-05,2,0.0167260628877292,-0.0100732376711351,0.00665282521659414
0.000678053322819473,217.148942177779,0,117807581.522863,1,910836898822.804,117807581.522863,117807581.522863,3,117807581.522963,117807581.522763,235615163.045727
1.52608015133703e-05,8127.34015364704,6.74106855500174e-11,301147.617354885,1,356906202294.956,301147.617354885,301147.617354885,3,301202.452304729,301092.782405041,602295.23470977
0.00144020117111801,0.116313559926592,5.19372863632778e-14,1.06674830228467,1,393358870.505723,1.06674927448145,1.06674830228467,3,1.06991936714775,1.06357820961836,2.13349757676611
0.00843289227532189,179.436990165348,0.0300937905563201,34546191.007565,1,29871.6591463378,34546191.007565,34546191.007565,3,34546191.007798,34546191.007332,69092382.0151299
0.00204784032203811,0.00946844978957698,3.53910107082068e-07,0.000837479490121998,-1,1473.78108101708,0.00229105477630331,-0.000837479490121998,3,0.0316869524017052,-0.030233383882442,0.00145356851926312
0.00714950316390769,92776.3604811334,7.87378220367718e-05,6.59961434339656,-1,20906948.2381368,6.59962418132905,-6.59961434339656,2,8600330118.43624,-8600330118.43624,7.54931588318546e-15
0.00338500539352328,0.203591241672179,7.42443045752942e-06,8371.88899411671,-1,6498895611101.88,8371.88899411784,-8371.88899411671,3,18380423.718398,-18380423.718398,1.12774380915334e-09
1.15907517283e-05,0.378548799159782,0,2.05762703348515e-06,1,1.0000133037315,1.17719732685739e-05,2.05762703348515e-06,2,1.17938275477847e-05,-2.1791839297765e-06,9.61464361800818e-06
0.0029467265866529,0.0197705733119487,0,39018.2521231197,1,1.00320976686254,39018.2521231198,39018.2521231197,3,39018.2521231202,39018.2521231152,78036.5042462354
0.130472691342563,0.296318945025888,2.90055363053551e-10,401.808855994904,1,1.00337874828333,401.808877178014,401.808855994904,3,401.808883852854,401.808774590798,803.617658443653
9.1078560808613e-06,0.0320812999009641,4.02662750377554e-13,1.47504769100282e-07,1,1.00010423428644,9.1311260421137e-06,1.47504769100282e-07,2,9.13919337890254e-06,-4.11279074250439e-07,8.7279143046521e-06
0.0365097385503179,1.5000956178155,0.175636184476064,85.7521221532213,-1,1.00076075003488,85.7531540115375,-85.7521221532213,1,85.7531540115375,-85.7521221532213,0.00103185831621336
0.16723805455709,38544293.409919,0.00174564541799147,295771.659073199,-1,1.00108684775157,295771.659073249,-295771.659073199,1,295771.659073249,-295771.659073199,5.02316760218655e-08
0.0012171519777511,8.4123086978612,4.51768900635409e-12,3.9823481252583e-07,1,12111.0445656225,0.00121715389874222,3.9823481252583e-07,3,31912.4270650345,-31912.4259562668,0.00110876773354257
0.0532927219871262,0.364832290098259,2.70892320482082,665109.783147219,-1,5278349261484.64,665109.783149258,-665109.783147219,3,697059.051360006,-697059.051357967,2.03858324425911e-06
1.59361469364859e-05,0.0429554429327467,4.00458529537754e-14,0.00123688883429255,1,963783.873686589,0.00123699150733649,0.00123688883429255,3,0.374167280957364,-0.371693400615936,0.0024738803414283
2.71916265726009e-05,0.0121839085488071,1.22422953280552e-13,67.1420262938996,1,713504825.404426,67.1420262939052,67.1420262938996,3,67.1420268466398,67.142025741165,134.284052587805
1.09134697211413e-06,0.000124466640671269,2.94776377556099e-19,0.00213610075555208,-1,8117782.32359422,0.00213610103434006,-0.00213610075555208,3,27.8054959791651,-27.8054959788865,2.78577023980644e-10
0.000383630539123312,6093.87368174978,4.13426390475561e-10,7.71357211794744e-06,-1,1087331372456.07,0.000384246426311732,-7.71357211794744e-06,3,49312159666.2421,-49312159666.2418,0.00037653285417293
1.64258548424688e-06,9.56498352161872,2.14579358358582e-15,6.15547541299782e-07,-1,492373.606183517,1.754745463662e-06,-6.15547541299782e-07,2,552355.532989999,-552355.532989999,2.44428878264812e-18
0.583201086509544,6546.4715461848,954.300990368178,2188390777.01472,-1,669.476896107637,2188390777.01472,-2188390777.01472,1,2188390777.01472,-2188390777.01472,2.18114864105247e-07
0.266491228628343,2876252.06234685,563.575554423274,2899394567.89062,-1,14105189.393305,2899394567.89062,-2899394567.89062,1,2899394567.89062,-2899394567.89062,9.7200736015774e-08
1.92604393852107e-05,0.00202571781429175,4.20980024581795e-17,7.59015671848199,1,1.00000800618553,7.59015671850642,7.59015671848199,3,7.5901567195837,7.59015644926434,15.180313168848
0.0219108957469675,187.768287873388,0,20.8085836220796,-1,12.1649632416513,20.8085951578772,-20.8085836220796,1,20.8085951578772,-20.8085836220796,1.15357976323396e-05
5.4743442230525e-05,35711.3461699006,5.87716565161554e-17,2953666.48014794,1,1146128619361.06,2953666.48014794,2953666.48014794,3,2953774.42228137,2953558.5380145,5907332.96029587
0.000447870326615073,5125.1792855606,1.14093541974445e-13,0.207293114518765,1,2.49678595803171,0.207293598345037,0.207293114518765,2,4.74537553847695,-4.74537551734185,2.11350969355426e-08
0.00505631252361891,55612.1500245466,6.93655601557063e-07,331198.488571793,1,4756335.50887222,331198.488571793,331198.488571793,3,333532.973281921,328864.003861666,662396.977143586
0.00126341880073706,94464.243395778,1.43053051192648e-05,3.70183942282185e-07,1,10033.0397563324,0.00398767254452479,3.70183942282185e-07,2,802887.807003309,-802887.807003308,9.90271121731902e-12
1.81955582047996e-06,0.00717180841306704,1.20354452978991e-17,0.209330061726256,1,195224272741.551,0.209330061734164,0.209330061726256,3,0.209391489643966,0.209268633816454,0.41866012346042
2.12441309142214e-05,0.0173807242658867,4.9905557536765e-07,6.09039045262456e-05,1,90927598274.0833,0.000709377314306352,6.09039045262456e-05,3,0.196799530694598,-0.196029249475766,0.000770281218832597
0.0221484762470806,13.1902078393511,4.1950032642857e-11,4189790604.69234,-1,1911012282.30889,4189790604.69234,-4189790604.69234,1,4189790604.69234,-4189790604.69234,5.85417134531892e-14
0.00403179394113846,65192.1602754093,0.00572251057599952,0.00183323558599921,1,2.66860147444394,0.0757768215953737,0.00183323558599921,2,1.02771040133424,-1.02491458330546,0.00279581802878164
1.11352180253063e-05,0.0506520199324213,1.80976673584753e-07,3.43202291553293,1,1.00003376190035,3.43202294191689,3.43202291553293,3,3.4320259884086,3.43165216433894,6.86367815274754
9.65241372797908e-06,0.0137350942188829,7.43867371493483e-16,11981.1105769312,-1,1.00129869806032,11981.1105769312,-11981.1105769312,1,11981.1105769312,-11981.1105769312,3.8881969265371e-15
0.300162877837498,15633.633356542,0.00589593769807696,3738566.1590639,1,1.00895523619956,3738566.15906392,3738566.1590639,3,3738569.99464825,3738537.3068076,7477107.30145585
1.75091168343481e-05,57.3299455361374,0,0.000593728391375024,-1,1.00000210495319,0.000593986508177663,-0.000593728391375024,1,0.000593986508177663,-0.000593728391375024,2.58116802638673e-07
0.265541316192581,105706680.312783,0.187031503978125,1048329.03645294,-1,21.7876955315822,1048329.03645307,-1048329.03645294,1,1048329.03645307,-1048329.03645294,1.22835333959081e-07
0.000565509548401118,0.220006835045228,2.1625451030832e-07,189865618.295741,-1,1.27402833583657,189865618.295741,-189865618.295741,1,189865618.295741,-189865618.295741,1.41167096089556e-15
0.000506575658067994,1.36967674289723,5.67183810839647e-06,349698.46910153,1,632769.65996085,349698.46910153,349698.46910153,3,349698.469102871,349698.469100188,699396.938203059
3.38684975117309e-05,0.161471218922013,0,0.0038905521734607,-1,21147052311.0499,0.00389069958870426,-0.0038905521734607,3,88433.7125810612,-88433.7125809138,1.47415243458669e-07
7.43219497020519e-06,0.62051488040327,0,0.00098073821773016,-1,1.00031827586322,0.000980766378521718,-0.00098073821773016,1,0.000980766378521718,-0.00098073821773016,2.81607915580179e-08
2.40289732716752e-05,462.687500181516,1.1469899965574e-17,68.1842470621039,-1,42223294.8233001,68.1842470621081,-68.1842470621039,2,15096.9990482784,-15096.9990482784,1.91227265138706e-14
3.10702087929775e-06,0.00124012973485832,1.16343588602087e-18,0.00253149798504291,1,15000328.8891934,0.00253149989173538,0.00253149798504291,3,0.00268337750882413,0.00237962036795415,0.00506299787677829
9.6225355853234e-05,0.524726154896707,9.71982289379019e-06,1067.76846948145,1,1.0200649661936,1067.76846948601,1067.76846948145,3,1067.76849073827,1067.76836180242,2135.53685254069
0.000102980510202586,1.53462468912612,5.831446745061e-16,0.0120182071906957,-1,10804218.4311776,0.0120186483875914,-0.0120182071906957,3,2741950.20682061,-2741950.20682018,4.29452170688105e-07
3.01492047577344e-06,0.0119583071377808,0,6.1854125639615e-10,1,2.2395845967967,3.01492053922342e-06,6.1854125639615e-10,2,2.72347415166775e-05,-2.70673493346688e-05,1.67392182008634e-07
0.877455635697124,3298887.81061314,0.000498126478627098,2463.74378889276,1,572136206625.966,2463.74394524556,2463.74378889276,3,1104283323.90871,-1104278396.42098,4927.48773413832
0.153199138084643,19.5800416148878,2.14329397154784,100.180152801822,1,823.703728342015,100.190966555592,100.180152801822,3,101.147577520778,99.223541131677,200.371118652456
3.23744813756965e-05,0.00994014583286792,6.24271023792197e-16,0.0338480002888774,1,354735680611.76,0.0338480157714379,0.0338480002888774,3,0.0345777887833653,0.03311822727695,0.0676960160603153
0.126441766763879,10340.0959581425,9.4660927811219e-08,41107.594709598,-1,2069103536.99459,41107.5947097925,-41107.594709598,2,1665045334963.04,-1665045334963.04,4.80095487719979e-15
1.38381511450149e-06,0.00996532627991979,6.95334527723787e-13,0.463974185632044,-1,328083276697.34,0.463974185634857,-0.463974185632044,3,17652354.0995134,-17652354.0995134,2.81287492877033e-12
3.36046901278495e-05,3.64719261783257,6.49283836238471e-13,120263.494118843,-1,42177815577197.9,120263.494118843,-120263.494118843,2,16714129709313,-16714129709313,3.38014752211548e-23
1.99408709814342e-05,0.00168694392509574,0,0.0368014382730899,-1,260288247.193277,0.0368014436755732,-0.0368014382730899,3,263.377109041774,-263.377109036371,5.40248128776304e-09
0.699239899604098,1921309.86977404,1254.60655535325,43125.6259274707,1,742.655241057425,43125.6404790888,43125.6259274707,3,21447220.6157472,-21360988.7534165,86231.8623307055
0.00022158952534208,125913.024664222,9.45094155581762e-16,931.784851772869,-1,51.4486624624522,931.784851772896,-931.784851772869,1,931.784851772896,-931.784851772869,2.63483134507916e-11
0.0016274260522561,4361.64353249993,0,1.2250377140251,-1,72430.7324123726,1.2250387950181,-1.2250377140251,2,11342.2347284295,-11342.2347284293,1.16754573458233e-10
0.186276439459634,227171.370465117,197.676019006951,101871.52462005,-1,2.62330568081021,101871.525590442,-101871.52462005,1,101871.525590442,-101871.52462005,0.000970392451249693
9.6507061504205e-05,55.7375302394388,2.68041423499041e-09,0.82148084993066,-1,1.00380520808129,0.821480857230907,-0.82148084993066,1,0.821480857230907,-0.82148084993066,7.30024753643715e-09
6.58541131384484e-06,2.16938875297076,3.27562527002777e-10,980651.968450867,1,8591904365148.43,980651.968450867,980651.968450867,3,980651.968452067,980651.968449667,1961303.93690173
0.162040323359049,6600.66555950051,0.0038470727746661,0.0122292858059726,-1,1.00322812280671,0.173935892214044,-0.0122292858059726,2,0.174212263399526,-0.0156771665110251,0.158535096888501
0.00181019259832323,0.0526742611016892,1.46162191188857e-13,7.25186696965816,1,32889261152.6853,7.251867195586,7.25186696965816,3,7.25196273308531,7.25177143215886,14.5037341652442
1.20804358920759e-05,0.881094228221418,1.83191650663413e-13,6.72362471544853e-05,1,1.00054247382834,6.83142229291401e-05,6.72362471544853e-05,2,7.28948297476597e-05,-7.18855763067048e-05,1.00925344095492e-06
0.250745610383217,137552806.644783,0,21359.7819624963,1,23649557.3599018,21359.781963968,21359.7819624963,3,221453296680.079,-221453253960.515,42719.5637284913
0.358667867352495,0.571010039902481,0.0144989983851955,80.9365324723934,1,4.95557436938375,80.9374167507973,80.9365324723934,3,80.9380201777644,80.9359163711152,161.87393654888
2.52682314111347e-05,0.00649855037143014,2.07478758481656e-11,0.000407102258677509,-1,7015052.11284764,0.000407911118278019,-0.000407102258677509,3,26.1053909440226,-26.1053901351633,8.08859335274843e-07
0.000242152530966031,36145.4135982069,3.14028601660862e-08,0.00824324302645894,1,47282947388773.7,0.00824870270416405,0.00824324302645894,3,39609969179.069,-39609969179.0525,0.016491945730623
0.0145132831734409,214.462053394192,0.00334284377890373,552422359.785178,-1,146371.163386545,552422359.785178,-552422359.785178,1,552422359.785178,-552422359.785178,3.21627021827833e-12
2.91029346944127e-05,37.3685004651779,2.3137520692754e-17,2460.80180664054,1,86340.6300454917,2460.80180664054,2460.80180664054,3,2460.9436714611,2460.65994181997,4921.60361328107
5.57980289155201e-06,4.71063384920929e-05,3.36612338549371e-17,1208834.43337595,1,1.00001011876498,1208834.43337595,1208834.43337595,3,1208834.43337595,1208834.43337595,2417668.8667519
0.0385124603861687,17113080.2452017,3.89995146566995e-10,0.00219866700644209,1,587.922609758957,0.0385751750689038,0.00219866700644209,2,28187.1604935214,-28187.1604934951,2.63100285559618e-08
1.85875906909013e-06,0.00272858839300368,0,0.221908334209288,1,1.00088440084163,0.221908334217073,0.221908334209288,3,0.22190901085927,0.22189223489325,0.44380124575252
1.47937707790666e-05,1797.1731800861,1.96194606422339e-10,1.55413707412594e-09,1,15.2603092132931,2.03727823995949e-05,1.55413707412594e-09,2,0.00946905592041831,-0.0094690340042556,2.19161627142316e-08
0.00179530459263025,1.49483422265034,0,4573037.75370004,-1,716812776567.695,4573037.75370004,-4573037.75370004,2,362145399248.208,-362145399248.208,4.4500338634845e-18
0.000191181925698631,0.257775931484194,2.07384942663602e-13,80.5951193410981,1,42.233719702968,80.5951193413249,80.5951193410981,3,80.5953254303502,80.594913194278,161.190238624628
0.0210735515985893,4222845.03413805,9.24938162143899e-07,22056332.9583325,1,11677762.5481122,22056332.9583325,22056332.9583325,3,22258456.5413419,21854209.3753231,44112665.9166649
0.00132354141418163,218.971347780548,0,1.00254125453912,-1,1.00149549460068,1.00254212819949,-1.00254125453912,1,1.00254212819949,-1.00254125453912,8.73660362523818e-07
0.00173683744717207,3270.60320218047,0,0.00509087430282679,1,1.25892194435975,0.00537899669874237,0.00509087430282679,2,0.0214741169712389,-0.0214037635797201,7.03533915188284e-05
8.8501336239032e-05,0.000325518752457108,4.7577963838213e-12,2841.32377897069,-1,1.37200490854568,2841.32377897069,-2841.32377897069,1,2841.32377897069,-2841.32377897069,1.37915368366029e-12
0.507235686843174,24487517.1087752,9.81155312444249,61940.4245252227,-1,181508526.928433,61940.4246065011,-61940.4245252227,2,5355492020036.12,-5355492020036.12,9.40048190603208e-13
0.0956845496893797,24.2329210978571,3.53438035997334e-05,8.38197586217425e-05,1,70258842496.1498,0.0958690976207195,8.38197586217425e-05,3,3060.06176403948,-3059.9658111221,0.0959529173793413
0.0375616796188769,6.59724849892835,0.00259491422121096,5.17421865094477,1,1.01104472880144,5.17460572814796,5.17421865094477,2,6.96379050126627,-6.96350287940842,0.000287621857852186
8.15966576432259e-06,1.45640923190873e-05,1.62618330469245e-12,1.62644779711256e-05,-1,1.00000288786703,1.8241150521921e-05,-1.62644779711256e-05,1,1.8241150521921e-05,-1.62644779711256e-05,1.97667255079545e-06
0.0365077712495385,5045.34668642906,1.44029362804077e-11,0.00011269085997518,-1,13885.9908415249,0.0365079453714049,-0.00011269085997518,2,14035519.89854,-14035519.89854,4.74801569748124e-11
1.36613868541349e-05,0.02014243694775,2.15641299814179e-09,59208.0960428632,1,134483.565810213,59208.0960428632,59208.0960428632,3,59208.0960428649,59208.0960428615,118416.192085726
1.5634101137813e-05,0.303654667941956,5.90282024063791e-15,509.503611459115,-1,2180579.49842089,509.503611459115,-509.503611459115,1,509.503611459115,-509.503611459115,2.39871725842734e-13
1.13623166079229e-06,1.9845131236181,7.36334774260988e-11,1.80217512648695e-07,-1,29670.1163339602,8.65776981473583e-06,-1.80217512648695e-07,2,14925.8465206854,-14925.8465206854,2.50989113780747e-15
1.96584589154843e-06,0.150600634497054,2.55300142700933e-18,2.30136248939667e-08,-1,1.90776547238676,1.9659812433617e-06,-2.30136248939667e-08,2,1.22020065011676e-05,-1.20426081075578e-05,1.5939839360979e-07
8.28520332336051e-05,6.68383817418225,6.72997651375519e-16,1.60186044204618,1,8.52362563161675,1.60186044418883,1.60186044204618,3,8.65792949446999,-5.50327633256386,3.15465316190613
0.000221320376630572,378.312318705444,8.20031020226259e-13,0.000491334790534138,-1,60792106.0619339,0.000538881624786134,-0.000491334790534138,3,1511545828.02612,-1511545828.02607,4.73423325415107e-05
0.0179950395974499,10142807.4149447,0.417374918548788,10210.1236458552,1,17397836.3736763,10210.1236663103,10210.1236458552,3,2518993959.55974,-2518973539.31244,20420.2473080044
0.00634585281677535,0.0365293937300707,1.44285957848795e-09,23.2365122446567,-1,35692.2959020604,23.2365131112086,-23.2365122446567,2,2207.87036334048,-2207.87036333136,9.11994007902425e-09
1.58546644220315e-05,2721.45894294358,1.16098487295441e-11,351.194710660946,1,9.07556219975259,351.194710660946,351.194710660946,3,5873.30965068401,-5204.75047189492,668.559178789095
0.00331333787145005,35103.447468925,0,1983105559.2221,-1,1.00123010704051,1983105559.2221,-1983105559.2221,1,1983105559.2221,-1983105559.2221,2.76793330524763e-15
0.00325885077190509,0.0172823092807898,7.52786286365754e-05,0.022649377729751,-1,1.00903839612846,0.0244722914443062,-0.022649377729751,1,0.0244722914443062,-0.022649377729751,0.00182291371455519
0.413981899723652,2763.99274764474,0,3473265.20107488,1,102785.271518832,3473265.2010749,3473265.20107488,3,3473265.75096494,3473264.65118484,6946530.40214978
0.0821567625954947,2390.07095629883,0.046858552254055,0.0272086254496165,1,3.22817926697538,0.233127851603117,0.0272086254496165,2,5.16498393201534,-5.15979173340188,0.00519219861345638
0.000835649597093301,0.782383515800883,0,88043.7957245346,1,1.6896129636265,88043.7957245346,88043.7957245346,3,88043.7957260861,88043.7957226099,176087.591448696
0.000357260405479729,0.333820413269807,5.32153354092842e-11,0.00124974709546208,-1,211247807.962209,0.00129982922542727,-0.00124974709546208,3,1112.53326268523,-1112.5332126031,5.00821299527239e-05
7.46140920130513e-06,0.00234705003875184,2.84983782124238e-14,2718293.41316895,-1,1.00129404597832,2718293.41316895,-2718293.41316895,1,2718293.41316895,-2718293.41316895,1.02456058234342e-17
0.0193343278034888,279029.404585756,6.9093286699073e-12,14524.4407459875,1,2603024292481.88,14524.4407460004,14524.4407459875,3,1354634.70703896,-1325585.82554698,29048.8814919879
1.01923087278913e-05,8868.83449199216,0,0.0011395311047134,1,767408579.338361,0.00113957668533826,0.0011395311047134,3,17256035720.4149,-17256035720.4126,0.00227909313937326
5.80916572301433e-05,14.2388472607764,6.74529177520603e-06,23473855.2275608,-1,20096479977.4417,23473855.2275608,-23473855.2275608,2,116111043.816654,-116111043.816654,2.90612597820682e-14
3.48602000324951e-06,84.1952459949326,1.16665847308908e-07,8.93314560842182e-08,1,1.00009163943733,0.000341581626590893,8.93314560842182e-08,2,0.000341709260745225,-9.33912387094427e-06,0.000332370136874281
1.31629433916035e-06,11.8650414251829,3.90018881353205e-15,4.58602748513759e-05,1,56669758326967.2,4.5879203790169e-05,4.58602748513759e-05,3,767277.131472429,-767277.131380689,9.17394786415449e-05
0.000638685853464268,116.334282064677,6.44144456786904e-11,725963.964859429,1,10453089122230.2,725963.964859429,725963.964859429,3,725963.969520014,725963.960198845,1451927.92971886
0.0113508256217643,1.14047502078182,0,0.016418278462314,-1,1.01561584155466,0.0199599877244898,-0.016418278462314,1,0.0199599877244898,-0.016418278462314,0.00354170926217583
0.000340789310083282,0.00249154668084316,1.22936373809459e-11,0.30465203400581,1,12356017632761.5,0.304652224632489,0.30465203400581,3,0.304657223504089,0.304647035134209,0.609304258638299
0.0395839046837135,46.6803593992487,0,499262633.414162,1,49786625875.0344,499262633.414162,499262633.414162,3,499262633.414163,499262633.414161,998525266.828323
0.000353519277239867,0.751408719965443,0,0.000328365584651294,-1,73406490.4599275,0.000482493353906128,-0.000328365584651294,3,1831.64620998489,-1831.64605585712,0.000154127769084875
0.0307475518030584,14419.334369961,3.40698324162828e-05,2064.85715573537,1,44147073.0391321,2064.85715597255,2064.85715573537,3,27238.1727873153,-23108.4584756074,4129.71431170792
0.00699870960404013,12.1669096843852,0,995659245.025416,-1,990608958.008612,995659245.025416,-995659245.025416,1,995659245.025416,-995659245.025416,2.45977408266988e-14
2.83021610677836e-05,0.00102608107230958,6.67107763791491e-17,634.377043292339,-1,679036.408789762,634.37704329234,-634.377043292339,1,634.37704329234,-634.377043292339,6.31337779548567e-13
0.459331972480948,20954628.979621,95.0341306372068,6.27022220072136,-1,86245727.8406732,11.6000346096281,-6.27022220072136,3,41213911297123.2,-41213911297117.9,5.32704203330907
0.00751635332799084,14116.682799318,4.89170414448682e-12,2419511.27434572,-1,41987231729782.1,2419511.27434572,-2419511.27434572,2,41164348453918184,-41164348453918184,6.86219682380588e-22
5.88042669179425e-06,9.13566118437598,0,1.2942854413634e-07,1,1.00023528039303,5.88185088433934e-06,1.2942854413634e-07,2,5.89300395869608e-06,-3.84808497361146e-07,5.50819546133493e-06
0.195949927625731,3571762.87655012,2.33325952653611e-07,2.09939879619454,1,1.0000760839145,2.10852363347569,2.09939879619454,2,2.16096510683272,-2.15206263512149,0.00890247171122639
0.000768542905706784,2665.2327206575,1.73845085614035e-13,0.13760690331814,1,2491.63472515521,0.137609049481419,0.13760690331814,2,3417215.08193674,-3417215.08193674,8.64239384403265e-14
1.04266406923036e-06,0.0849484116416158,0,394.100484884846,1,897973573.812719,394.100484884846,394.100484884846,3,394.100489462506,394.100480307186,788.200969769692
0.0194561114757867,43.2679830946602,0,3.46365933185806,-1,60780.2650156223,3.46371397598606,-3.46365933185806,2,403737.114065426,-403737.114065426,4.68795486680098e-10
0.0972931881916058,1.82853944297036,0,54262935928.3573,1,1.00230802033095,54262935928.3573,54262935928.3573,3,54262935928.3573,54262935928.3573,108525871856.715
9.27155670589274e-06,83.42096467583,1.55273306178752e-11,9.905988899506e-05,-1,1.00002568279453,9.95708325870688e-05,-9.905988899506e-05,1,9.95708325870688e-05,-9.905988899506e-05,5.10943592008735e-07
4.11979424096121e-06,220.631537456479,1.27831222802453e-13,0.00140828186779026,1,8409929947.63106,0.00140828793919518,0.00140828186779026,3,8641411.12509807,-8641411.1222815,0.00281656980692435
0.552254796883654,22399667.2842067,4.59593535692117,1204574711.46862,1,149811.498888213,1204574711.46862,1204574711.46862,3,1204678844.71367,1204470578.22357,2409149422.93725
0.196101201698657,8160.01756402796,0.00281591391716962,4871.24336628969,1,164435655.274011,4871.24337052594,4871.24336628969,3,8288.53755862934,1453.94917818629,9742.48673681563
1.83625490529248e-05,1.40004716736492,0,1.18312243299282e-08,1,1.00000120388029,1.83625528644287e-05,1.18312243299282e-08,2,1.8362678006727e-05,-6.88175679996371e-08,1.82938604387274e-05
1.26970399218966e-05,2180.30993654498,1.43586489037012e-09,5.29135741655292e-09,-1,1324.03289716274,3.99634800930402e-05,-5.29135741655292e-09,2,140.098413492792,-140.098413492786,5.69984938919582e-12
1.00118612883258e-05,2.20553485488472e-05,0,2.45824446956033,1,2.80604451995639,2.45824446958071,2.45824446956033,3,2.45824446961866,2.45824446951972,4.91648893913837
0.00212720697443752,0.00280275232589957,1.00695706384586e-08,0.00189010391845681,-1,1218942477.5026,0.00284737983158199,-0.00189010391845681,3,0.00458690500012361,-0.00362962908699844,0.000957275913125176
0.00234949270365572,25874.2682038606,0,2.54010550976506e-07,-1,7452926.32588767,0.00234949271738663,-2.54010550976506e-07,2,260982147100.867,-260982147100.867,1.05756581931981e-17
0.019696316997009,155.099923769551,7.00512898102487e-12,18286.5517561069,-1,882904448567.843,18286.5517561175,-18286.5517561069,3,1134004326353.99,-1134004326353.99,1.06066554572434e-08
0.0010484831295251,2.26865983214847,1.47610444319073e-09,1.11545772190832e-06,-1,23773.4642170277,0.00104918741013599,-1.11545772190832e-06,3,2460.48478074247,-2460.48373484725,0.00104589521740991
3.79837565419906e-05,1.19376215892448,0,0.000736700270483234,-1,1.00000404397665,0.000737678828685703,-0.000736700270483234,1,0.000737678828685703,-0.000736700270483234,9.78558202469402e-07
0.111070389433051,1.19705152956925,0,151215.232382866,-1,1.00015264975961,151215.232382907,-151215.232382866,1,151215.232382907,-151215.232382866,4.07916293034969e-08
7.23553350338501e-05,0.062816135167734,2.15431298525842e-05,2776.95702386872,1,296.867103168165,2776.9570238726,2776.95702386872,3,2776.95702422783,2776.95702351348,5553.91404774131
1.72497313123783e-05,227.960703770048,8.63566937640645e-17,0.0118307795384887,1,99324660145.2241,0.0118307921138713,0.0118307795384887,3,1098111.39738941,-1098111.37372784,0.02366157165236
0.0983907705376113,1.20383936443688,0,2364.43058575059,1,468225.942453376,2364.43058779775,2364.43058575059,3,2364.43074000654,2364.4304335418,4728.86117354834
0.0017772151085203,141775.728458823,0.0277213152877515,0.00124554937794464,-1,438.013575984918,0.166511336474567,-0.00124554937794464,2,63414.2649821621,-63414.2649819435,2.18598085061302e-07
0.00824113860133334,64.7855139359458,0,58874955.0481446,-1,1.97463043075744,58874955.0481446,-58874955.0481446,1,58874955.0481446,-58874955.0481446,5.76784860309858e-13
0.000299153635734653,74228.7375231837,0,0.0027454666784094,-1,24141.2746332477,0.0027617168899128,-0.0027454666784094,2,18941.283592422,-18941.283592422,2.36237679818769e-12
3.20808679737701e-06,790.637975262148,9.50581228872401e-09,1.90204390580602e-08,1,83554878.2242922,9.75505226608275e-05,1.90204390580602e-08,3,3210967326.55208,-3210967326.55198,9.73395778209126e-05
0.000429610600217187,0.00240927775461644,0,12161.8295956021,-1,840852.12066961,12161.8295956021,-12161.8295956021,1,12161.8295956021,-12161.8295956021,7.58789071858534e-12
1.30317848844619e-06,961.241314951472,2.82933957803892e-09,0.502847621712768,-1,21047479692706.8,0.502847624527773,-0.502847621712768,3,164128561816222,-164128561816222,2.81482045338411e-09
0.331051526336235,22181382.8089482,0,4325.04188750935,-1,234873787330.509,4325.04190017919,-4325.04188750935,2,1397880260453974784,-1397880260453974784,3.92004652293891e-20
0.696157788192844,20948316.7936931,0.000133669715855021,11483.071486553,1,1.00001547970848,11483.071507661,11483.071486553,2,11611.5713498837,-11611.5713290093,2.0874407158425e-05
4.63641455957948e-05,1058.44105000844,2.29457490694106e-06,2.52379716215226e-05,-1,1093297103823.86,0.00151570495022925,-2.52379716215226e-05,3,375820958.272452,-375820958.270962,0.00149046697860757
0.000745882303816874,69.5920461322559,2.7267646099768e-14,3110657.9805162,1,134301.071869287,3110657.9805162,3110657.9805162,3,3110657.98090543,3110657.98012697,6221315.9610324
0.114134013051457,2665240.68764484,2.68958178819119,0.0602746851893637,1,39337549347.4731,1.64506577339664,0.0602746851893637,3,2082724270723.11,-2082724270721.41,1.70534045791305
0.000189632826068468,17.5091364457501,4.22166195014541e-09,5.17800725078224e-06,1,18.1531770737185,0.000200522024805128,5.17800725078224e-06,2,0.135366183660636,-0.135366035239916,1.48420719321993e-07
0.00177959757581856,0.0215685950462406,3.5159985387456e-12,0.0135387016741492,-1,1.00479364260177,0.0136551607119604,-0.0135387016741492,1,0.0136551607119604,-0.0135387016741492,0.000116459037811249
3.82683167908939e-05,2028.96720237716,0,109.503980173564,-1,1221746838538.22,109.50398017357,-109.503980173564,2,19962331522732.1,-19962331522732.1,3.66806870314861e-23
9.5311542373591e-05,0.000310453403968422,6.3628537485845e-13,14086050.66378,-1,6185432773.16278,14086050.66378,-14086050.66378,1,14086050.66378,-14086050.66378,3.22479544190769e-16
0.00343563088807805,8.18215700592453,1.43717832505055e-10,2.16440371998837e-05,1,1934581269.73495,0.0034357199800471,2.16440371998837e-05,3,9681.89998061638,-9681.89652325236,0.00345736401724569
0.0876518002860186,304480.465480421,9.42148561636572e-11,0.159504009502229,1,7829928023634.78,0.182001008884243,0.159504009502229,3,135734980260.781,-135734980260.44,0.341505018386471
0.995580668533885,11408.4500838314,5.43136739128182e-06,8.5008563304273,1,2313689419.42944,8.55895698373883,8.5008563304273,3,3814608.69341504,-3814591.63360173,17.0598133141658
0.000878764060514212,76050.3369546363,1.57010976745093e-08,15355836.0229828,1,3.35252190045968,15355836.0229828,15355836.0229828,3,15355927.9903823,15355739.6693242,30711667.6597065
7.40258241645746e-06,0.00024258819059869,6.75421921721788e-18,1.3384958107775e-05,1,1.00015006351616,1.52955986065782e-05,1.3384958107775e-05,2,1.57686342438227e-05,-1.39230597473685e-05,1.84557449645419e-06
1.5881355361475e-05,0.000986072029095888,3.66959585347369e-12,0.000111780843861529,-1,1.06256010596938,0.000112919635574892,-0.000111780843861529,1,0.000112919635574892,-0.000111780843861529,1.13879171336315e-06
1.54340520627671e-05,9.30888736704645e-05,1.48185476656427e-12,0.00155638267623781,1,45.2525207722928,0.00155645967718763,0.00155638267623781,3,0.00155781315084911,0.00155502887198355,0.00311284202283267
0.000229034897181799,0.0713063274766177,3.86543532409162e-10,0.399036998369877,-1,50073222889916.6,0.399037064583691,-0.399036998369877,3,38395.2562786313,-38395.2562785651,6.62138141213601e-08
0.00192586287037873,3588.05866112157,0,9326829.72188058,-1,38777556.1311595,9326829.72188058,-9326829.72188058,1,9326829.72188058,-9326829.72188058,1.98832181250305e-13
0.246206548941588,728092.803191593,205.703167789421,0.79250831065241,-1,40931.6864502666,14.3663445203231,-0.79250831065241,2,45483290597.1599,-45483290597.1599,2.26197118494118e-09
2.32323034759286e-06,0.147386323982484,6.76322339162918e-12,50951.8366207339,-1,977135323.287377,50951.8366207339,-50951.8366207339,1,50951.8366207339,-50951.8366207339,1.19334487686133e-16
0.00021781007368021,5220.14912973571,1.1361550423228e-08,7.83130723924936e-08,-1,119479933.103591,0.000242492855055038,-7.83130723924936e-08,3,56669283984.7938,-56669283984.7936,0.000240429691541476
0.026633662896262,0.953167214017853,0.00337704174139472,1408.149610549,1,354885717278.221,1408.14961199998,1408.149610549,3,1408.1497731722,1408.14944937678,2816.29922254899
0.66649343294147,6.30429166848387,3.72619893532981e-05,3.46318681005248,-1,4436.28974189698,3.52674263867736,-3.46318681005248,3,312.741439894872,-312.677891922046,0.0635479728262364
6.86282046574878e-06,457.128918675361,1.02239829827253e-12,1.84223909480987e-08,-1,82.1419420510067,6.93693321489122e-06,-1.84223909480987e-08,2,0.0933555988904078,-0.0933555986326798,2.57727997472795e-10
0.0165715952751224,5563835.19810973,1.00528302876113e-10,10.1492709250782,-1,1.00000592344655,10.1492844540149,-10.1492709250782,1,10.1492844540149,-10.1492709250782,1.35289366835243e-05
0.351358059548551,0.696099444144623,16.2740988696697,0.0251624153540243,1,392784947043.217,4.04946718752305,0.0251624153540243,3,4.09377820291863,-0.0191486000415545,4.07462960287708
1.85065183185927e-05,0.000137510449887102,2.23569416235322e-16,258727.178282799,1,1.00108579532559,258727.178282799,258727.178282799,3,258727.178282799,258727.178282799,517454.356565597
0.137020972259103,1749.59559319866,0,26128.1536364396,1,126442034117.071,26128.1536367988,26128.1536364396,3,26157.4427779637,26098.8644952747,52256.3072732384
1.68231502574128e-05,5896.0681375222,0,0.000184284773610613,-1,353268622411.537,0.000185051063680537,-0.000184284773610613,3,22685758720076.3,-22685758720076.3,7.66199180535663e-07
0.000967336692569975,0.0868236204148603,2.01428789887169e-09,444.407156775098,-1,1666510.57861662,444.407156776153,-444.407156775098,2,5860.35995672606,-5860.35995672598,8.00082735203675e-11
0.0963166946865593,1732.45329515146,7.88160614015113e-09,40892427114.7571,1,725284.311730528,40892427114.7571,40892427114.7571,3,40892427114.7571,40892427114.7571,81784854229.5142
0.0670167659695576,11304.9792274888,0,0.00431523525811699,-1,1284567915.83085,0.0671555520887986,-0.00431523525811699,3,1016883446.88737,-1016883446.82453,0.0628403165225566
0.69759481439232,4.95126559087371,0.0656227086625166,7238131077.12902,1,111.846687201987,7238131077.12902,7238131077.12902,3,7238131077.12902,7238131077.12902,14476262154.258
0.00059931327637923,0.048510467226497,0,2158541.34768673,1,745917.170145878,2158541.34768673,2158541.34768673,3,2158541.34768673,2158541.34768673,4317082.69537345
3.48456571685814e-06,1.64357936347263e-05,0,0.179836194518425,-1,148763.780676411,0.179836194552184,-0.179836194518425,2,1.49422028820793,-1.49422028820386,4.06305493605705e-12
0.0407599239124298,1.26762377571733,0.00119436545506572,9834.41541176502,-1,34192317441.0029,9834.41541191021,-9834.41541176502,3,5537755.89811571,-5537755.89811556,1.45190979144287e-07
1.60187459132177e-06,1.96644172877475e-06,2.92548504161029e-15,0.0116493517739704,-1,70170103.8070461,0.011649351884231,-0.0116493517739704,3,0.0175485197312582,-0.0175485196209977,1.10260541319977e-10
0.00669532939008532,0.139753616180062,0.000121279977408563,187208.513730633,1,4042217.35179598,187208.513730633,187208.513730633,3,187208.513730659,187208.513730607,374417.027461266
0.00104689757864257,671.662973757032,2.63459333369635e-13,9435.59495714748,1,1.03425212468522,9435.59495714754,9435.59495714748,3,9440.45935610067,9416.53554678537,18856.994902886
0.583005103313069,95703447.6991858,0,853947499.17725,-1,233024698.992062,853947499.17725,-853947499.17725,1,853947499.17725,-853947499.17725,1.9901396210924e-10
0.000182230667795399,17.6286456847549,3.6173419663184e-13,1138669.95094226,1,1.00007584588669,1138669.95094226,1138669.95094226,3,1138669.95094392,1138669.95080746,2277339.90175137
2.49430788745166e-06,1.40163933786504,0,4.22822587166356e-05,-1,51431330204068.1,4.23557667150285e-05,-4.22822587166356e-05,3,13363122.9009379,-13363122.9009379,7.35079983928334e-08
0.00268168361337191,98469.0974793122,1.1145239353754e-07,99858230.5655549,1,114.657910361067,99858230.5655549,99858230.5655549,3,99858254.8399155,99858206.2902711,199716461.130187
7.90268973378618e-05,101.999151998791,4.88880103517951e-05,26358491.0106054,1,508.772281319083,26358491.0106054,26358491.0106054,3,26358491.0107041,26358491.0105068,52716982.0212109
0.0483845166232974,16990.7914724917,2.93585928765999e-08,3011897972.35546,-1,35644731085.1304,3011897972.35546,-3011897972.35546,1,3011897972.35546,-3011897972.35546,3.88640456773534e-13
0.00336878684565664,503.540361502056,5.44478697147283e-05,4.21186277779081,1,1.00599661399167,4.21187058864992,4.21186277779081,2,5.24263602848024,-5.24262975333225,6.27514799294137e-06
0.000130329528282608,26095.8407639708,2.17971500500349e-06,0.00340904651795295,-1,225323736477.932,0.00371729726448033,-0.00340904651795295,3,1104608726634.09,-1104608726634.09,0.000308250735648998
0.000390178180735565,81775.8199782929,7.11866206800793e-07,2013751.69521246,-1,847801300540.838,2013751.69521246,-2013751.69521246,2,308424497843.443,-308424497843.443,1.40083752355095e-18
3.18995575788298e-05,30352.6035329874,0,0.617120995783811,1,1860550139.44862,0.61712099660827,0.617120995783811,3,373217143.993287,-373217142.759045,1.23424199233817
0.000275076383636833,0.0875774140538637,1.79568764476947e-13,6.3512010252809,1,358815.462520211,6.35120103123782,6.3512010252809,3,6.35150293192366,6.35089912459506,12.7024020565187
0.000135994100716166,0.00994211601437445,0,80.4604333767398,-1,1.03704428995243,80.4604333768548,-80.4604333767398,1,80.4604333768548,-80.4604333767398,1.14928509911134e-10
7.3523936692097e-05,5.71301474603254,9.50925099981672e-12,4.65801666183061e-05,1,1.0000034525731,8.70918505940278e-05,4.65801666183061e-05,2,8.73378578317602e-05,-4.70385256246137e-05,4.02993322071464e-05
0.00162295357470956,79596.6998396625,4.25109814079329e-14,112505.69106269,-1,23488.8168335259,112505.69106269,-112505.69106269,1,112505.69106269,-112505.69106269,1.17059782633833e-11
0.000245957535039982,404.370568226938,3.41542311689671e-09,3.47276605205929e-08,1,33071435824.0955,0.000252805327012409,3.47276605205929e-08,3,323357698.912393,-323357698.91214,0.000252840054525105
2.86187272904034e-06,0.0152974138214469,0,4.15104269279904e-07,-1,2534540.63238587,2.89182071913167e-06,-4.15104269279904e-07,3,47.2422313823338,-47.242228905621,2.47671277278205e-06
0.00689750094579221,93.5927896705595,1.45467178064489e-07,80002.4360684143,-1,679436109972.95,80002.4360684146,-80002.4360684143,3,15564975869021.1,-15564975869021.1,2.81388495304296e-10
0.0446228740128317,1.20933826342609,0.00107180086475885,0.00181512807184186,-1,1.00000105136566,0.0553741495631409,-0.00181512807184186,1,0.0553741495631409,-0.00181512807184186,0.053559021491299
2.03784883227746e-06,0.0335749094170488,0,1.15967433084364,1,1.0000144184605,1.15967433084543,1.15967433084364,3,1.15967692740071,1.15919079594482,2.31886772334552
1.25447407833804e-05,706.318800087443,0,0.00220401879987683,-1,1.00019232027247,0.00220405450039962,-0.00220401879987683,1,0.00220405450039962,-0.00220401879987683,3.57005227912924e-08
0.00451423189425282,33550.4651321344,7.16527079987929e-07,3783320.99031442,1,60195576370.2788,3783320.99031442,3783320.99031442,3,3783395.37163928,3783246.60898955,7566641.98062883
0.00125641266744942,0.0295517305907494,0,17401420.0159646,1,1.00000547704822,17401420.0159646,17401420.0159646,3,17401420.0159646,17401420.0159646,34802840.0319292
7.38070249141965e-05,8.63845209353807,4.43776456626642e-15,0.00178153571485136,-1,87260127772.8714,0.00178306393173531,-0.00178153571485136,3,24415007.9200728,-24415007.9200712,1.52821688235054e-06
2.32541213682228e-05,0.00065934731762131,1.27785747641916e-08,0.00238633918729917,-1,16.075066795701,0.00238912830249119,-0.00238633918729917,1,0.00238912830249119,-0.00238633918729917,2.78911519202581e-06
1.89248399434341e-06,1.27126425058875e-05,1.15191707644137e-19,1.18010520655083e-06,1,1.04070612493418,2.23027892483565e-06,1.18010520655083e-06,2,3.30875813686082e-06,-2.71410844002317e-06,5.94649696837653e-07
0.000220645956478102,0.256644925851402,2.83545316935674e-15,5.74532904824783e-08,1,123075822.018733,0.000220645970383486,5.74532904824783e-08,3,149.219857083065,-149.219636379642,0.000220703423669043
4.4927444354427e-05,18.5821542697494,0,0.00521019112696697,1,1.26891650888506,0.00521038482789723,0.00521019112696697,2,0.0218970471038965,-0.0218970010137235,4.60901730481505e-08
0.533458387490167,36481.0155333398,0,11.2187129965305,1,8953.75866276396,11.2313890124822,11.2187129965305,3,29888683.8674506,-29888661.6037571,22.2636934419379
0.0137223881709095,1335.67820666772,0,27.4912926344977,1,2.41074307851831,27.4912960592899,27.4912926344977,2,582.803288193104,-582.803288031554,1.61550167058103e-07
0.00337381768323267,0.00710562974741197,0,0.000314883220710405,1,16327127638547.3,0.00338848007259574,0.000314883220710405,3,0.0086684546862529,-0.00496509139294676,0.00370336329330615
0.0324947427899805,29.9044777494535,4.63162925220983e-11,65133.3108140481,1,2.04709807578784,65133.3108140562,65133.3108140481,3,65133.3140129507,65133.3071479704,130266.621160921
0.857509635552137,4231624.01411816,4.10829939427643e-07,3253.63017252118,-1,20390.8978411048,3253.6302855216,-3253.63017252118,2,93968.6013833644,-93968.6013794517,3.91260045954128e-06
0.00103599485736194,889.260665357539,8.49873512791278e-12,2.4891075972375e-07,-1,1.00252883303257,0.00103599898898217,-2.4891075972375e-07,2,0.00104645619759277,-0.000147569408295856,0.000898886789296909
0.0662967472932401,212.760850997341,1.31938734441942e-09,187683015.162374,-1,1458276223.85646,187683015.162374,-187683015.162374,1,187683015.162374,-187683015.162374,1.17092642007284e-11
0.000507577792919002,22100.5247700147,0,46069.3737639555,-1,1.041990506594,46069.3737639555,-46069.3737639555,1,46069.3737639555,-46069.3737639555,2.79616581272153e-12
0.00261956115080944,0.0133473488063641,0.0388565488449153,550.982525586107,-1,295044.202764326,550.982560853477,-550.982525586107,3,553.411223056495,-553.411187789139,3.52673565177008e-05
0.204195260527616,238.082234419905,0.740051945225763,112435.479940011,-1,1.63358235501921,112435.479943488,-112435.479940011,1,112435.479943488,-112435.479940011,3.47642777018745e-06
0.000118214108257839,3292.28729870138,1.0770533916537e-14,0.0188063742133173,-1,57727067133.8212,0.0188067457482013,-0.0188063742133173,3,14673953123037,-14673953123037,3.69333183986183e-07
0.133868591662613,436.411447827578,0,0.546908506276736,-1,4.69555311005174,0.563053917552823,-0.546908506276736,2,0.702155741297671,-0.689276348936732,0.0128793923609397
0.0450932091786408,0.210016945712724,0,66870.7736159908,-1,1.00000238301471,66870.773616006,-66870.7736159908,1,66870.773616006,-66870.7736159908,1.5203932929693e-08
0.000405593874943755,0.00476007997997488,0,35896.3090540618,-1,11.4035323476316,35896.3090540618,-35896.3090540618,1,35896.3090540618,-35896.3090540618,2.29141095180753e-12
0.00237691408323494,17.7796692152306,1.07760626460157e-08,7.26410928466251e-07,-1,2562773.07094375,0.00237917993211935,-7.26410928466251e-07,3,66454.3815242018,-66454.3791457533,0.0023784484620904
0.0200109336915971,1.885408736008,0.719970160443771,133556299.279424,1,72065.9502308612,133556299.279424,133556299.279424,3,133556299.279424,133556299.279424,267112598.558848
0.000288824734266579,3835.04922258627,2.24119892086101e-05,0.00682144264138407,-1,21.589393297936,0.00830827832017123,-0.00682144264138407,2,1.38455070560508,-1.38454258185965,8.12374542871765e-06
0.000272787179014122,0.0971868315661887,8.55839717133868e-14,5.19376953408156e-08,-1,1.39130396922096,0.000272787340827939,-5.19376953408156e-08,2,0.000783156355609691,-0.000734112352922493,4.90440026871982e-05
1.31904030546496e-06,1.7732597458326e-06,7.46263191647554e-19,5.33801766971304e-06,1,5816089044.82998,5.49857260712932e-06,5.33801766971304e-06,3,5.56338002177111e-06,5.27321025507124e-06,1.08365902768424e-05
1.00577261856555e-05,9512.49462754628,4.35078432075758e-12,2.3403098542114,1,6.06903341779639,2.34030985423394,2.3403098542114,2,340.107367677037,-340.107367677037,1.55110783202096e-13
0.0771755835131702,83.160760761593,0.00650560656955003,0.00016984838331844,-1,407.181805347966,0.111632012024426,-0.00016984838331844,2,36960.0782677692,-36960.0782676006,1.68582939271586e-07
0.000119598677328574,0.0314860747202406,3.44523150931091e-13,93538.9575484578,1,1815.47647973819,93538.9575484578,93538.9575484578,3,93538.9575484605,93538.9575484552,187077.915096916
5.9196053200652e-05,0.0423689335834259,5.40225676378844e-17,2.16971126148632e-06,-1,9044811065557.51,5.9235803493455e-05,-2.16971126148632e-06,3,15.7285151245213,-15.728458058429,5.70660922319686e-05
1.65928543091356e-05,148.931301047027,2.40116186502065e-14,15063543.6546093,-1,454463.579991754,15063543.6546093,-15063543.6546093,1,15063543.6546093,-15063543.6546093,9.13951033223839e-18
0.187672719083503,4239.41741327206,0.0592598856888271,17433013391.0554,1,1.00000775687209,17433013391.0554,17433013391.0554,3,17433013391.0554,17433013391.0549,34866026782.1103
1.84696617966541e-06,0.0684285833114155,1.40956816700504e-19,583679.518137579,-1,6.50568293188983,583679.518137579,-583679.518137579,1,583679.518137579,-583679.518137579,2.92222367222126e-18
0.00161940878700729,1243415.41079705,3.60314389128774e-07,64377.1478593906,-1,3637.04278641746,64377.1478593906,-64377.1478593906,1,64377.1478593906,-64377.1478593906,2.31665995446091e-11
0.619051569505891,70.8789552151478,0,0.00122660743626427,-1,3.43820690638768,0.619052784723169,-0.00122660743626427,2,13.9891769926582,-13.9754730898889,0.0137039027692637
8.28186894005365e-05,0.14625552315042,1.80366302131261e-12,1.88358001475849e-08,-1,730.501450597818,8.28295800534521e-05,-1.88358001475849e-08,2,88.3809045122563,-88.3809045122174,3.88134688986688e-11
1.46334223125955e-06,74.3607631396448,3.61603930818261e-15,2699.16185232368,-1,2.90115880634113,2699.16185232368,-2699.16185232368,1,2699.16185232368,-2699.16185232368,3.97343072118715e-16
1.7119804888554e-05,0.0706338663891586,0,1.36981738035833e-05,-1,49.7631796675366,2.19255030723433e-05,-1.36981738035833e-05,2,0.0407396634680817,-0.0407396598710008,3.59708092079324e-09
9.73675274810457e-05,0.000627306778968938,0,0.00126744381440828,-1,1.02594042813433,0.00127117829516145,-0.00126744381440828,1,0.00127117829516145,-0.00126744381440828,3.73448075317481e-06
0.972013220833969,455439.297908542,0,1158630890.06734,1,1.00059299886885,1158630890.06734,1158630890.06734,3,1158630893.04611,1158630803.53315,2317261696.57926
0.00027058197788177,28.7719289362428,0,154.02199364683,1,1.00001754099133,154.021993647068,154.02199364683,3,154.03795575984,151.327023098845,305.364978858685
0.00938564045531273,2.62100644780779,0,10004.5611688209,-1,1449436575.05488,10004.5611688253,-10004.5611688209,3,816215176.079299,-816215176.079299,4.20824985909267e-09
2.61191269446926e-06,6.02922189754232,0,1375.73812098413,-1,1654.57749888949,1375.73812098413,-1375.73812098413,1,1375.73812098413,-1375.73812098413,2.47942824999627e-15
2.50083739626232e-05,42.0624997968216,2.85760131791514e-06,130.539020602174,-1,7198557728684.33,130.539020613121,-130.539020602174,3,80804186649.6855,-80804186649.6855,1.09477860329537e-08
0.523115255078917,243244253.826188,4.84589561783136,18.2628870007942,-1,1.00027021557994,18.4025157734399,-18.2628870007942,1,18.4025157734399,-18.2628870007942,0.13962877264573
7.07957674058587e-05,249.143637434134,2.5865514675287e-06,136946.513371896,1,27.4246968590353,136946.513371896,136946.513371896,3,136946.626649526,136946.400018885,273893.026668411
0.0717710313657099,1187837.12303326,49.764322024516,0.000105771052814356,1,236087.550558913,7.05474826741868,0.000105771052814356,3,117577673915.725,-117577673909.725,6.00010607435993
0.19682122203019,1433.09937564174,0,1406133.23690194,-1,305.930229990129,1406133.23690196,-1406133.23690194,1,1406133.23690196,-1406133.23690194,1.37748658607941e-08
0.104681564539173,780773.617726206,0,0.00477622838371846,-1,1.00053411294027,0.104790468612095,-0.00477622838371846,1,0.104790468612095,-0.00477622838371846,0.100014240228377
0.00997589584885805,1800594.39959322,0.000547352042185834,0.000139346676435291,-1,288338542056.093,0.0254340314867567,-0.000139346676435291,3,64087381708052.8,-64087381708052.8,0.0252946844248988
0.206652860240504,9491392.25416075,0.00381019809543531,465.054862419046,1,241.571505658633,465.05491242992,465.054862419046,2,108555515.868258,-108555515.868258,2.14247992692824e-10
2.18496909503683e-05,17083.2609349983,1.33688496341516e-12,4.89199846112821e-07,1,833058136116.737,2.18857304214289e-05,4.89199846112821e-07,3,6521536871131.68,-6521536871131.68,2.23749255689323e-05
0.00081707478753706,172092.939092547,4.91655260312105e-10,50484.9670736713,1,2533903540.27915,50484.9670736713,50484.9670736713,3,197142.385123946,-96172.4509766029,100969.934147343
0.292695248974562,1.53802835226745,0.0256991864132742,13.0188535202371,-1,15385830.4982622,13.0231300644882,-13.0188535202371,3,279.577217907018,-279.572941362768,0.00427654425050081
2.27263859419967e-05,0.0212606303175646,1.89564993007014e-06,4609651.11743407,-1,1.0000128034543,4609651.11743407,-4609651.11743407,1,4609651.11743407,-4609651.11743407,2.05673528254305e-13
0.00173467930216662,15.7681096498226,9.27743082831169e-05,456998.926053418,-1,4527842.80799749,456998.926053419,-456998.926053418,1,456998.926053419,-456998.926053418,1.04796111220277e-10
0.00808148766188721,254.201756793254,3.00447466978412e-10,1.36810066330604e-06,1,2.08034149529189,0.00808150636629098,1.36810066330604e-06,2,0.0618794992620124,-0.0613495043634477,0.000529994898564679
0.00114443856922861,0.311743592750306,2.9265197964987e-09,771.331718663215,1,1.00378670771323,771.331718664066,771.331718663215,3,771.331723694344,771.331660696757,1542.6633843911
0.0255016872938822,51.8974631123662,5.41578403595593e-11,4283380040.1215,-1,8324066.32948693,4283380040.1215,-4283380040.1215,1,4283380040.1215,-4283380040.1215,7.59138931055887e-14
0.0780505888620713,0.678675118514224,0.262598164009342,0.236245865707868,-1,352277772644.767,0.569650917224855,-0.236245865707868,3,1.25126629767662,-0.91786124615963,0.333405051516986
9.10721209684746e-06,2.25333807491276e-05,7.19515268144881e-12,3.20657286626528,-1,33513478.5056621,3.20657286627933,-3.20657286626528,3,18.3278854334801,-18.327885433466,1.40482218348586e-11
0.263457089580065,655.990359328966,294.702247154206,0.227804279976951,-1,1.00005467950989,17.1704266569655,-0.227804279976951,1,17.1704266569655,-0.227804279976951,16.9426223769886
0.044339680789352,0.198690014561402,0,980924.422497431,1,1.00010559621564,980924.422497432,980924.422497431,3,980924.422497432,980924.422497412,1961848.84499484
0.030747330454785,1119.92461418717,9.05962484369864e-08,1863316.9362722,-1,22480.2859059633,1863316.9362722,-1863316.9362722,1,1863316.9362722,-1863316.9362722,2.53711246846646e-10
0.000368817819915771,133886.148328871,0,1.66614647023496,1,1.12432052723936,1.66614651105567,1.66614647023496,2,4.47156639672277,-4.4715663815126,1.52101716099381e-08
1.70528333629794e-05,0.00134617958566122,1.16121037212284e-06,1214.12267187589,-1,705230.725392188,1214.12267187636,-1214.12267187589,1,1214.12267187636,-1214.12267187589,4.78329413556593e-10
0.000429603788800613,14.0610340487139,2.07338695816854e-10,3.67035497353928e-07,-1,688.397416725692,0.000429845191624514,-3.67035497353928e-07,2,407.051239173816,-407.051239173589,2.26957611556137e-10
0.00279321764623296,1037350.03376264,6.98772132206402e-05,1.11729406133353,-1,371482.183338437,1.11732882302803,-1.11729406133353,2,9594159.03160939,-9594159.03160939,4.04825883039573e-12
0.447055651698029,712224.330584865,0.00147616539166518,26898188.4131556,-1,16.4485158433904,26898188.4131556,-26898188.4131556,1,26898188.4131556,-26898188.4131556,3.74253682096197e-09
0.00370185113993003,1176.08908528708,5.92177551545896e-06,9.90619081525908e-05,-1,39629167.7163785,0.00443117260319512,-9.90619081525908e-05,3,159645247.151393,-159645247.147061,0.00433205986785315
0.248936076164596,2094983.81732368,1.95592083823743e-07,39.0125371962659,1,13736.3886270113,39.0133314119115,39.0125371962659,2,29445148245.0428,-29445148245.0428,1.05228482961946e-12
0.201914529649822,1998.39172437569,36.0171935841226,0.08419684889843,-1,29536065168872.1,6.00541856749142,-0.08419684889843,3,337231.128296816,-337225.207075097,5.92122171859299
2.16282580409329e-05,0.0616520608190777,1.90106589517153e-08,0.000875629390165084,1,9841739325191.05,0.000886682169336046,0.000875629390165084,3,1.07929308396746,-1.07753077240796,0.00176231155950113
0.109178698591254,13.1840912021099,2.05185034699548,78.3973060341605,1,117.764252385202,78.4104671823159,78.3973060341605,3,78.9646655693026,77.8430876655034,156.807753234806
0.00192437706447627,0.00550980882658134,0,0.000509454131977762,1,216462519600.623,0.00199067089165224,0.000509454131977762,3,0.00732135755077189,-0.00482123252714189,0.00250012502363
0.0465049177421209,447.021028828371,5.48455677888411e-07,1871.0087333055,-1,1.00258365389972,1871.0087338836,-1871.0087333055,1,1871.0087338836,-1871.0087333055,5.78098806017678e-07
0.00065386060850222,277588.085651195,0.00162324442858272,33.9461438139305,-1,3135.11685710696,33.9461677293331,-33.9461438139305,2,470.12693788574,-470.126936158896,1.72684421420527e-06
0.436869828565001,9856.36117686659,0.000302684118120032,400740192.485885,1,9504994060327.02,400740192.485885,400740192.485885,3,400740192.54649,400740192.42528,801480384.97177
2.84719071431684e-06,14.8458531557204,0,1.03638758308119,-1,10225.3330622392,1.0363875830851,-1.03638758308119,1,1.0363875830851,-1.03638758308119,3.91093790393362e-12
0.268572073801972,2.40198326154754,4.70619142933018e-07,0.485265517607682,1,16594270.6649354,0.554629653033884,0.485265517607682,3,3.29403685040228,-2.25414167976072,1.03989517064156
0.000382587582124536,0.00051903138772452,8.46492701445114e-11,0.428464956677701,1,3230020453448.23,0.428465127587686,0.428464956677701,3,0.428465199367359,0.428464884898028,0.856930084265387
0.261496401076385,2231736.27434825,27.3144458981263,0.327877478436383,-1,112853.19050344,5.24312215256978,-0.327877478436383,2,125199565082.49,-125199565082.49,1.09356714809115e-10
6.65543502999921e-06,0.0104259380314579,5.38075403226416e-10,3.52455436925511e-08,1,508.545575627735,2.41323737107087e-05,3.52455436925511e-08,3,2.94068269663271,-2.94066421434905,1.84822836599275e-05
0.0409465267588131,1.98862199661645,6.73921010296889e-10,1773.09215445533,1,29323354718.312,1773.09215492812,1773.09215445533,3,1773.09271227942,1773.09159710403,3546.18430938345
3.92482313113726e-06,0.00103468983068585,1.1983472936687e-07,57182.4356537869,1,1.00725023550698,57182.4356537869,57182.4356537869,3,57182.4356537869,57182.4356537869,114364.871307574
0.00175625346910304,0.021499450203558,1.81339584764033e-12,2.25294358664232,1,5428333408694.18,2.25294427117512,2.25294358664232,3,2.25299522028297,2.25289263753447,4.50588785781744
0.000563606716777856,0.00126012528150844,0,0.0467332069081846,-1,3.26506556056684,0.0467366053586949,-0.0467332069081846,1,0.0467366053586949,-0.0467332069081846,3.39845051031169e-06
1.08528296301715e-06,0.00875902225229845,3.56343836015189e-13,3.06592387429614e-09,-1,1598094584381.51,1.23862518370962e-06,-3.06592387429614e-09,3,31.0468607994712,-31.046859563912,1.23555925983532e-06
0.262970564244421,105249.136659675,9.42878805332639,364142.325428923,1,1.00394787208167,364142.325441965,364142.325428923,3,365402.654590482,349916.731815921,715319.386406402
1.49233554849854e-05,0.00212778021904448,0,1024120.12755308,-1,80.1730842337737,1024120.12755308,-1024120.12755308,1,1024120.12755308,-1024120.12755308,1.08730671793042e-16
0.117914655345151,412624.988191631,0.0336518960233236,2.30778394823879,1,17.0091238707271,2.31806438946745,2.30778394823879,2,2671.98324702052,-2671.98323812155,8.89896336376911e-06
0.183122677080922,17.3331120467392,0.0273417878930927,157.917033734395,1,142654.006428247,157.917226480118,157.917033734395,3,158.392797494963,157.441462719538,315.834260214502
0.000406988131646204,44922.2349918447,0.00143935786514311,5.88336439691375e-05,1,36.3461922968805,0.0379410986382851,5.88336439691375e-05,2,100.361293920725,-100.361286749018,7.17170683875834e-06
0.0570200583685089,283277.386805121,3.33448284427238,332.294185290192,1,75270842.4360946,332.299207510045,332.294185290192,3,60372643.2077352,-60371978.6143424,664.593392794909
5.73568827479949e-06,44.9640628862391,0,0.0545309933395448,-1,1.0000060429339,0.0545309936411908,-0.0545309933395448,1,0.0545309936411908,-0.0545309933395448,3.01646072077189e-10
0.00543996362270771,58284.5263556698,1.17565687851641e-07,64806.1599709832,1,1.09165592907659,64806.1599709834,64806.1599709832,3,73102.0178960156,44122.7719886753,117224.789884691
0.00127436510201258,482.525506780223,2.26459735373136e-12,0.001915814159901,1,386824352482.655,0.00230094601698998,0.001915814159901,3,27607790.6905015,-27607790.6862848,0.0042167601768909
0.967472900308431,73.4478441996744,1.2764965160586e-08,2.59215070484134,-1,232136214.28778,2.76681208292244,-2.59215070484134,3,15443.0715692878,-15442.8969079098,0.17466137808096
0.0122931873449721,0.0128998024889331,6.95402949170356e-09,2673.29597215851,1,1.00881577740789,2673.29597218677,2673.29597215851,3,2673.29597218711,2673.29597215598,5346.59194434308
1.52110414499506e-05,15.7429751396302,7.23314093081944e-09,1542.22596121784,1,1.00015698702895,1542.22596121784,1542.22596121784,3,1542.22736008077,1542.1470062596,3084.37436634037
5.53602218719825e-05,0.000601898408970905,0,29976.829513673,1,1.00239232842875,29976.829513673,29976.829513673,3,29976.829513673,29976.829513673,59953.659027346
0.727067568884066,2109569.91762241,0.0322883513915467,0.832890529380305,1,83606432.3352936,1.12009920768026,0.832890529380305,3,1139399475292.37,-1139399475290.41,1.95290823536642
1.36354001616437e-06,0.44982658816218,0,7.02694185000409e-10,1,31461930.1298623,1.3635401972295e-06,7.02694185000409e-10,3,74161.836228349,-74161.8362269848,1.36420543038106e-06
0.643493612640172,1.03983684252329,0,240370.685915258,1,59.385262677915,240370.68591612,240370.685915258,3,240370.685916813,240370.685914564,480741.371831378
0.00035332840705802,0.63814524571427,3.74560697021137e-13,4.49272908776863e-07,-1,355065.543778878,0.000353329222738513,-4.49272908776863e-07,3,577.012267560353,-577.011914682691,0.000352877661399244
1.72304916932632e-05,1.82679466258475,0,1.55564385381451e-08,-1,10261296.6837892,1.7230498715777e-05,-1.55564385381451e-08,3,96929.3975810235,-96929.397563809,1.72144819983788e-05
0.742926961431845,8274391.32661737,1555.50160995708,1086646326.36602,-1,21820295.54232,1086646326.36602,-1086646326.36602,1,1086646326.36602,-1086646326.36602,7.15988961942607e-07
0.168225160643674,725.121035425474,7.09805324803279e-07,20532.3247776316,-1,43576764.8623988,20532.3247783208,-20532.3247776316,2,2617367111.8396,-2617367111.8396,5.40627532738882e-12
2.45165478214543e-05,0.000437383293143344,0,2.913710886604e-07,-1,1.00005078212163,2.45182791849869e-05,-2.913710886604e-07,1,2.45182791849869e-05,-2.913710886604e-07,2.42269080963265e-05
7.23759900140204e-05,3973.97710535359,7.39490983799537e-11,0.120638863060293,-1,8340.05142363056,0.120638885077379,-0.120638863060293,2,3.06286105928926,-3.06286105842206,8.67201111446152e-10
0.0121664593746152,1.47122003653656,9.79714732602716e-11,160741.463402456,-1,198909.383327059,160741.463402456,-160741.463402456,1,160741.463402456,-160741.463402456,4.60437613769337e-10
0.00398083493825829,0.00851564801900043,4.11688199620011e-11,0.344863462256277,1,41610664703953.9,0.344886437378104,0.344863462256277,3,0.34492751691607,0.344822382718311,0.689749899634381
0.0322528781587741,0.87089535083203,8.67694782217418e-06,0.372948084334177,-1,58880110430.0152,0.374351704558534,-0.372948084334177,3,270.18325400174,-270.181850381516,0.00140362022435616
2.31633156102996e-05,4.76088941531853,2.36600709088517e-10,14614721.011745,1,1.00004760489995,14614721.011745,14614721.011745,3,14614721.011745,14614721.0117442,29229442.0234892
0.00555707718225992,0.556493904345929,1.77276266388032e-08,96.569496587205,-1,70982.4999601589,96.5694967471873,-96.569496587205,2,1612.14726632593,-1612.14726631635,9.58313023931824e-09
0.658966826553315,1808.25127009539,0.0186802260737221,0.029823336075658,-1,1.00005177586982,0.673651939762776,-0.029823336075658,1,0.673651939762776,-0.029823336075658,0.643828603687118
1.50480791355117e-06,0.00187259564456758,0,0.102128623887625,-1,104284857859.753,0.102128623898711,-0.102128623887625,3,158151.62185387,-158151.62185387,1.10862424518591e-11
0.000480572666629287,84.8882159275813,1.17871512841387e-07,11.3508964672577,-1,1.00309210890295,11.3508964826231,-11.3508964672577,1,11.3508964826231,-11.3508964672577,1.53653767137543e-08
0.00499389174348478,0.191134425406986,5.73032266350573e-10,723661.27846371,1,6519744.69567607,723661.27846371,723661.27846371,3,723661.278463723,723661.278463698,1447322.55692742
0.00139185399880351,0.593641856744887,0,1.84328771146828,-1,10908432686.2139,1.84328823695795,-1.84328771146828,3,335316.448272572,-335316.448272046,5.25489661922767e-07
0.199906629044659,187003736.293046,0,0.000286873614829587,-1,24119081.865287,0.199906834881826,-0.000286873614829587,2,232249884061839,-232249884061839,8.6033757341636e-17
2.18411127962688e-05,3.3002329761653e-05,1.58719176318052e-16,0.081010696526379,-1,1212428208.04214,0.0810106994706467,-0.081010696526379,3,0.184961769622139,-0.184961766677871,2.94426772437845e-09
5.13375823872734e-05,116.016791185812,4.19528684491716e-09,0.0123002688782399,-1,206.097548337996,0.0123005465452234,-0.0123002688782399,2,0.0235882710620449,-0.0235881262685762,1.44793468700365e-07
0.656906461607939,73.0262192994496,0,16.0325561412482,-1,263613730391.904,16.0460083049205,-16.0325561412482,3,198214.540650935,-198214.527198771,0.0134521636722994
0.000595098326253014,2.18560927725576,0,2.22825912437243e-06,-1,4804478248900.73,0.000595102497934485,-2.22825912437243e-06,3,4028.58477534243,-4028.58418246819,0.000592874238810113
0.00381141338184151,7.1947982560014,0,1.25958146338358e-05,1,1.16438455854051,0.00381143419487033,1.25958146338358e-05,2,0.00654108168176882,-0.0053159079751526,0.00122517370661621
7.73994783773185e-06,1.52748714427434,1.43899379068848e-08,21192.5290805653,-1,1.00138982714167,21192.5290805653,-21192.5290805653,1,21192.5290805653,-21192.5290805653,3.40918364308556e-13
9.29827362806766e-06,0.000317666189933867,2.13569537613594e-15,375212.749686659,-1,5168467.58823352,375212.749686659,-375212.749686659,1,375212.749686659,-375212.749686659,1.15214672515789e-16
0.0518722640634132,7.05736380263769,2.52363735708411e-06,2757.4360118888,1,18162568.0773412,2757.43601237717,2757.4360118888,3,2757.44052777597,2757.43149649,5514.87202426597
0.000663555144954559,4.81463656392701,2.01166915021824e-09,1.5142176538913e-07,-1,1.00439501096174,0.000665069261411498,-1.5142176538913e-07,2,0.000676758352069835,-0.000125238842019533,0.000551519510050301
0.125026372371545,0.343723663875424,2.88900677778549,0.00687109172633029,1,79431261.8597396,1.70431381601963,0.00687109172633029,3,1.73426801993281,-0.0230831121868498,1.71118490774596
4.02467701583332e-05,8361.23707022396,0,1169985.85791738,1,5031964620661.29,1169985.85791738,1169985.85791738,3,1170000.7961931,1169970.91964166,2339971.71583476
0.29001987836273,128.076358265824,0,393.572089381388,-1,61.7792796134871,393.572196237947,-393.572089381388,1,393.572196237947,-393.572089381388,0.000106856559060647
2.03933816522808e-05,0.00454786285961267,3.87002864363888e-06,11042.8151237442,1,8421428591.25916,11042.8151237443,11042.8151237442,3,11042.8151237448,11042.8151237437,22085.6302474885
1.50693148201093e-05,14.1352043949505,1.18720571461398e-07,2.03189468505936e-09,-1,1.00000192125693,0.000344887888616973,-2.03189468505936e-09,2,0.000344890531126509,-1.35009265624593e-06,0.000343540438470263
4.84062842198961e-06,4.90373996201204e-05,7.06691886224677e-17,31719.8169418896,1,9455.35707224284,31719.8169418896,31719.8169418896,3,31719.8169418896,31719.8169418896,63439.6338837791
0.0223402537229993,3297.73143182518,0.49618288326091,193450.016300034,1,1.00303524557809,193450.016301318,193450.016300034,3,193452.04384971,193423.933980615,386875.977830326
0.696286273902687,135477.1070415,0,23817.9296906597,1,114.869110218511,23817.9297008372,23817.9296906597,3,216493.286642917,-168864.728789402,47628.5578535149
0.201813904709362,43.9379999110334,0,11121.4870614576,-1,20681.4201322959,11121.4870632887,-11121.4870614576,1,11121.4870632887,-11121.4870614576,1.83108841046245e-06
0.0481880223765962,25.0221470970867,0.0841219125715608,775287.08886559,1,43534954943.8042,775287.088865646,775287.08886559,3,775287.089067541,775287.088663696,1550574.17773124
0.0013752660223523,1258.89245605278,2.46122714582237e-06,1763.65016362013,1,1.01553812701301,1763.65016362136,1763.65016362013,3,1837.69051383733,1338.76667449509,3176.45718833242
0.000200161018315249,154040.48908539,1.46498045730739e-06,0.00112478704716173,1,6690.34173112846,0.00166438901463065,0.00112478704716173,2,249690.789588691,-249690.789588691,3.01381739598726e-12
3.12100347519505e-06,118.545681844863,1.49709606791944e-17,1.32149906701768e-06,1,812139258146.914,3.38925322855476e-06,1.32149906701768e-06,3,1491596013.29972,-1491596013.29971,4.7107522944417e-06
1.2799765825221e-06,0.196525960520011,0,1.33223029064767e-08,-1,1297327926785.74,1.28004591150462e-06,-1.33223029064767e-08,3,15245.0198676964,-15245.0198664297,1.26672360859814e-06
0.000369485031511676,0.0146843198239853,0,5.87484350154916e-06,-1,2384483.19497395,0.000369531733816396,-5.87484350154916e-06,3,0.296655309975839,-0.296291653085551,0.000363656890288792
0.00155998314292894,2461.15114408363,7.78531161030473e-11,2.80925002657194e-07,-1,35922.1133308379,0.00156000812121521,-2.80925002657194e-07,2,4025338.41299256,-4025338.41299256,3.0228828109005e-13
0.00043611370332941,29763.0536564469,2.93058000491199e-11,4.10889514597541,-1,1366902.974022,4.1088951691233,-4.10889514597541,2,86500.1170498318,-86500.1170498318,1.09956191112525e-12
0.00510308288046111,104356.82427996,8.98230954754994e-05,21578.260214757,-1,1.02336772864867,21578.2602147597,-21578.260214757,1,21578.2602147597,-21578.260214757,2.68475190323986e-09
0.578347218992058,7.70019128819624,2.80055934001225e-07,2766883.72724028,1,64458.7856941793,2766883.72724034,2766883.72724028,3,2766883.72724567,2766883.72723495,5533767.45448062
0.0185679344923719,0.408512858322073,0,3599321344.15025,1,2830104.66088183,3599321344.15025,3599321344.15025,3,3599321344.15025,3599321344.15025,7198642688.30051
2.78953962707706e-05,9.17399984496173,8.77943094457665e-08,4.08321717709904e-09,-1,1.06820566875674,0.000297611260868171,-4.08321717709904e-09,2,0.000381572067853125,-0.000238798618896425,0.0001427734489567
0.419950486960581,8.49410818592778,2.36682126355415e-06,2071064508.34227,1,1.0000037538818,2071064508.34227,2071064508.34227,3,2071064508.34227,2071064508.34227,4142129016.68455
1.98811301658304e-05,0.0821544154075266,1.3289461897535e-14,155808.274306087,1,1.00001017776486,155808.274306087,155808.274306087,3,155808.274306087,155808.274306066,311616.548612153
0.000618822034575363,1.1744712122292,0.000854150935605459,52.0407426734307,1,1.01472104695949,52.0407508836691,52.0407426734307,3,52.042673971159,52.0294116561879,104.072085627347
0.0881172333357686,11054.5311722311,1.35265278393862e-07,42536.0619057586,-1,7150639720082.57,42536.0619058499,-42536.0619057586,3,669483405604667,-669483405604667,9.12663842111654e-08
0.0282058002856507,49488.1091232895,0,4.54534702583278e-05,1,24994968.8720537,0.0282058369096181,4.54534702583278e-05,3,43397797321.0041,-43397797320.9758,0.0282165581640485
0.891774550082272,9.78901947124993,0,719565034316.813,-1,3112157087.34262,719565034316.813,-719565034316.813,1,719565034316.813,-719565034316.813,5.52599007905863e-13
1.34924822324202e-06,14.0416338800078,0,5.58468770745495e-08,1,1.00591013642001,1.35040351065921e-06,5.58468770745495e-08,2,1.39465539497825e-06,-3.5297719872562e-07,1.04167819625263e-06
6.51506855700968e-05,0.295662111849253,5.33084725302067e-06,0.000132984982200971,1,1.00196503126027,0.00231360689624273,0.000132984982200971,2,0.00234852468567976,-0.000424825063286422,0.00192369962239334
0.476899327949698,80308537.78765,0.336886737470061,0.0343736347692489,1,2751997411131.75,0.751998173692054,0.0343736347692489,3,4100770891336070,-4100770891336068,0.786371808190571
0.0154020968257538,0.0176684157120504,0,2074.72915105796,-1,1.00000363818901,2074.72915111513,-2074.72915105796,1,2074.72915111513,-2074.72915105796,5.71700133739528e-08
2.21630510255847e-05,19268.9583845739,0,27427.0109055147,1,644990563214.333,27427.0109055147,27427.0109055147,3,30811.3822329766,24042.6395780527,54854.0218110293
4.2062400520469e-06,0.147048923661733,3.8778244671053e-09,1.79778902859625,-1,1.01414054704895,1.79778902967967,-1.79778902859625,1,1.79778902967967,-1.79778902859625,1.08341881592988e-09
0.00111806054915986,13009.1309752298,0,11.5682282291262,-1,1.09132599643546,11.568228283156,-11.5682282291262,1,11.568228283156,-11.5682282291262,5.40298550438806e-08
2.35292220666438e-06,702.492204329795,9.44186604729474e-19,1.03931871857294e-08,-1,26502123990.5723,2.35294536127401e-06,-1.03931871857294e-08,3,105336201324.762,-105336201324.762,2.34247718703393e-06
0.999693327497146,38.0856385102089,5460.67274318743,60.0755909860282,1,1.00009832766843,95.240478591075,60.0755909860282,3,95.4259328398706,46.8499739001182,142.275906739989
0.000612727682001247,0.00723360286512131,3.80341495989901e-06,1021989.37703284,-1,1.00000189883185,1021989.37703284,-1021989.37703284,1,1021989.37703284,-1021989.37703284,2.04446849747214e-12
0.0702349676389447,15230.361132047,1.89219751777648e-09,0.0142965977866014,1,6.99515858306674,0.0716752766280883,0.0142965977866014,2,8.32754773032241,-8.3272515422693,0.000296188053107258
1.77283623967207e-05,0.318884177590429,9.72753894617472e-11,0.306777858796878,-1,4336179130401,0.306777859467673,-0.306777858796878,3,75795951.6557194,-75795951.6557194,6.70795184924143e-10
0.000226502178683408,973.708097174745,0,1.35418665606416e-07,-1,1208803303034.82,0.000226502219164726,-1.35418665606416e-07,3,2094183989.03068,-2094183989.03045,0.000226366800498403
0.0970651155767723,8777069.02336466,0.000423993904297273,176.399235587869,-1,43528.1260419113,176.399263495103,-176.399235587869,2,105751.550479402,-105751.550479356,4.65507622422485e-08
0.00241827600867452,309744.604333257,6.62725708559801e-11,0.114648427242098,-1,216916855742.844,0.114673929008355,-0.114648427242098,3,1882556659124556,-1882556659124556,2.54817615843184e-05
0.131478242984438,27226.6949048302,0.00218383213158317,6946.92371585779,1,1.58900587169377,6946.92371725915,6946.92371585779,2,55397.2475148095,-55397.2475146338,1.75734006501712e-07
0.515380221092411,24.5971803630124,0,8419.07978755483,-1,1.04317686805713,8419.07980332952,-8419.07978755483,1,8419.07980332952,-8419.07978755483,1.57746914595737e-05
0.124801608085023,16476655.9378426,0.00548419268294452,76040447.5674102,-1,152548751645.03,76040447.5674102,-76040447.5674102,2,6445008168965.05,-6445008168965.05,1.63379421029764e-15
0.435909576796069,25.7196390546214,0,492642.10790761,-1,1.83581255133798,492642.107907803,-492642.10790761,1,492642.107907803,-492642.10790761,1.92855174265906e-07
3.30131321898017e-05,5348.22091110723,2.31878222286155e-13,0.046347115980907,1,410319.79869217,0.0463471277410631,0.046347115980907,3,155059655.35799,-155059655.265756,0.0922337498315543
0.000791981962722596,0.0204856003172411,2.89283410247202e-06,2537.96545082904,1,1.00012271818168,2537.96545082974,2537.96545082904,3,2537.96545083101,2537.96545074776,5075.93090157877
0.000102746947045141,0.000186059741189772,3.40208288332444e-12,187814.199381428,1,12513035848.5891,187814.199381428,187814.199381428,3,187814.199381428,187814.199381428,375628.398762856
2.67479604539048e-05,0.00140665887100232,0,1.31908372683869e-08,-1,4707024683997.59,2.67479637064552e-05,-1.31908372683869e-08,3,0.0370192770504372,-0.036992542277568,2.67347728691868e-05
2.28507678422757e-05,1.71355638531562,4.19726045706837e-13,103.497629387426,-1,12325.8215539029,103.497629387429,-103.497629387426,1,103.497629387429,-103.497629387426,2.52458592588193e-12
0.332687854214732,14818.5753002872,0.0751166886772986,57.3529244097921,1,9069988.97818509,57.3545441639313,57.3529244097921,3,957232.055377196,-957117.347908628,114.707468567906
0.218692296167543,608.382096897709,0.000151292427534191,109885.097974077,1,6115.80308296284,109885.097974295,109885.097974077,3,109885.940055552,109884.255892809,219770.195948361
0.05787718605965,5903967.76390582,3.91329884980075e-11,5554294622.35589,1,886.291002110566,5554294622.35589,5554294622.35589,3,5554296191.26907,5554293053.4417,11108589244.7108
0.000203364501684355,0.056121768515347,0,302616.035828663,-1,89472.3608179457,302616.035828663,-302616.035828663,1,302616.035828663,-302616.035828663,6.83326652404202e-14
0.00177143922622658,0.0242465292822501,0,123.043499263851,1,20.6505234678893,123.043499276602,123.043499263851,3,123.043500464013,123.043498075045,246.086998539058
2.55817862797914e-05,0.0752046918800356,3.49148579555504e-09,4.6439540838571e-08,1,16507650042.5983,6.43887858361293e-05,4.6439540838571e-08,3,43.8871230066093,-43.887058571384,6.44352253769678e-05
0.753598923056201,208432870.343982,0,575.577276240967,-1,67.1141098148653,575.577769581407,-575.577276240967,1,575.577769581407,-575.577276240967,0.000493340440014973
4.29357998753485e-05,0.104033376256852,6.43279003668984e-14,0.271342237882977,-1,194918.944915025,0.271342241280066,-0.271342237882977,2,258.133856023911,-258.133856023908,3.57091329907842e-12
1.03474856518252e-06,1.67684668263092e-05,0,76.5003791738258,-1,458173322982.413,76.5003791738258,-76.5003791738258,3,20090.1691069864,-20090.1691069864,6.99798688123663e-15
0.00696261400695432,1037024.92037944,0.0127763514501589,6751013.23882304,-1,317.994491606464,6751013.23882304,-6751013.23882304,1,6751013.23882304,-6751013.23882304,9.4984478553656e-10
5.93091792867873e-06,0.00288850194710758,2.24013324021463e-12,0.00698206816840116,-1,336455.550662413,0.00698207084783028,-0.00698206816840116,2,606.635279498008,-606.635279498008,3.08388928087888e-14
6.65456801196436e-05,0.017004404813308,2.69766810145917e-13,0.0205849440260205,-1,7.91719226312267,0.0205850515945845,-0.0205849440260205,1,0.0205850515945845,-0.0205849440260205,1.07568564014605e-07
0.00127473409728447,0.132277345911618,0.000355230324887957,0.00216739293414202,1,1.06676150581696,0.0190145434874915,0.00216739293414202,2,0.0259794849373772,-0.0178347516300248,0.00814473330735239
4.11693746128223e-05,3.09566172245997,1.17255855324939e-09,0.000646683531588162,1,66227884.5082286,0.000648896806885808,0.000646683531588162,3,3698.39017239602,-3698.38887681569,0.00129558033805237
6.51237692597445e-06,24.9704555871941,2.72993610526681e-14,265222.127260857,-1,10961645979205.9,265222.127260857,-265222.127260857,2,19226503277.6667,-19226503277.6667,1.10364198768044e-21
0.034185982126314,534527.667141904,1.00553846492961e-05,18408320.0215258,1,1.00973634402075,18408320.0215258,18408320.0215258,3,18409264.4707949,18401502.6160565,36810767.0868514
0.985628093824426,71.1437483557864,59.2642979377262,691.497930772052,-1,1.00757832666892,691.541483949233,-691.497930772052,1,691.541483949233,-691.497930772052,0.0435531771805658
1.3165016311258e-06,0.00432517140121056,1.59748605576402e-16,48.7567356948859,1,1.14983364721354,48.7567356948859,48.7567356948859,3,48.7567357582846,48.7567355664434,97.513471324728
0.000785748030094458,124.784762545178,5.10605945676314e-10,9.9863035361199,-1,775722873.057373,9.9863035670578,-9.9863035361199,2,37233516748.4034,-37233516748.4034,8.29777344050497e-18
0.000490600452028745,13415.9349183281,5.02110343651953e-15,5.13033857468089,-1,6667850161.25541,5.13033859813829,-5.13033857468089,2,2085842598691,-2085842598691,5.76958224707272e-20
0.671208350278611,208641695.978781,2.63832030101078e-05,18756037.7116335,1,1.00058405599388,18756037.7116335,18756037.7116335,2,20082879.6225774,-20082879.6225774,1.12171919852628e-08
0.000466160159680473,0.0122233044888096,1.15215101843153e-10,3.81827256477989e-05,-1,15798.6833693141,0.000467844450766558,-3.81827256477989e-05,3,0.1740834813574,-0.173653819980071,0.000429661377328789
0.0737270310978549,36.5193213226881,0,0.00318640632363059,-1,933.699798109673,0.073795855573083,-0.00318640632363059,3,10306.8123073207,-10306.7476090912,0.0646982294799024
0.00185336098362553,36823.3618884427,1.17573852584485e-12,0.150219855570795,1,41546132266954,0.150231288205293,0.150219855570795,3,2256539888.34207,-2256539888.04162,0.300451143776087
0.016901911581961,1.70742600802517,0,0.127660675520317,1,1.21679538017793,0.128774697395987,0.127660675520317,2,0.467924234788469,-0.467618877813171,0.000305356975297482
0.000127070271753496,2.18220287066616,1.53462978690922e-11,3.03224408979143e-07,1,1060521784.76688,0.000127131004111581,3.03224408979143e-07,3,18684.1849344289,-18684.1848069947,0.000127434228512253
0.00121597811113125,1192095.38557564,0,307.386569606411,-1,1.00000925463268,307.386569608816,-307.386569606411,1,307.386569608816,-307.386569606411,2.40511933985566e-09
0.0137849905560125,4069.32203298629,0,1.54978151486845e-05,-1,638.30771735492,0.0137849992677413,-1.54978151486845e-05,2,11220.3878530754,-11220.387853067,8.46788752392996e-09
0.00628311381830872,0.185040860754442,2.86769905842929e-07,0.0414979324669023,-1,3073.41119170337,0.0419743098595706,-0.0414979324669023,3,36.0830605176008,-36.0825860479806,0.000474469620216514
0.00730863926632241,42.3514723576396,1.71872485759689e-07,782779590.515806,-1,1640712361.53079,782779590.515806,-782779590.515806,1,782779590.515806,-782779590.515806,3.42293546358804e-14
0.0391880054341359,841871.901516424,6.89239444725408e-06,6562.84909385666,1,5253.27423066819,6562.84909397419,6562.84909385666,3,27006067.8297695,-26992942.6207582,13125.2090112321
0.135511022170111,641508.477462346,0.00331003618501223,2077471.39455514,-1,1.00013246187451,2077471.39455514,-2077471.39455514,1,2077471.39455514,-2077471.39455514,5.21626275370247e-09
0.00377691548820972,0.181186523278218,0,0.00268594349463906,-1,55180.8696675516,0.00463458553286832,-0.00268594349463906,3,8.4244248222678,-8.42247618161217,0.00194864065563677
0.000520241195155337,793.073867280593,4.46318924124235e-12,25851.0116892304,-1,7820061.51768423,25851.0116892304,-25851.0116892304,1,25851.0116892304,-25851.0116892304,5.23490855173477e-12
0.00257393307066886,132.481232054547,0.0133046142183593,3.2374279313585e-06,1,1.00923088703862,0.115374344463111,3.2374279313585e-06,2,0.119654926488231,-0.0317184817274134,0.0879364447608171
1.54766184588702e-06,0.000141769752074831,3.76908100410322e-19,0.00466237428066716,-1,29.4058981358602,0.00466237453753816,-0.00466237428066716,1,0.00466237453753816,-0.00466237428066716,2.56871001334223e-10
3.79155571457704e-06,0.00158219079327405,4.13792787655468e-13,854.337643025293,-1,1924.52925379291,854.337643025293,-854.337643025293,1,854.337643025293,-854.337643025293,8.65564548462685e-15
0.253912357427187,0.390779798624525,0.000130641552786152,76290801572.69,1,1.01798737423936,76290801572.69,76290801572.69,3,76290801572.69,76290801572.69,152581603145.38
0.16168246457159,733108.390335405,126.441950873492,142116.394437268,1,1.82439780072468,142116.394882213,142116.394437268,2,1595202.44927762,-1595202.44923798,3.96401385139812e-05
0.227752971676038,5110774.08921895,0,38.147407424884,1,6686003719.50364,38.148087300102,38.147407424884,3,171176632982.46,-171176632906.165,76.2954947230713
0.0104012000808645,4554950.3154605,3.02509129055629e-11,132.889411389438,1,20.9218844197515,132.889411796487,132.889411389438,2,232410.347603094,-232410.347603094,2.32745646845823e-10
1.00951230589981e-05,3.69329964973132,1.13207323670536e-17,328223.301597328,-1,1.12696702691992,328223.301597328,-328223.301597328,1,328223.301597328,-328223.301597328,1.5524723625819e-16
0.00423336705101109,3970993.96514699,0.00587182185731052,1398064891.52209,-1,3198302705.28763,1398064891.52209,-1398064891.52209,1,1398064891.52209,-1398064891.52209,2.10639123034085e-12
0.000536855542388867,6.78432240362039,4.58714823923491e-11,0.000604369129941058,1,2175884.64118336,0.000808406945851994,0.000604369129941058,3,16289.5908656009,-16289.5894528265,0.00141277435547627
3.09546954932953e-05,0.00496572792658008,0,9.1424765750792e-07,-1,15.2079055706408,3.09681937132584e-05,-9.1424765750792e-07,2,0.013871723884889,-0.0138716893472074,3.45376816135262e-08
0.00342937927851223,625636.644726275,5.565464462149e-12,0.297860061126375,1,2.34692334753534,0.297879802373388,0.297860061126375,2,5.9520827873299,-5.95208179938592,9.87943985122444e-07
4.21499638388024e-05,5.14572489049164e-05,0,271870.463614941,-1,7741.32821347446,271870.463614941,-271870.463614941,1,271870.463614941,-271870.463614941,3.2674006362983e-15
0.282092887844895,0.355845619685023,5.96742939498973e-09,335284.460923177,-1,2487831.29888028,335284.460923296,-335284.460923177,3,728617.866678881,-728617.866678794,8.6894733719357e-08
0.00992077710970136,0.91338774200663,1.85872018193542e-08,157522.748205545,-1,10188.17715875,157522.748205545,-157522.748205545,1,157522.748205545,-157522.748205545,3.12464094181949e-10
0.00125508464754755,0.406903229557055,2.91675489124123e-11,218459930.243933,1,1.00066485245884,218459930.243933,218459930.243933,3,218459930.243933,218459930.243933,436919860.487867
0.0436120182608047,0.119023073829406,3.11109482862382e-07,857757936.746968,-1,5178240707.01402,857757936.746968,-857757936.746968,1,857757936.746968,-857757936.746968,1.10889049507262e-12
1.24367865719469e-06,0.111486890513738,4.45490276639395e-14,322839.195614501,1,1.00001069133099,322839.195614501,322839.195614501,3,322839.195614501,322839.195614482,645678.391228983
3.03352207639142e-06,1.30298738132285e-05,1.75407383324351e-11,2.64297690193499e-09,-1,538668774.713063,5.17136360215718e-06,-2.64297690193499e-09,3,2.07047389809797e-05,-1.55360183557245e-05,5.16872062525524e-06
0.085229810751169,305351.466547706,0,1583639966.10657,-1,44089331.1279352,1583639966.10657,-1583639966.10657,1,1583639966.10657,-1583639966.10657,2.29348867045177e-12
6.03305120775922e-05,175.929433781087,4.63927464230964e-17,5.05349249126453e-06,1,1.00000707106757,6.0541791518723e-05,5.05349249126453e-06,2,6.05815125994702e-05,-5.50898674009298e-06,5.50725258593772e-05
0.0367108785811693,8973.94883191281,0.000133525476235782,1879.59891161751,1,8038168.64096845,1879.59891201154,1879.59891161751,3,12590.8944349882,-8831.69661135923,3759.19782362897
0.000591446052839648,2016.20863308389,0,820516.864203523,-1,1.00003230353385,820516.864203523,-820516.864203523,1,820516.864203523,-820516.864203523,2.13163463592646e-13
0.402839876859962,366229746.477572,62.5496578908822,0.000143276000690262,1,249.230509340589,7.91908693460292,0.000143276000690262,2,983811.461622305,-983811.461590433,3.18719288728729e-05
0.0425551828410264,0.160424784333223,0,4936.21059441024,1,2864112369702.87,4936.21059459367,4936.21059441024,3,4936.21059580539,4936.21059319852,9872.42118900391
0.0207994789169848,0.124222929321729,2.92436333807211,263927.771981004,1,3207779113.59551,263927.771986545,263927.771981004,3,263927.771986559,263927.77198099,527855.543967549
0.0189015478720743,160.548987778685,0.0202439764013429,0.767428751213175,1,12599551658920.8,0.780735635860127,0.767428751213175,3,8325.4707151733,-8323.92255078623,1.5481643870733
0.00830943748093678,0.00948054024975204,4.22681399270436e-11,19139838.761465,1,1.00009045170153,19139838.761465,19139838.761465,3,19139838.761465,19139838.761465,38279677.52293
0.0313961003447154,993.088358554478,1.63634816487261e-10,0.168773020151261,1,1.00047586923502,0.171668423454834,0.168773020151261,2,0.182414845576996,-0.179692683786483,0.00272216179051281
1.1113900332548e-06,0.00301054640808594,8.70321551861575e-19,0.00112888541032761,1,1.02190593271662,0.00112888595741076,0.00112888541032761,2,0.00171445690379793,-0.0017144565435705,3.60227429271397e-10
5.66285031314658e-05,3.48974935812778,3.16514789798694e-16,25775827.8011295,1,7478137968924.6,25775827.8011295,25775827.8011295,3,25775827.8011296,25775827.8011294,51551655.602259
1.76688616298217e-06,0.000276116556527844,0,4.4572047590433e-08,1,1.00050815893503,1.76744826808715e-06,4.4572047590433e-08,2,1.77388545537522e-06,-1.57425842395394e-07,1.61645961297983e-06
0.00204006815319221,318.872634159245,2.03612130299255e-13,228.148291186413,1,14703.7289131205,228.148291195534,228.148291186413,3,339.5667859611,116.729796163172,456.296582124273
0.059874804482562,16573450.8089381,0.00256383627167504,0.000698997798748457,1,46941473062.6452,0.0784175814560913,0.000698997798748457,3,1735923379571167,-1735923379571167,0.0791161853537987
3.34586879862607e-05,0.822770121617699,1.15604343110867e-15,4101.2654910449,-1,736.069000764114,4101.2654910449,-4101.2654910449,1,4101.2654910449,-4101.2654910449,1.36480430278139e-13
0.00298513311194957,15.3460709347315,0,58.4333687410723,-1,1.00003730074447,58.4333688173217,-58.4333687410723,1,58.4333688173217,-58.4333687410723,7.62494092179586e-08
0.148599240242356,6844812.31057663,0,106.264622295643,-1,25.9991393532005,106.264726195336,-106.264622295643,1,106.264726195336,-106.264622295643,0.00010389969365357
0.832493300900869,3842262.43245729,0.0112083216323446,7.41073489164804,-1,459652856359.54,7.45809929217672,-7.41073489164804,3,155844690844215,-155844690844215,0.0473644001598682
0.00728832765435125,138433.989969702,1.28321049274958e-05,968.315091468129,-1,2124774.24748156,968.315091502184,-968.315091468129,2,307493.333569794,-307493.333569794,1.07241064641987e-10
0.000136699766663463,1872.35728281131,3.35567246202635e-14,3.27793872351842e-06,-1,995169570.483197,0.00013673918474543,-3.27793872351842e-06,3,13134509429.2745,-13134509429.2743,0.000133454614859194
0.000302768253276828,23430.2178898314,0,6.80444587039358e-06,1,49496.5956757675,0.00030284470554379,6.80444587039358e-06,2,1517226.95244314,-1517226.95244314,3.0209262709409e-14
0.000270685518238302,0.346634076700486,0.000187490490618276,12.1054460801634,1,1.00000176397565,12.1054538272427,12.1054460801634,3,12.1054631333043,12.1004915188669,24.2059546521712
6.94262024328747e-06,4.94408356033102e-05,0,0.000102508536461347,-1,188673.282143043,0.000102743369729097,-0.000102508536461347,3,0.00520465464955291,-0.00520441981635683,2.34833196088574e-07
0.292109930629583,250867780.344588,0.0394109688865108,0.408891011021784,1,1808620960039.65,0.540306430975374,0.408891011021784,3,33151502925767052,-33151502925767052,0.949197436929841
3.31146991767011e-05,8496.71468294782,4.09563507714843e-12,5811457.90596177,-1,28.2970815184507,5811457.90596177,-5811457.90596177,1,5811457.90596177,-5811457.90596177,9.46990371823403e-17
0.0036210197113245,5.46302494326163,0.00301642351600995,1728669.55281042,1,97371390457327.5,1728669.55281042,1728669.55281042,3,1728669.55281474,1728669.5528061,3457339.10562084
0.000781081531218668,559165.083472598,1.49987078632982e-08,2162.0155249538,1,1.00006971091499,2162.01552495394,2162.0155249538,2,2213.67973007746,-2213.67973007732,1.41187331162025e-10
0.0143433889809012,355.424820568938,5.02873192833503e-11,0.00086887612244681,1,1025266852.19642,0.0143696834850638,0.00086887612244681,3,4144971.9192212,-4144971.90398264,0.015238559605539
9.25981797830404e-06,41.4495205512101,2.95732713180554e-07,5.13245974376149e-09,-1,1786.10198500727,0.000543891953825286,-5.13245974376149e-09,2,3470.17174746152,-3470.17174746148,4.2623028330794e-11
0.0329758910091967,10.2892240909585,0,222451137.079446,1,1.00103733477359,222451137.079446,222451137.079446,3,222451137.079446,222451137.079446,444902274.158892
0.0552927384741902,491322.492260399,0.0458823377204777,8273129.26998867,-1,1.00000591006047,8273129.26998867,-8273129.26998867,1,8273129.26998867,-8273129.26998867,2.95774567587047e-09
2.1300626221299e-06,430.370928545255,5.1339796251944e-19,3.4013473626061,1,61.7664908819297,3.40134736260677,3.4013473626061,2,51899.1101552197,-51899.1101552197,4.37114169590107e-17
1.61012141266391e-06,0.00269249225370805,0,140.583682597443,1,453299.135333197,140.583682597443,140.583682597443,3,140.583682610335,140.583682584551,281.167365194886
6.07791084798101e-05,1279.53093736846,0,0.0858789909824509,1,2047100.10900422,0.0858790124900369,0.0858789909824509,3,4766022.06743226,-4766021.89567483,0.17175743481877
3.39585004907168e-06,1684.94515319515,3.49358106772541e-18,3990.73586984186,1,21087434829.9165,3990.73586984186,3990.73586984186,3,4168.58779125882,3812.8839484249,7981.47173968371
0.200643489835575,7.60198816355121,0.00328897273540516,0.368356281666152,-1,312843.64028162,0.423359342629541,-0.368356281666152,3,525.393861303067,-525.338858244785,0.0550030582814415
0.3183627409091,134778584.545297,2.63419999905729,29964289.9184617,-1,998736.215056546,29964289.9184618,-29964289.9184617,1,29964289.9184618,-29964289.9184617,4.56469157337013e-08
2.50206564008193e-05,2140.85603157579,1.03551551645569e-15,0.000407447749271882,1,1.0224199421341,0.000408215265110169,0.000407447749271882,2,0.00062264676806477,-0.000622143844700934,5.02923363835819e-07
0.923281531933059,659913.290267293,4.91312070309693e-08,495885877.035573,-1,11.7399971988518,495885877.035573,-495885877.035573,1,495885877.035573,-495885877.035573,8.5952118805625e-10
0.019673112307352,0.114651955783657,1.79093839610272e-11,14.3775840924883,1,24341.0366592064,14.377597552023,14.3775840924883,3,14.3778193909905,14.3773622535206,28.7551816445111
0.0100354065887644,9058234.71560725,1.18680008160556e-09,30.0085680108224,-1,927.258242540218,30.0085696888526,-30.0085680108224,1,30.0085696888526,-30.0085680108224,1.67803024372557e-06
0.000473424661321451,2.56734206770901,3.79744628535815e-10,0.000941043455877394,1,52540028024099.6,0.00105360022799235,0.000941043455877394,3,1652.23727047431,-1652.23527583063,0.00199464368386975
0.00166368513309821,76.0606174995416,1.59215518162589e-07,1341361870.64124,-1,5077879507168.76,1341361870.64124,-1341361870.64124,2,56266643068.0123,-56266643068.0123,2.60106484113199e-17
0.206012174865314,0.578933280938627,0,1298632202.49442,1,1618206908018.88,1298632202.49442,1298632202.49442,3,1298632202.49442,1298632202.49442,2597264404.98884
0.00216547038706459,7.45844706538968,0,3.81327069617424,-1,1.00000740495828,3.81327131103507,-3.81327069617424,1,3.81327131103507,-3.81327069617424,6.14860836381802e-07
0.000415974769708247,698.312373638441,0.000102376528953803,55.5640897196495,-1,108888404.689459,55.5640906424538,-55.5640897196495,2,21882799476.9249,-21882799476.9249,2.34315458748716e-15
0.00239373337941464,0.0212610455471999,9.59226950007232e-12,0.00143529169670695,-1,1.00029172387615,0.00279106276149951,-0.00143529169670695,1,0.00279106276149951,-0.00143529169670695,0.00135577106479256
0.000124578869607415,0.0126064223174598,4.79901142684754e-16,1865.91473370074,-1,1.00052260265572,1865.91473370074,-1865.91473370074,1,1865.91473370074,-1865.91473370074,4.15879004336422e-12
0.0450782999069434,0.227649935388196,0,3328214.9015056,1,1.54746986134392,3328214.9015056,3328214.9015056,3,3328214.9015056,3328214.90150559,6656429.80301119
1.45706548156588e-05,0.00423888662657909,3.85927866471691e-10,3.73585172674906,-1,192.181822588693,3.73585172682913,-3.73585172674906,1,3.73585172682913,-3.73585172674906,8.00663265004553e-11
0.00948498163411986,0.326426081571572,0,5036239.80054304,1,7701890.46221372,5036239.80054304,5036239.80054304,3,5036239.80054304,5036239.80054303,10072479.6010861
2.13915155621206e-06,0.000726934072286762,2.47056976794977e-12,6.52512465288894e-05,-1,1.00039641941597,6.53052196437796e-05,-6.52512465288894e-05,1,6.53052196437796e-05,-6.52512465288894e-05,5.39731148901867e-08
0.000625788149457538,0.0140491121773822,0.00026849582192166,5.4722745376661e-07,1,1.11666232151886,0.016397787443101,5.4722745376661e-07,2,0.0244967615211698,-0.018199008003059,0.00629775351811084
0.00164944294695328,3.20095684726899,9.7327421032295e-14,1905086.52858757,-1,1.18803688270825,1905086.52858757,-1905086.52858757,1,1905086.52858757,-1905086.52858757,7.14052115679604e-13
0.0101209521486103,0.0211833820580145,0.916258669336795,1.23325125063854e-06,-1,1.00001931126825,0.957267519040895,-1.23325125063854e-06,2,0.957341448625299,-0.0118973209924151,0.945444127632884
0.00154404749845111,24.7844999687289,6.48293834125282e-14,363448.693224545,1,102634.559387799,363448.693224545,363448.693224545,3,363448.693647075,363448.692802016,726897.386449091
1.59530051422157e-06,0.0813939203724256,0,5.1818388117444e-05,-1,6477.7006975988,5.18429390642616e-05,-5.1818388117444e-05,2,2.06034520421575,-2.06034520421514,6.1761100165851e-13
0.424744310607254,65641.9378101234,35.0847813465811,181287.035726498,-1,1829.7217082882,181287.035823761,-181287.035726498,1,181287.035823761,-181287.035726498,9.7263405861293e-05
0.0339372489335355,278653.995083524,1.79823811542222e-09,3442.05425669364,1,48027594661842.1,3442.05425686094,3442.05425669364,3,5643101.04736547,-5636216.93885192,6884.10851355458
0.0436892530789563,4899233.39116452,0.000471602355608404,24603723.912731,1,1.19666868314954,24603723.912731,24603723.912731,3,24777158.5166719,24287961.9634746,49065120.4801465
0.00804137733355275,37149.9490030149,1.51574310941152e-06,62642.7297475333,-1,26.7236395938376,62642.7297475339,-62642.7297475333,1,62642.7297475339,-62642.7297475333,5.28229634920987e-10
1.97535167018462e-06,0.327320788545738,6.21305053064123e-12,0.000408477568468951,1,1.0000046693406,0.000408489949701408,0.000408477568468951,2,0.000410994147914238,-0.000410981842123224,1.23057910135324e-08
0.000240807133812121,0.00884401162724583,4.90195412745626e-10,264.983096405615,-1,178136471181.708,264.983096405725,-264.983096405615,3,354425.531895945,-354425.531895944,1.10343393490675e-10
0.844223565393824,5509709.62279683,0,1595.83001848993,1,1.00003814052631,1595.83024179485,1595.83001848993,2,1623.95068618527,-1623.95046674712,0.000219438152458175
0.0388317295295745,0.973440763446167,0,0.0114895880526898,1,1.02678843952891,0.0404958498105489,0.0114895880526898,2,0.0503911093615625,-0.0321148047546754,0.018276304606887
0.00306762618309997,552.870866857565,0,4469207.15602676,1,9301352007.29375,4469207.15602676,4469207.15602676,3,4469207.17312522,4469207.1389283,8938414.31205352
1.83322611556752e-05,5.3470554536216e-05,1.85595560088077e-11,2.36903222135653e-07,-1,16076077977.4247,1.88331483885553e-05,-2.36903222135653e-07,3,8.66701870152172e-05,-6.80739418487975e-05,1.85962451664197e-05
0.815806311450749,851.378459561392,6.62940247931619,768037.594245392,1,4.17261755869487,768037.594250142,768037.594245392,3,768037.826701826,768037.354816127,1536075.18151795
0.0903211677086652,1571.68149906883,0.000469983788463278,10549878.5006385,1,37322641874686,10549878.5006385,10549878.5006385,3,10549878.5591743,10549878.4421026,21099757.0012769
0.00969086128630799,402.075411003121,0.065851042504562,7.71722961082769e-05,-1,1069344293756.62,0.256797510214947,-7.71722961082769e-05,3,314865.524874802,-314865.268154464,0.256720337918839
0.000864385726827855,0.0138626631979128,1.10736505535916e-14,1.14014046518284e-07,1,92332510034385.5,0.000864385740752687,1.14014046518284e-07,3,0.111579436376299,-0.1107149366215,0.000864499754799205
5.17845673698801e-06,2.73720270143151e-05,0,132.885284308465,-1,1.0008737429546,132.885284308465,-132.885284308465,1,132.885284308465,-132.885284308465,1.0090061633389e-13
0.000128125299783623,0.595015885323435,3.79906401309663e-16,18640.9371969655,1,2.02629173038352,18640.9371969655,18640.9371969655,3,18640.9372013829,18640.9371918865,37281.8743932695
0.00497626222106285,38.3802630177115,4.29876013062488e-06,0.000961002695009697,-1,707.327179135073,0.00547589919585981,-0.000961002695009697,2,4517.70691866371,-4517.70691866049,3.21644878105648e-09
0.000325565683158803,243160.424795859,7.50543525187012e-09,699.416305480514,1,25152784424.5379,699.416305480596,699.416305480514,3,21135105.2499948,-21133706.4173839,1398.83261096111
0.00139452288872707,2.62595901121021,5.71809112020442e-10,1.95712588997387e-07,-1,144029058.33821,0.00139472790701238,-1.95712588997387e-07,3,2472.39278580938,-2472.39139127719,0.00139453219436379
0.00182170030482654,0.0135419887143394,1.19887300659771e-05,30.8160362278271,-1,5495798827.38266,30.8160364761932,-30.8160362278271,3,393.318835783274,-393.318835534908,2.48366173562323e-07
0.300593418027752,4.88439596961354,0.316533953526872,30780.2576030314,-1,205811981617.499,30780.257609641,-30780.2576030314,3,1828693.06907072,-1828693.06906411,6.609599596129e-06
4.25374799801057e-06,0.00050049193592986,4.83695306645515e-09,0.0259187537024574,-1,1.00000314894847,0.025918847361256,-0.0259187537024574,1,0.025918847361256,-0.0259187537024574,9.36587986106534e-08
0.422103142334941,4.02892269590208,0,19020035542.9903,1,1626560682.32585,19020035542.9903,19020035542.9903,3,19020035542.9903,19020035542.9903,38040071085.9806
0.0181785222722144,0.0317464288613796,9.45573489860296e-11,1308.53680670285,1,340386520.693491,1308.53680682912,1308.53680670285,3,1308.53680695854,1308.53680657344,2617.07361353197
0.00735238152875542,2002.1781880625,1.07483044666664e-10,70.3172025434667,-1,1.0004169827713,70.3172029278508,-70.3172025434667,1,70.3172029278508,-70.3172025434667,3.84384044901826e-07
0.0538104215115557,0.21604035124807,7.4564916334281e-09,255039189.251628,1,4889866576603.7,255039189.251628,255039189.251628,3,255039189.251628,255039189.251628,510078378.503256
0.342707689981788,4704684.10350126,0,283437.651973341,-1,2.22216891856051,283437.651973548,-283437.651973341,1,283437.651973548,-283437.651973341,2.07185883658916e-07
0.000420338815178998,196455.010661537,0,102.206427348058,-1,987672619144.188,102.206427348923,-102.206427348058,2,1686346486537052,-1686346486537052,5.23868377455779e-23
8.87635588194492e-06,0.000454083991287471,0,0.106057161798345,1,404580897592.724,0.106057162169794,0.106057161798345,3,0.106057648024492,0.106056675943647,0.212114323968139
0.000137849975324612,0.341042915124891,1.22187570353222e-11,10.645951404107,-1,242526646.369574,10.645951405,-10.645951404107,2,105057483.133318,-105057483.133318,9.04972872322746e-17
8.10309349573337e-06,6748.11093660187,0,0.00217638573118,-1,1609528.77105522,0.00217640081579843,-0.00217638573118,2,78155.9080935544,-78155.9080935544,4.20058609785454e-16
0.00191308268319724,0.0112277852834239,2.23367856057046e-13,402795.810682077,1,14984417340005.6,402795.810682077,402795.810682077,3,402795.810682077,402795.810682077,805591.621364155
2.52017948006497e-06,2.69609100025169,0,35.7953345049113,-1,562585909.489567,35.7953345049113,-35.7953345049113,2,56158.3343609369,-56158.3343609369,5.65481925703127e-17
2.30021612615234e-05,9914.79813847564,5.0324215883668e-14,0.00220190066287232,1,91523.1881411673,0.00220202081709154,0.00220190066287232,2,73778843.4163251,-73778843.4163251,3.5860534159575e-18
0.00339715596733504,459463.160015156,4.41111930010669e-13,2524913368.31745,1,3.42394416763067,2524913368.31745,2524913368.31745,3,2524913388.75396,2524913346.94928,5049826735.70324
8.75438636952399e-06,0.000165641794346404,0,3541498.15541744,-1,1.00157441067327,3541498.15541744,-3541498.15541744,1,3541498.15541744,-3541498.15541744,1.08201779788692e-17
1.53483211876682e-06,1.62884198043823,1.62924729045979e-15,2.6701264246691e-06,1,1.00005811157165,3.08008344104586e-06,2.6701264246691e-06,2,3.13837517522649e-06,-2.73716273911311e-06,4.01212436113379e-07
1.54478580069826e-06,26.9387990257525,1.03455219090279e-18,3.23625097147213e-06,1,1537206563.25436,3.58604023331383e-06,3.23625097147213e-06,3,53185950.8971111,-53185950.8971043,6.82227995090097e-06
0.000208672428354876,32.4903708799581,6.53029003256276e-09,188870.79416544,1,42.7404164986663,188870.79416544,188870.79416544,3,188870.795562532,188870.792767965,377741.588330497
0.341905595495509,319598.964585364,2.79171405551337e-08,0.245575234960318,-1,1.00000232142265,0.420959214383169,-0.245575234960318,1,0.420959214383169,-0.245575234960318,0.175383979422851
0.00465481784751701,7372.09702638821,9.37789963283567e-07,46.03386242157,1,1.00930059543479,46.0338626670971,46.03386242157,2,60.457380620038,-60.4573804330871,1.86950864889975e-07
0.194851386716596,140261174.534438,0,51544500.6863267,1,317410317.883396,51544500.6863267,51544500.6863267,3,146963007.121674,-43874005.7490203,103089001.372653
0.0991025684664956,22.3325781064947,7.9077409954323e-08,231670374.271445,1,12559286.2391411,231670374.271445,231670374.271445,3,231670374.271446,231670374.271445,463340748.54289
0.38294282917013,265383458.174177,2.08948204538108e-06,0.0737046219333964,1,1.00000171471065,0.389973936551167,0.0737046219333964,2,0.390249594617125,-0.0751494923732837,0.315100102243842
2.57111025727164e-06,1.15347314585214e-05,0,1.01094346570702e-07,-1,114166.729090271,2.57309697095854e-06,-1.01094346570702e-07,3,2.81473865506157e-05,-2.56753839272089e-05,2.47200262340678e-06
0.524133797447448,11.5021043684309,232.930891386837,19215166062.1329,-1,10818807.427303,19215166062.1329,-19215166062.1329,1,19215166062.1329,-19215166062.1329,6.06826937821886e-09
7.1155100891127e-05,0.111466155340325,1.15862165350921e-16,1251.13028273681,1,85707656498640.5,1251.13028273681,1251.13028273681,3,1251.13028521951,1251.13028025411,2502.26056547362
0.272009344662137,3256.52086257285,0,1688.60432699702,-1,1.0001991948853,1688.60434890538,-1688.60432699702,1,1688.60434890538,-1688.60432699702,2.19083541125143e-05
0.0911730678459615,12.972098725221,4.93526827725361e-07,855.144991264928,1,5.45691038898896,855.14499612552,855.144991264928,3,855.19376861455,855.095378616518,1710.28914723107
0.205825510646126,118547.223614939,2.42520035684918,10913876830.6067,-1,240.583304042819,10913876830.6067,-10913876830.6067,1,10913876830.6067,-10913876830.6067,1.13047111305211e-10
0.0050705566443468,1.18506990734396,0.0502417998659132,3.7079653355603e-05,-1,1420106904.89972,0.224204174326656,-3.7079653355603e-05,3,3.35661077662987,-3.13244368195657,0.2241670946733
0.000306570897070586,0.00911855717026695,0,13086.69965305,-1,16807193195097.4,13086.69965305,-13086.69965305,3,11577653.2677535,-11577653.2677535,3.59088681205429e-12
0.479988131592956,0.755827891432743,932.910083224622,1.08688063461266,1,442384277.369727,30.5666776301414,1.08688063461266,3,30.5720622885129,1.08149597624114,31.6535582647541
0.0185933745209478,67444.2647993358,1.53375184526928e-06,7.41269458004693e-05,-1,767700625.932472,0.0186347208920766,-7.41269458004693e-05,3,122537951776.406,-122537951776.387,0.0185604899885355
0.00123143970738981,0.441038163236004,1.17376127312241e-05,0.00389341506555621,1,56598049.3148377,0.00533035996503618,0.00389341506555621,3,10.5494483778986,-10.540224602868,0.00922377503059075
0.00329514924643833,3.24806286011086,0,0.000163272477850695,1,13690838675922.7,0.0032991917886547,0.000163272477850695,3,1523.47049960146,-1523.46703713719,0.0034624642665054
0.0023432906212629,364.904414136604,0,3.10078680048797e-06,-1,4136540779.53024,0.00234329267283826,-3.10078680048797e-06,3,28449639.6008373,-28449639.5984971,0.00234019188520644
6.01493523539399e-06,0.000145323266068968,3.18285384609991e-16,170.990817669255,-1,30.6465973716892,170.990817669255,-170.990817669255,1,170.990817669255,-170.990817669255,1.05794465061132e-13
0.0589465805147092,16649539.966599,0.000213578705377837,0.0850843126374621,1,989285139094.568,0.104535249159048,0.0850843126374621,3,730956181469276,-730956181469276,0.189619561423073
3.61181156672189e-05,53.5879615963173,3.69533538702295e-13,1318.74555708744,1,7821.9170279657,1318.74555708744,1318.74555708744,3,1319.28995126584,1318.20116290458,2637.49111417042
0.0344588571969008,9208.23251810092,0,302580.96239491,-1,1.60637182990238,302580.962394912,-302580.96239491,1,302580.962394912,-302580.96239491,1.96214069437498e-09
5.84357323371857e-06,8.75525732058548e-06,0,26021.158852026,1,1.00008361242933,26021.158852026,26021.158852026,3,26021.158852026,26021.158852026,52042.3177040521
4.20449783028591e-06,0.172127741159888,1.36882895267847e-09,1.26984998436537e-09,1,18017.552367223,3.72358262469879e-05,1.26984998436537e-09,3,404.599587966507,-404.599551352577,3.66139300031454e-05
0.0261358036485212,0.143182266044064,0,19245426.5249012,1,93355085.0406458,19245426.5249012,19245426.5249012,3,19245426.5249012,19245426.5249012,38490853.0498023
8.03066029453402e-05,476.53974450429,2.85543578092399e-16,3.80753541004413e-06,1,66563023.966011,8.03968164050222e-05,3.80753541004413e-06,3,1350892249.49676,-1350892249.49668,8.40519027986197e-05
4.85856643082551e-06,2.27963522743447,0,0.246342940592795,-1,1.00010671338797,0.246342940640707,-0.246342940592795,1,0.246342940640707,-0.246342940592795,4.79122066653194e-11
1.43980523521459e-06,200.470611473279,2.72281185761178e-13,1386.09251614323,1,1.97953811335988,1386.09251614323,1386.09251614323,3,1392.81066871625,1378.30805440052,2771.11872311678
0.00737993850377856,31510.9301435038,1.00339898164509e-05,2.60274710522556,-1,27044932595.3044,2.60275949546672,-2.60274710522556,3,40158361788380.9,-40158361788380.9,1.23627891463949e-05
2.56513278996461e-05,0.000890477861793833,0,3.81895403455817e-09,1,1.00026556791236,2.56513281839279e-05,3.81895403455817e-09,2,2.56787565654159e-05,-1.18655624844753e-06,2.44922003169684e-05
0.0911406187415702,6091.47720058112,0,1.48326493692989e-05,-1,132439.450050266,0.0911406199485375,-1.48326493692989e-05,3,218538136.691131,-218538136.606235,0.0848961537199581
0.0124378447249383,249.897401370058,1.8069690837163e-07,2.39799386745236e-05,1,1.00292236068661,0.0124451297039245,2.39799386745236e-05,2,0.0125944988732217,-0.00193409502288166,0.01066040385034
0.217130442818551,258988.345609816,0.00824733672520256,0.000256435093225036,1,1.0001231357762,0.235357242681715,0.000256435093225036,2,0.23548122313792,-0.00764464039365757,0.227836582744263
7.42796338607076e-05,17738.2688967233,9.62024056149387e-17,618.687951797023,-1,49180102721.5469,618.687951797028,-618.687951797023,2,21569829913.7742,-21569829913.7742,1.27897719285209e-19
0.000256472402800757,0.202161056583471,0,1.02559968479749e-06,-1,257672.165854819,0.00025647445341224,-1.02559968479749e-06,3,79.9949849781817,-79.9947295299304,0.000255448251311637
0.00111615376387933,40.9805354555816,5.90135556595857e-08,143642668.151442,1,1.14065321199107,143642668.151442,143642668.151442,3,143642668.151444,143642668.151438,287285336.302881
0.0184533941451837,31.7519339163919,0.00198528984373963,5.09293125855724,-1,1.0000028528892,5.0931595912546,-5.09293125855724,1,5.0931595912546,-5.09293125855724,0.000228332697352694
0.00314930385471339,2381.7838112095,0,20380.1634370967,1,1.00017376941545,20380.163437097,20380.1634370967,3,20382.7186501599,20243.0809277698,40625.7995779296
0.000541835969988178,0.000997690882605213,2.16577361212841e-09,0.332410013151503,1,2179629055878.42,0.332410458011438,0.332410013151503,3,0.332410985823765,0.332409485339177,0.664820471162941
2.84374888848184e-05,0.00155202457891342,1.56063330292483e-12,2.88887965552746e-07,1,1.04655240959727,2.8466381287999e-05,2.88887965552746e-07,2,3.4077115606915e-05,-1.87349513132528e-05,1.53421642936622e-05
0.4024990935866,89905.2641545089,0,20666773133.9029,1,2.4472062962352,20666773133.9029,20666773133.9029,3,20666773133.9963,20666773133.8007,41333546267.797
1.17453559594161e-06,5.21267345027883,1.8831450264934e-13,0.0840636957457778,-1,366286089254.617,0.0840636957551032,-0.0840636957457778,2,2502283026707.29,-2502283026707.29,3.13283579844753e-25
0.139839078326763,3516.21421408709,0.00342689293974957,53923863681.1316,1,13.73726562983,53923863681.1316,53923863681.1316,3,53923863681.1316,53923863681.1315,107847727362.263
4.53011930209833e-06,0.00027648269099048,1.844555923285e-10,11.8536462551193,-1,471975833.911046,11.853646255128,-11.8536462551193,3,4436.36549018766,-4436.36549018765,8.63625124881502e-12
0.00413329184851528,7573.61808255012,0,3.47812831578652e-06,-1,1.00049819062111,0.00413329331192203,-3.47812831578652e-06,2,0.0041413123209677,-0.000257616449001307,0.00388369587196639
0.0919474809487617,71.5058004646555,1.07671328627177,4351.42677390013,-1,92828417317583.4,4351.42689859115,-4351.42677390013,3,20507317.0893321,-20507317.0892074,0.000124691011289169
0.148270984881407,29.6873992027356,23.503311142742,0.00037288155234396,-1,61463401746058.5,4.85028819419428,-0.00037288155234396,3,95.7095744213529,-90.859659108711,4.84991531264193
0.000247343481800636,58851.0417708351,2.44657276159974e-05,3.55360058028532e-08,1,4750.88289462993,0.00495246468086845,3.55360058028532e-08,2,223564.653236005,-223564.653236005,5.48541687135465e-11
0.678136230610862,683697.510608815,0,12142369.2300245,-1,1.23326540796167,12142369.2300246,-12142369.2300245,1,12142369.2300246,-12142369.2300245,1.89365328361942e-08
1.20336382977837e-06,0.348204285906938,1.29999988308418e-15,341.090820246558,1,464055421034.306,341.090820246558,341.090820246558,3,341.090909113084,341.090731380033,682.181640493117
0.0400239682490111,498460.05471734,0,37812368646.6475,1,1.00000106478278,37812368646.6475,37812368646.6475,3,37812368646.6523,37812368643.3668,75624737290.0191
7.5750780483885e-05,8.91101040529755e-05,0,333111.519416698,-1,1.00000108194265,333111.519416698,-333111.519416698,1,333111.519416698,-333111.519416698,8.61300256737699e-15
0.614120843464634,23429738.80604,7.1869849341472e-07,51860.0609154238,-1,24985582106228.8,51860.06091906,-51860.0609154238,3,76783397944377294848,-76783397944377294848,3.57468329883579e-06
0.282325180070005,247928945.08351,5.70381795876945,46753868.6535842,1,6236895041735.76,46753868.6535842,46753868.6535842,3,375436625.719452,-281928888.412284,93507737.3071684
2.19537629539916e-05,0.235124266615756,5.33602368679591e-07,1005.05427278137,-1,28.4122975130706,1005.05427278164,-1005.05427278137,1,1005.05427278164,-1005.05427278137,2.65699251697793e-10
1.24388090870631e-05,631.782842569656,1.41454660124165e-14,13.72693441932,1,1.00937489006684,13.7269344193257,13.72693441932,2,18.0474805174359,-18.0474805174316,4.2869728220773e-12
0.0837716835568687,1072021.98778341,0,1464081993.84596,1,3538151488144.94,1464081993.84596,1464081993.84596,3,1464082190.08346,1464081797.60846,2928163987.69192
0.112925412538166,65.8431014595944,19.2090158425637,266887860.497617,-1,41.5898045956342,266887860.497617,-266887860.497617,1,266887860.497617,-266887860.497617,3.60109447382158e-08
7.03999253457818e-05,0.0712351377168488,9.34468784289675e-12,5.91821965248276,-1,2089375.50922007,5.91821965290227,-5.91821965248276,2,3662.72570752914,-3662.72570752914,6.7784139095202e-13
0.0160952198281463,2534.57532741948,4.05835847336779e-06,469358.447929214,-1,365958.590187337,469358.447929214,-469358.447929214,1,469358.447929214,-469358.447929214,2.80291599043938e-10
0.00145576462002805,28.8131016814869,4.39313860895559e-11,0.274973987333132,-1,1.00125005492289,0.274977840933486,-0.274973987333132,1,0.274977840933486,-0.274973987333132,3.85360035440061e-06
0.120211750213784,0.409147559502397,0.00218296630114772,0.000149347346197064,-1,14697204165.919,0.12897229739459,-0.000149347346197064,3,0.722619859804273,-0.59379690975588,0.128822950048393
0.000134782491508333,20.60334635076,4.70473581574534e-05,118.828883186295,1,2748625255623.83,118.828883384334,118.828883186295,3,119.721969873694,117.935796696936,237.65776657063
0.108441050294933,11352.787112162,2.15160790285689e-10,1892393.00863054,1,1.00258672516918,1892393.00863055,1892393.00863054,3,1892395.28953563,1892361.2356211,3784756.52515673
0.0530882841402798,18528.7128272607,0.0027508594440313,6848432.98763847,-1,37299293884.8691,6848432.98763847,-6848432.98763847,2,1131370373065.38,-1131370373065.38,2.46127417226814e-15
0.000346391741119526,1.33581398002133,3.15053603622133e-09,1.83212497199972e-07,-1,7813510928070.33,0.000350909971244559,-1.83212497199972e-07,3,2543.85938750912,-2543.85903678236,0.000350726758747359
0.0722433878287141,1481.8280928233,9.36721981945244e-06,577825926.602284,1,24824991.7758632,577825926.602284,577825926.602284,3,577825926.603234,577825926.601333,1155651853.20457
0.0496502157773169,1499192.00549719,0.00322818576788258,2591424379.85193,1,1.00927506229492,2591424379.85193,2591424379.85193,3,2591424431.51966,2591423997.86301,5182848429.38267
0.0199437511587913,6281516.45125561,0.077376784952396,7.63692713618487e-06,-1,55151.8029444685,0.27888086743447,-7.63692713618487e-06,2,1696509328.13003,-1696509328.13003,2.29219305998177e-11
0.00699900481757988,5006.51329663318,7.8704521027371e-08,1.80685973970047e-06,-1,2963.48298869592,0.00700462534489004,-1.80685973970047e-06,2,123000.738114955,-123000.738114955,1.99449099694338e-10
0.00564169834546904,165970.949683477,0.000154840816369363,6.68869153459235e-07,-1,45509.6211222507,0.0136627075295498,-6.68869153459235e-07,2,56591596.423224,-56591596.423224,1.64926940030646e-12
0.00203142669353066,0.00688877547816338,1.90350547183031e-06,14237925.2741882,-1,102.335843638013,14237925.2741882,-14237925.2741882,1,14237925.2741882,-14237925.2741882,2.11765400045725e-13
0.000321653999194217,951.330281226274,1.83858612363134e-05,233.03623482544,-1,1039.53132967985,233.03623486511,-233.03623482544,1,233.03623486511,-233.03623482544,3.96704884624209e-08
0.000651098593983446,0.143979166243544,0,7557.39994511238,1,529.788117078208,7557.39994511241,7557.39994511238,3,7557.39994579815,7557.39994442664,15114.7998902248
2.31389725884869e-05,0.177628622118486,0,0.480789097679715,-1,118062.922030505,0.48078909823652,-0.480789097679715,2,15.5224613535013,-15.5224613534841,1.72463644862056e-11
0.152852576223307,2438194.04414183,42.4390348943569,9831352747.29379,1,1.00001925487776,9831352747.29379,9831352747.29379,3,9831352749.15839,9831352446.82002,19662705195.9784
0.00180033716188234,1116232.69620919,5.76366342545842e-06,123389941.050104,-1,1.03418590427106,123389941.050104,-123389941.050104,1,123389941.050104,-123389941.050104,3.64895114029451e-14
0.0373402533025492,24.9809446617854,0,0.000413765767163893,1,1.0000203616147,0.0373425456926628,0.000413765767163893,2,0.0373508681483458,-0.000890412677680649,0.0364604554706651
0.000176013571052646,0.01609961702217,8.67269903529284e-06,1233811.43562151,1,250678713775.296,1233811.43562151,1233811.43562151,3,1233811.43562151,1233811.43562151,2467622.87124302
0.00333545295759676,22470.3411722065,7.06255612476898e-11,2.48332226560448e-06,-1,1.00399503319376,0.00333546446912446,-2.48332226560448e-06,2,0.0033884259312995,-0.000596752238370864,0.00279167369292864
3.19593823327093e-06,0.000103707266742986,0,241862.79085689,1,124.911406572182,241862.79085689,241862.79085689,3,241862.79085689,241862.79085689,483725.58171378
0.00164110642919963,0.019109705541165,0,160.846609982787,-1,1.00000394407129,160.846609991159,-160.846609982787,1,160.846609991159,-160.846609982787,8.37204561593955e-09
0.162815216736177,0.561382005978596,2.01899739930957e-09,19446.5940520784,1,1.00034327255245,19446.5940527599,19446.5940520784,3,19446.5940529494,19446.5940448464,38893.1880977958
0.0607740636416065,110891.824036146,0,2.75834930922313e-05,1,1.27148612454161,0.0607740699012591,2.75834930922313e-05,2,0.135785091118323,-0.121425302793517,0.0143597883248061
0.000176011178965518,79.2484242536972,0,101130.30928145,1,1.50350168803696,101130.30928145,101130.30928145,3,101130.322555752,101130.291505156,202260.614060908
4.06272193700818e-06,1729.34573050029,3.09933738300837e-14,6713.30164621581,-1,16174776719.88,6713.30164621581,-6713.30164621581,2,644450.182709234,-644450.182709234,1.28300862929064e-17
0.000407943278067164,46175.8958506647,0,0.000145210984732856,-1,34171.2379345237,0.000433017260865279,-0.000145210984732856,2,672127.524397685,-672127.524397685,1.23799213749887e-13
0.000881232588145525,435.4197472462,1.45595160994469e-07,640.738470790292,1,553936136715.447,640.738470791012,640.738470790292,3,714.711848750204,566.765092831099,1281.4769415813
3.96331604692904e-06,8.60334909697153,5.88776870666416e-12,0.000438352499128737,-1,111.924978059704,0.000438377131172697,-0.000438352499128737,2,0.000617125233665371,-0.000617107736447814,1.74972175573376e-08
0.00533873874320167,0.0449377213646509,0,409283811.366173,1,5991156360311.6,409283811.366173,409283811.366173,3,409283811.366173,409283811.366173,818567622.732346
0.00233165544240059,81891.1078120659,0.000148317353347836,28443657.0144155,1,1866862881.66407,28443657.0144155,28443657.0144155,3,28443715.9568498,28443598.0719812,56887314.028831
0.000185217060626026,0.325478510673967,4.47825609059764e-13,158975056.907665,-1,20234.0887325188,158975056.907665,-158975056.907665,1,158975056.907665,-158975056.907665,1.07896823690019e-16
0.0529960674493785,1769.43118076472,6.8160607251591e-07,0.000272178907170918,1,2.45520825059741,0.0530031966255725,0.000272178907170918,2,0.589005284507287,-0.586615683737094,0.00238960077019281
0.00422318239558706,644307.674741171,0.000904558345284301,0.0575692029105211,1,916754227694.485,0.0650892213702349,0.0575692029105211,3,1692229384846.78,-1692229384846.66,0.122658424279749
0.00245314159272736,1961483.8460775,3.43948392963225e-08,285177723.716066,1,27919482.3890909,285177723.716066,285177723.716066,3,285181096.541639,285174350.890492,570355447.432131
0.000145475648764351,0.903437109638382,4.07075594326442e-16,10763.3212297877,1,24226839117267.2,10763.3212297877,10763.3212297877,3,10763.3212487456,10763.3212108299,21526.6424595755
0.511321086063255,14869.4603698305,0,369071.430090781,1,5961.59588922783,369071.430091136,369071.430090781,3,369221.198423122,368921.661756688,738142.86017981
0.0091260183581662,15.4545848313281,4.5417024494264e-12,447.736900253342,1,287.9441865701,447.736900346348,447.736900253342,3,447.870261807565,447.603537987881,895.473799795447
1.85309132166181e-06,2.69742731143256e-05,6.30332448559427e-14,0.0321961287002156,1,126678.093828773,0.0321961287545231,0.0321961287002156,3,0.032196134377695,0.0321961230770438,0.0643922574547388
0.00368916306646025,1390275.3163692,4.15456404732933e-13,2.85853400182584,1,203634045.925734,2.85853638240254,2.85853400182584,3,169043409872.274,-169043409866.557,5.71706834593136
5.62680546958636e-06,0.0132755404688249,1.99963494241445e-15,4.50674827838272e-06,-1,134357160072.651,7.20928009389392e-06,-4.50674827838272e-06,3,32.6064583279935,-32.6064556254616,2.70253181551119e-06
3.10799081503978e-06,0.00810317654741053,0,2.57520630956414e-06,1,1.00530569516514,4.03624756961098e-06,2.57520630956414e-06,2,4.65620942082855e-06,-3.46708512503528e-06,1.18912429579327e-06
0.0367389321079579,280.72162028389,1.55966198154802e-05,7696218321.57312,1,40622467828.802,7696218321.57312,7696218321.57312,3,7696218321.57312,7696218321.57312,15392436643.1462
0.00133205921185838,157183.328476098,6.47161339373647e-10,0.494704333825871,-1,1.08529181981595,0.494706127852692,-0.494704333825871,1,0.494706127852692,-0.494704333825871,1.79402682100688e-06
4.65210690625478e-05,8.46558875557626,7.87967822934225e-16,0.000175969365061184,-1,7113148.27444706,0.00018201491173727,-0.000175969365061184,3,5985755.20047564,-5985755.20046965,5.98639524824539e-06
1.21745504268439e-06,286.365372764182,9.09057326193777e-17,62582.8234075172,1,1.00038275256299,62582.8234075172,62582.8234075172,3,62582.8410418096,62582.1858657692,125165.026907579
0.0111979493064518,1037.91734616354,4.71228394724795e-06,9821545.8360035,1,2595922683873.87,9821545.8360035,9821545.8360035,3,9821545.86342465,9821545.80858235,19643091.672007
0.000447645081003688,9.43636375950117,1.05911887703087e-05,131125756.625535,-1,1.00246578396799,131125756.625535,-131125756.625535,1,131125756.625535,-131125756.625535,4.11497144671347e-14
0.172918667017494,0.434130154247408,0,4229838.57962903,-1,1.04000024324599,4229838.57962903,-4229838.57962903,1,4229838.57962903,-4229838.57962903,3.53451613344184e-09
0.071053286176678,23310.2239731243,0.00214847987917514,965566.71936119,-1,1.01366777172862,965566.719361193,-965566.71936119,1,965566.719361193,-965566.71936119,3.72685243358508e-09
0.617832270110931,1602.5623932422,67.8961247844998,7.32833198846902e-05,-1,1.00000248806216,8.26304069358615,-7.32833198846902e-05,2,8.26312260257336,-0.0367919375487719,8.22633066502459
2.3852558144757e-05,461.199747214269,1.86859422574452e-16,1167289.85564471,-1,305191465.081302,1167289.85564471,-1167289.85564471,1,1167289.85564471,-1167289.85564471,2.43703273080446e-16
0.000134958946126949,21339.1766193194,0,0.0343504118210296,1,1.17102399544973,0.0343506769393482,0.0343504118210296,2,0.108881020387263,-0.108880936745853,8.36414100033218e-08
4.13793459385813e-06,0.0211177848915141,0,1.15974825644628e-05,-1,1.00000827758787,1.23135739952325e-05,-1.15974825644628e-05,1,1.23135739952325e-05,-1.15974825644628e-05,7.16091430769718e-07
0.000308734745287757,287.321885101367,0.000482134680758705,0.0270712248815678,-1,2.25151770815765,0.0348580150681313,-0.0270712248815678,2,0.0726464563808113,-0.0692479431231532,0.00339851325765806
0.0401894470915652,2098129.41063449,0.000136667079105498,1343352347.57399,1,8048778010243.81,1343352347.57399,1343352347.57399,3,1343353166.82052,1343351528.32745,2686704695.14797
3.01917923574331e-05,0.768641519985341,0,1.00862736419863e-06,-1,2.88816961204921,3.02086354361492e-05,-1.00862736419863e-06,2,0.000457977300502314,-0.00045698103182696,9.96268675354619e-07
0.135683741262871,60576.5748506905,0.00764370243240512,0.164429512913624,-1,989372871.093495,0.230414506471503,-0.164429512913624,3,27805732884.4927,-27805732884.4267,0.0659849793547396
1.35332340093945e-06,8.13147020268689,0,0.0830345487177072,-1,11488082.1044876,0.0830345487287356,-0.0830345487177072,2,2910.9812948777,-2910.9812948777,3.14581929941131e-16
4.44707787800121e-05,2.12397443944744,3.20647938387395e-16,0.00514306551118442,-1,1.00000255601033,0.0051432577713761,-0.00514306551118442,1,0.0051432577713761,-0.00514306551118442,1.92260191676226e-07
0.000298915802799336,11665.105742564,5.62416276444555e-06,1.009792886472e-05,-1,1.02461799334503,0.00239031700612619,-1.009792886472e-05,2,0.0026239737317916,-0.00108246234277392,0.00154151138901768
0.0281129952199883,20065.3939823575,1.09172011977477e-10,0.301409185532229,1,416222045.434385,0.302717422248229,0.301409185532229,3,333224883.234627,-333224882.6305,0.604126606818719
0.00071852084592546,661.400713265186,7.63372046336011e-06,6.87018039344519,1,1.03384080294883,6.87018098658771,6.87018039344519,2,11.5426392356782,-11.5426388826397,3.53038530773542e-07
0.935067543258045,15989636.5252685,67.8459978497663,5161343028.04455,1,2.84086566734781,5161343028.04455,5161343028.04455,3,5161355002.46516,5161330234.83248,10322685237.2976
4.92006610485406e-05,201.127489475506,0,1617.86552857915,-1,1.02019354158353,1617.86552857915,-1617.86552857915,1,1617.86552857915,-1617.86552857915,7.48116887606629e-13
0.00167268025559089,935.200283009761,2.62278412879326e-10,11577200.0697346,1,282060.60724993,11577200.0697346,11577200.0697346,3,11577200.0886208,11577200.0508483,23154400.1394692
1.17316513906959e-06,234.035356233369,1.02754150620458e-09,2.73087449441227e-05,-1,5394779.37575105,4.21270147657207e-05,-2.73087449441227e-05,2,862531314.37185,-862531314.37185,5.96452444974377e-19
0.257751028525805,1707.77388705685,40.183275351961,10346417729.6866,1,11522141720122.4,10346417729.6866,10346417729.6866,3,10346417729.6866,10346417729.6865,20692835459.3731
0.0056121414550293,0.468792680118871,9.58861679534009e-05,0.410841403212265,1,2410651410606.31,0.41099640009748,0.410841403212265,3,0.544681587075005,0.27715621623474,0.821837803309745
0.0146575119603991,36167.6362623573,0,4849064.89393217,1,44686598815.7271,4849064.89393217,4849064.89393217,3,4849132.33466257,4848997.45320177,9698129.78786433
0.000126830475843522,0.0123543798956136,0,1.60180966679039,1,9.08188231807114,1.60180967181157,1.60180966679039,3,1.60183341826901,1.60178577505882,3.20361919332783
0.0868663257919778,3203.04905518038,0.187794736099768,0.000779511855314464,-1,5573827466687.62,0.441974096859871,-0.000779511855314464,3,11626982.720372,-11626982.2791774,0.441194585004556
5.42963829398466e-06,0.000157773122232632,0,0.000157332390297455,1,30.4432046081705,0.000157426052509469,0.000157332390297455,3,0.000196913241996399,0.000117823880323555,0.000314737122319955
0.00469594660035592,0.109474486316112,4.6700924637908e-12,500.759922837144,-1,1.00117830713048,500.759922859162,-500.759922837144,1,500.759922859162,-500.759922837144,2.20184544901905e-08
0.000176020654085886,0.000428190820296635,4.56598085812266e-12,2.89544452115541e-05,-1,1.00011177640431,0.000178398981340114,-2.89544452115541e-05,1,0.000178398981340114,-2.89544452115541e-05,0.00014944453612856
1.42351691879754e-06,0.00220446170796112,1.33957713860753e-13,140924.553921627,-1,8.94210886850825,140924.553921627,-140924.553921627,1,140924.553921627,-140924.553921627,7.66494578781868e-18
0.277175010765366,2691925.22314382,2.00798884056001e-06,0.0668298275345509,1,15070609.04033,0.285121413488919,0.0668298275345509,3,11059798853078,-11059798853077.7,0.327603670883276
0.650820349105957,6513.11456060271,0,0.0305616674795278,-1,539.076784417182,0.651537521812466,-0.0305616674795278,2,360915.239515939,-360915.239515352,5.867958462752e-07
6.98977485813125e-05,4782.87541535954,1.01598750151586e-08,457257.026524656,-1,121.89662737788,457257.026524656,-457257.026524656,1,457257.026524656,-457257.026524656,1.64519836756228e-14
1.90165049779521e-06,0.0033775407562226,7.7749494529648e-12,1.66643599503253e-05,-1,1.26534756749299,1.70027090965744e-05,-1.66643599503253e-05,1,1.70027090965744e-05,-1.66643599503253e-05,3.38349146249147e-07
6.63735910455358e-06,2756.07440845134,0,11.2897138239051,1,1.38308407970836,11.289713823907,11.2897138239051,2,61.7415468887818,-61.7415468887815,3.5676572828794e-13
3.61144501352045e-05,7670.37542037174,3.43706348373307e-07,0.00637111105821381,-1,2130049.06456383,0.00639812993912879,-0.00637111105821381,2,245175216.481457,-245175216.481457,7.03600075964385e-16
0.160555723192637,6179503.67065321,0.000480973174487338,635462.583052341,1,6133901.32975667,635462.583052362,635462.583052341,3,15658481.4963769,-14387556.3302724,1270925.1661045
0.0663632101696791,20.5867825632646,0.104127459979579,4990361628.61975,-1,33.4252944993222,4990361628.61975,-4990361628.61975,1,4990361628.61975,-4990361628.61975,1.08741153167312e-11
8.70088521284856e-05,0.0197527342867345,2.29305835783593e-07,2.62680318158798e-07,-1,12487795.2312177,0.000486699542976217,-2.62680318158798e-07,3,0.401528408359035,-0.401041971496378,0.000486436862656773
0.836546759003858,67142677.1930912,2.31502873565577e-05,38652264701.3131,-1,7734193576009.73,38652264701.3131,-38652264701.3131,2,1083053571411534,-1083053571411534,3.23083570730083e-16
0.00265725973149675,0.784245543762048,6.79256814252479e-10,4.65166693637358e-05,-1,1.39718429037021,0.00265779463803679,-4.65166693637358e-05,2,0.00759205946999547,-0.00711179713282792,0.000480262337167546
2.36659143955056e-06,0.000316817891303881,0,1.16836662281261,1,2.06273510408522,1.16836662281501,1.16836662281261,3,1.16836664285486,1.16836659990021,2.33673324275507
0.276672012037113,958.432458949347,0,0.0333535845732633,-1,9.07140219023463,0.278675194175136,-0.0333535845732633,2,40.1299765367924,-40.1290227820372,0.000953754755159343
0.00137592428387956,2294.04211358083,6.03662240712451e-08,0.000736963566297404,-1,1.01534970285175,0.00158007884521327,-0.000736963566297404,1,0.00158007884521327,-0.000736963566297404,0.000843115278915871
0.00116718095050392,0.00228589719465709,0,389506635.51774,1,26508.0546077638,389506635.51774,389506635.51774,3,389506635.51774,389506635.51774,779013271.035481
0.018594091523007,32.9130399534293,6.37438964391058e-06,1.95533445837522,-1,8949.09525621597,1.9554244957908,-1.95533445837522,2,14421.5279248448,-14421.5279248326,1.22079515792294e-08
0.000794076036457097,1.18611872963661,1.08510654445781e-12,0.000464445381466192,-1,1.00155729347561,0.000919927904320352,-0.000464445381466192,1,0.000919927904320352,-0.000464445381466192,0.00045548252285416
0.000289998756422235,104.216236182359,0.00011284313742882,1.04237291107177e-07,-1,842984807.388141,0.0106267227647291,-1.04237291107177e-07,3,511029.170855693,-511029.160229075,0.0106266185270785
2.74257280150266e-05,563.737346755794,0,0.856773359337467,1,12950602305439.6,0.856773359776423,0.856773359337467,3,92732.438755438,-92730.7252087189,1.71354671911389
0.0193134651770926,4441.16812043533,0.00257507368150299,6.2348677056415e-06,-1,7.67086083720628,0.0542962582276471,-6.2348677056415e-06,2,6.33478862017306,-6.33455592592373,0.000232694249329419
5.1873246355012e-05,0.00731652862747071,1.04021152555833e-15,1616344.84101118,1,1.96301001855422,1616344.84101118,1616344.84101118,3,1616344.84101118,1616344.84101118,3232689.68202236
0.318736044402841,1.41841509712876,0.00477151667415726,41139.2758460368,-1,358042.9078231,41139.2758473296,-41139.2758460368,2,331443.0491097,-331443.04910954,1.60456197469612e-07
1.64422937382918e-05,0.000208512284980292,2.70077892164449e-06,13781.6038332232,-1,1.00002700336022,13781.6038332233,-13781.6038332232,1,13781.6038332233,-13781.6038332232,9.79947364383115e-11
1.14531711018268e-06,4.58820644355412e-06,4.90419576520884e-09,22955.5825346071,-1,31623.2549849535,22955.5825346071,-22955.5825346071,1,22955.5825346071,-22955.5825346071,1.06847811618292e-13
3.87806801539023e-06,1.41945346674629e-05,1.28506135820898e-07,0.000143002721998797,-1,600123.719746913,0.000385967555283466,-0.000143002721998797,3,0.000386351243326655,-0.000143386410041988,0.000242964833284668
0.000919567528631176,5.98758450962295,5.43651425131488e-09,89.7786534746002,1,1.03927465034836,89.7786534793399,89.7786534746002,3,89.8214144364879,89.6216230778377,179.443037514326
0.000170825295818384,16.4986312191173,5.91041953835951e-09,52654728.6777095,-1,2060184093972.21,52654728.6777095,-52654728.6777095,2,2828649281.29933,-2828649281.29933,6.20290777329575e-18
0.100905021877607,8672766.8763633,2.70525484317632e-06,11568816.9628415,-1,1.02043032035291,11568816.9628415,-11568816.9628415,1,11568816.9628415,-11568816.9628415,4.40171571893468e-10
0.0722687950590678,34265.9142357055,4.07070213479434e-05,39.4902881418875,-1,2640140.42881961,39.4903547846188,-39.4902881418875,2,929045188.486523,-929045188.486523,2.83273936826047e-12
0.00126046027574399,33.700251992154,9.61159428129637e-11,1075161919.85143,-1,6.77013369689875,1075161919.85143,-1075161919.85143,1,1075161919.85143,-1075161919.85143,7.38891600109401e-16
0.329583150290034,10.3537813856646,0,121853470.022231,1,95.0163444763955,121853470.022231,121853470.022231,3,121853470.022231,121853470.022231,243706940.044462
1.26249707902816e-06,68.801001464382,6.22061236579619e-16,0.000573283611607493,-1,8295355383.10078,0.000573285002296996,-0.000573283611607493,2,191394813617.429,-191394813617.429,4.165528066446e-24
0.00015284236345109,0.262495444247591,7.45027725342379e-10,0.0149615096199322,-1,4643193.83659301,0.0149623151926136,-0.0149615096199322,3,42819.7894889025,-42819.7894880979,8.04579609321442e-07
3.7282142374434e-06,32.3643385474148,2.11047621964689e-17,27.2674662048253,1,1.07765345014075,27.2674662048256,27.2674662048253,3,33.7991481654465,9.74330575821801,43.5424539236645
0.000420307841221067,0.0637514593860257,0,0.00112590564682081,1,1.00005580760844,0.00120179957020083,0.00112590564682081,2,0.00122585947468977,-0.0011515523306801,7.43071440096721e-05
4.43199062116852e-05,8.05696172357587e-05,2.35797789185356e-16,10.0166752737912,-1,1.00005979266267,10.0166752738893,-10.0166752737912,1,10.0166752738893,-10.0166752737912,9.80492163672436e-11
1.53729482095995e-05,3.12089833779346e-05,4.34367359599455e-18,0.00161137768078467,1,2.72171530976526,0.00161145101001302,0.00161137768078467,3,0.00161156130801041,0.00161125908805145,0.00322282039606187
0.0003102457866123,11.8856791006755,0,37522869.88958,-1,1.15526099422221,37522869.88958,-37522869.88958,1,37522869.88958,-37522869.88958,1.28258377349508e-15
0.00254486218215541,106.797810474265,0,9.48207222071401e-05,1,1.00001928953689,0.00254662806383748,9.48207222071401e-05,2,0.00254800248922076,-0.000126464061734593,0.00242153842748617
0.000516228002294496,62457.3542061619,8.54379364258820e-11,27.3984596293427,1,2.44271318979974,27.3984596342075,27.3984596293427,2,597.877259053445,-597.877259053222,2.22936049375322e-10
0.100246924733083,16974.0371165204,1.82205433073113e-08,16175775.3420576,1,15705.2353108654,16175775.3420576,16175775.3420576,3,16175779.7949807,16175770.8891345,32351550.6841152
0.221856825464079,2.77970578259263,35.8230173405426,0.788301234386925,-1,73.5738562214984,6.04099798275777,-0.788301234386925,3,6.7718367586011,-1.5192075259225,5.2526292326786
1.27252984423774e-06,2.55423576908409,1.03598362703954e-08,0.00246615240885739,-1,777311237364.616,0.00246825224791059,-0.00246615240885739,3,1553481.05476891,-1553481.05476681,2.09983905320409e-06
0.0133169541056914,0.0428288103396649,0,8.33420529526854,-1,111187.393585145,8.33421593462449,-8.33420529526854,3,86.229393729051,-86.2293830928455,1.06362055264101e-05
0.000904251631809447,0.0478512955786621,8.87942407605443e-14,157193.50476184,-1,1.00000140648796,157193.50476184,-157193.50476184,1,157193.50476184,-157193.50476184,2.60084252101612e-12
8.08523500376126e-06,0.00121171434432323,2.57955377334253e-16,96225.9777953919,1,1112579644.35494,96225.9777953919,96225.9777953919,3,96225.9777953919,96225.9777953919,192451.955590784
6.38107728252087e-06,2467.75743759825,0,2.40206491348367e-05,-1,130024895.80544,2.4853766960854e-05,-2.40206491348367e-05,2,28170168944.5563,-28170168944.5563,7.22717484684671e-22
0.912898619493404,1424793.4208911,0.000313868350785014,2470882.48700676,-1,2541870199367.33,2470882.48700693,-2470882.48700676,2,2180034072141526016,-2180034072141526016,1.91212093535028e-19
0.00125522331682457,0.0716666794724124,3.76406407108092e-09,47664772.6531785,1,1189466380343.77,47664772.6531785,47664772.6531785,3,47664772.6531785,47664772.6531785,95329545.3063569
0.0159279403071339,425.143481013961,0.713402096441349,4564.31622706764,-1,1103879050.53257,4564.31630524537,-4564.31622706764,3,1156011966.95552,-1156011966.95544,7.81772585481057e-05
3.81567051038293e-05,28350.8793268751,1.94644148858665e-13,6.66966384648476e-05,-1,1.0081760708519,7.68412023008492e-05,-6.66966384648476e-05,1,7.68412023008492e-05,-6.66966384648476e-05,1.01445638360017e-05
0.754795825018179,143878.228386532,106.802726379206,2329.20943886911,-1,172371.382082668,2329.23248787236,-2329.20943886911,2,1369659053.35649,-1369659053.35649,3.9196777786977e-08
0.000517624581599307,1039.39492860418,1.05204263936205e-09,0.245857715519349,-1,1346901018.42994,0.245858262557196,-0.245857715519349,2,1984809055342.35,-1984809055342.35,6.77614930744112e-20
2.83439276978686e-05,88.1639948570105,5.57029671487416e-16,2503720.81665331,-1,1.00107811269104,2503720.81665331,-2503720.81665331,1,2503720.81665331,-2503720.81665331,1.60436976245127e-16
6.62723568263468e-06,0.0857942961619987,9.84720746889756e-18,0.00799089371477996,-1,27833265886.1122,0.00799089646292408,-0.00799089371477996,3,1339206.25306657,-1339206.25306657,2.74814325167539e-09
0.00674146401445194,331061.158740175,2.84923030336784e-09,142.878523835169,1,1.21338907597701,142.878523994221,142.878523835169,2,516.138701103535,-516.138701059506,4.40290431556646e-08
1.07661165423422e-06,0.1203122802238,0,171549.050028964,-1,2894061.46033027,171549.050028964,-171549.050028964,1,171549.050028964,-171549.050028964,3.3783126570425e-18
0.24945189807048,48.7160891558438,2.9746504499995e-05,223.587184979865,-1,1.00000442315125,223.587324200672,-223.587184979865,1,223.587324200672,-223.587184979865,0.000139220806815558
0.0251170974010153,0.0664177155097336,1.49182980776614e-06,7202033245.84095,-1,4179461053.11414,7202033245.84095,-7202033245.84095,1,7202033245.84095,-7202033245.84095,4.3901519895443e-14
5.66579051860408e-05,6.96408877328227,6.9027918033107e-08,5.18446075193826e-06,1,166950427.666341,0.000268821343807492,5.18446075193826e-06,3,88499.097574303,-88499.0973002971,0.000274005802971857
1.31563341972418e-06,421.376330296368,2.6433519934444e-09,1.13677139038006e-06,-1,1.0033008137733,5.14429308450975e-05,-1.13677139038006e-06,2,5.19377770786287e-05,-7.24222363158081e-06,4.46955534470479e-05
0.00480586102277406,1563.70925816568,4.16485517213793e-13,6.50056920244563e-07,1,2219394183903.03,0.0048058611100695,6.50056920244563e-07,3,254361901.922675,-254361901.917868,0.00480651116698972
1.07380804219818e-06,1.17584934577456e-05,1.6706114889992e-10,1.2270821952157e-08,1,5234786665.63058,1.29697480000377e-05,1.2270821952157e-08,3,1.82504792393157e-05,-5.26846041732594e-06,1.29820188219898e-05
0.000297236331125147,0.00293895928902426,0.000121489542486209,8.05382116386166e-07,-1,2585749.58666831,0.0110262365552073,-8.05382116386166e-07,3,0.0114139371417779,-0.000388505968686969,0.0110254311730909
0.00108502143472022,79896.9596650747,4.20891244670701e-14,0.00275121365934176,1,1135340965669.53,0.0029574394592688,0.00275121365934176,3,559109480934.692,-559109480934.686,0.00570865311839368
0.0047482968761314,0.00589476240634017,5.3178063623845e-12,0.000129206962816632,1,1630973538643.23,0.00475005505030477,0.000129206962816632,3,0.00600043887582065,-0.00112117686269925,0.0048792620131214
0.0195544258714945,47516.1531749502,0,2065354.79243993,1,8.44305758831448,2065354.79243993,2065354.79243993,3,2065627.11994805,2065080.53447131,4130707.65441936
0.0133341459347759,738.066965760961,1.6360467077325e-08,1104.08372352465,1,431314362818.406,1104.08372360518,1104.08372352465,3,1227.43099205573,980.736455074101,2208.16744712983
0.00697510356286565,0.0232918075219741,3.99911995260528e-11,0.00194811301993736,-1,1.00123043407836,0.00724204764154104,-0.00194811301993736,1,0.00724204764154104,-0.00194811301993736,0.00529393462160368
2.49930649410681e-06,0.00643553011349801,0,75744.2097578961,1,1.20467587575769,75744.2097578961,75744.2097578961,3,75744.2097578962,75744.2097578959,151488.419515792
0.00067870817339346,94414.8915562747,0,2.63696471148907e-06,-1,1.00084054881348,0.000678713296034472,-2.63696471148907e-06,2,0.00068077975709309,-5.30687576323293e-05,0.00062771099946076
4.04376471209545e-05,0.00935723303816514,0,357.062439914337,-1,1.00000709179804,357.062439914339,-357.062439914337,1,357.062439914339,-357.062439914337,2.28980021683481e-12
0.0048760031318058,26039.2668062916,7.06288726925724e-08,0.0468205184992902,-1,2225646.34347663,0.0470744834061559,-0.0468205184992902,2,2516031168.48811,-2516031168.48811,4.73881955691384e-15
7.20770399540206e-05,411.884566094052,0,2.08667500233454,-1,47.6155002978821,2.08667500357937,-2.08667500233454,1,2.08667500357937,-2.08667500233454,1.24482722061933e-09
4.58489201093813e-05,0.00214243738017735,0,0.00388090156818659,-1,3463.06035137085,0.00388117238800705,-0.00388090156818659,2,6.49576857202136,-6.49576857185956,1.61807140441925e-10
0.0011781484505478,27485.0329407527,0,211080966.011696,1,40001454.0842645,211080966.011696,211080966.011696,3,211080966.906409,211080965.116984,422161932.023393
0.00317625219384921,13.2580640440323,1.52227190111029e-13,7188.96225822553,1,27975187.3368385,7188.96225822623,7188.96225822553,3,7188.96837093923,7188.95614551253,14377.9245164518
2.86797357900861e-06,1.28763630021189e-05,2.6171325637408e-19,1.39973878369123e-06,1,246962.499641144,3.19132282512662e-06,1.39973878369123e-06,3,2.03524355636522e-05,-1.5761373954975e-05,4.59106160867716e-06
0.00153127961661726,147302.719909134,6.5175132133206e-07,300.946479108719,1,1.00000132931468,300.946479113698,300.946479108719,2,301.929485716655,-301.929485711692,4.96236493516289e-09
0.000243083792116689,0.0576302892168763,2.93919127217808e-11,0.246984209251778,-1,20960563.7795958,0.246984328933736,-0.246984209251778,3,13877.1483694414,-13877.1483693218,1.19666165418419e-07
0.012243453572603,0.461071296083686,0,8.75029149176638e-05,1,2315340768166.02,0.0122437662565325,8.75029149176638e-05,3,8.6259896412046,-8.61365837203315,0.0123312691714501
0.48617984113775,4923411.63525567,8.18597231872048e-07,67.1612179683658,1,1.0000336337946,67.1629776785609,67.1612179683658,2,68.273729848582,-68.2719987680208,0.00173108056122101
5.81510524270497e-06,0.430271081824249,2.94241072646876e-07,0.0151809531373251,1,81249.3797129082,0.0151906422854913,0.0151809531373251,3,3.06299242291622,-3.03262082772425,0.0303715951919735
4.99122119455651e-05,416.515823522744,2.05109239122136e-05,30438829.3928402,-1,4336428389675.91,30438829.3928402,-30438829.3928402,2,12672852516741.3,-12672852516741.3,8.09344822486335e-19
0.000103231631719189,74.1088116340206,1.27415534865996e-12,1.38013244017065e-08,1,159.764490165813,0.000103237803798955,1.38013244017065e-08,2,5.2708276526094,-5.27082765159835,1.01104083136741e-09
0.000208988567123709,0.027453023774096,0,0.345092731087285,-1,1.00026632240382,0.345092794369141,-0.345092731087285,1,0.345092794369141,-0.345092731087285,6.32818562219738e-08
0.00020675878230979,0.00423081756501457,7.41310917115492e-10,0.00320575582815816,-1,1.00072116300715,0.00321253185739058,-0.00320575582815816,1,0.00321253185739058,-0.00320575582815816,6.77602923241733e-06
1.31452206918509e-05,1.50033290526351,0,71.2038738270565,1,1.01398237092327,71.2038738270577,71.2038738270565,3,71.2061185005221,71.1903105280753,142.396429028597
2.33136093909202e-05,0.00426584111845462,9.37695650100495e-18,62046.9115384079,1,1.00000531183159,62046.9115384079,62046.9115384079,3,62046.9115384079,62046.9115384078,124093.823076816
0.0410788032643045,2783095.13692641,1.21981391373595,0.0144466831215241,1,298.131358639652,1.10530995131085,0.0144466831215241,2,199051.986146821,-199051.986143752,3.06829739674642e-06
0.0477617723354434,5.52300218215122,0.0628601440404117,406279.307793247,-1,1.02370376588064,406279.307793327,-406279.307793247,1,406279.307793327,-406279.307793247,8.01681622562205e-08
0.000115467947488353,759.279078367406,1.75019070562182e-14,53930405.3161413,1,1.00000225677705,53930405.3161413,53930405.3161413,3,53930405.3161526,53930405.3108077,107860810.62696
2.43083520529486e-05,2.96929504033033,0,0.844043997857145,-1,32.8203421279322,0.844043998207183,-0.844043997857145,1,0.844043998207183,-0.844043997857145,3.50038612268867e-10
5.72212702663604e-05,2.10022951735479,0,0.259873357523216,-1,796683421149.246,0.259873363822964,-0.259873357523216,3,350090485.867113,-350090485.867113,6.29974849879617e-09
0.123298684093388,62878.7259319317,1.53115083657195e-08,305797.768171945,1,165.234428867993,305797.76817197,305797.768171945,3,309030.050063121,302565.427085106,611595.477148227
0.000199303642151583,48671.1658514328,0,8.14115205235943e-08,1,1.01998423046515,0.000199303658779065,8.14115205235943e-08,2,0.000215427939127206,-8.17756392925717e-05,0.000133652299834634
3.61810784274633e-06,89.8507451554938,1.76671597506749e-19,0.634348085341607,-1,4192852.64677036,0.634348085351926,-0.634348085341607,2,362.789398182466,-362.789398182466,1.8041740750966e-14
0.0857926936177767,1240.4889373626,9.85586150793289e-05,2.54862954495927e-05,1,65404.3521153948,0.0863651871000364,2.54862954495927e-05,3,9016111.84440319,-9016111.75906637,0.085336830202209
0.000132104298470843,11118.3985057495,4.13427824064981e-13,21.0532313194787,-1,3.38405198706394,21.0532313198931,-21.0532313194787,1,21.0532313198931,-21.0532313194787,4.14472221325457e-10
0.166322007318169,386.719426236039,8.8574882060943e-09,29.6645135003515,1,5339416.44742042,29.6649797611849,29.6645135003515,3,1290.01526040593,-1230.68576714441,59.3294932615143
0.997154876221406,278469971.920358,0.248637663029266,5906492.6755794,-1,2348754762.57756,5906492.67557951,-5906492.6755794,2,1160917242752.28,-1160917242752.28,5.35333383133588e-13
2.66886730439295e-05,24947.0880844665,4.83726892248238e-12,8.24567127040927e-08,1,35378.6358148155,2.67792706561946e-05,8.24567127040927e-08,2,67242.847778495,-67242.847778495,5.33233318828591e-15
4.80666508109353e-05,0.0451619741292625,1.38007445199039e-08,9.86280651950588e-09,1,1.01411259534721,0.000126929695254339,9.86280651950588e-09,2,0.000134148857532727,-4.34139210075722e-05,9.07349365251553e-05
0.0123673569289016,11367876.634145,1.9305484928008e-10,184714.957828972,-1,1.00000461746711,184714.957828972,-184714.957828972,1,184714.957828972,-184714.957828972,4.14020911623514e-10
0.375617794596491,773462.721855416,0.00114739412872815,0.959815879937506,1,23013385022.9795,1.03125294914801,0.959815879937506,3,150232019457.946,-150232019455.955,1.99106882894369
0.00283980178314944,1.41490695842487,0,2771.35320092495,-1,158257151780.083,2771.3532009264,-2771.35320092495,3,687979802.128662,-687979802.128662,1.4549567405939e-09
0.86692166795911,95717.6976964842,7.33454820839082e-07,379800374009.877,-1,307.080259098772,379800374009.877,-379800374009.877,1,379800374009.877,-379800374009.877,9.8940649254374e-13
0.116232877295519,9792.51250033625,0.00210000415543951,7838.76315472464,1,1.00000245634614,7838.76315572034,7838.76315472464,2,7873.58888193507,-7873.58888094378,9.91294196007153e-07
4.4052820763839e-06,6.29374044464807,0,2.1453715022876e-07,1,9650.96825125646,4.4105029601325e-06,2.1453715022876e-07,2,861.563457955903,-861.563457955903,1.12623800332433e-14
0.207888442088387,0.351960938663063,0,863901925.422483,-1,21125794330972.4,863901925.422483,-863901925.422483,3,2476239907.74716,-2476239907.74716,2.50130251832676e-11
0.000106903388578549,12.0954366511638,1.15279657851204e-10,0.101859433450209,-1,5.52062129080201,0.101859490114627,-0.101859433450209,1,0.101859490114627,-0.101859433450209,5.66644175485913e-08
0.0014119008269562,4.13796673996643,0,13.0195797366656,-1,1128411887292.11,13.019579813222,-13.0195797366656,3,111831093.941497,-111831093.941497,7.65563857849139e-08
0.653519847775543,1264900.47226595,0,14830148829.6755,1,14.5092826619651,14830148829.6755,14830148829.6755,3,14830148856.615,14830148802.6717,29660297659.2867
0.00137862661371457,0.0152020608608153,1.1348399749928e-12,2.40856724814982e-05,1,278713699427.993,0.00137883740683989,2.40856724814982e-05,3,0.0830661538585577,-0.0816632307792363,0.00140292307932139
0.000123105576110709,0.100286587994888,3.06234581898424e-05,23721.8509584718,1,15304471755.624,23721.8509584724,23721.8509584718,3,23721.8509585784,23721.8509583658,47443.7019169442
8.89693539136238e-06,7.31525430939198e-05,2.80407687503492e-16,8.7858923534753e-08,-1,341220.760472015,8.89738495043396e-06,-8.7858923534753e-08,3,0.000308126826263218,-0.000299317300237604,8.80952602561421e-06
0.000236419903183333,53570.692210056,1.23577040607182e-11,0.000288957440932237,-1,14.2463245095423,0.000373367286991489,-0.000288957440932237,2,0.0341792138656562,-0.0341783960089694,8.17856686736351e-07
0.00369685463596562,61244.1336814438,0.0218872701815583,2.25680580687824,-1,526.471710758214,2.26165279980706,-2.25680580687824,2,2686.90108401327,-2686.90107993777,4.07550115310818e-06
8.85197628342459e-06,0.00242124296738768,2.24331256534447e-12,2.32723362421367e-08,1,429272.68791927,8.9778248083425e-06,2.32723362421367e-08,3,0.325654820267448,-0.325645819171187,9.00109626099823e-06
7.52002053072109e-05,0.0138083084713853,2.39232368842556e-08,24368388.4505631,1,14190958615.3344,24368388.4505631,24368388.4505631,3,24368388.4505631,24368388.4505631,48736776.9011262
4.01422017510674e-05,0.687441934918892,2.13076122815758e-11,3.01197775328826e-08,1,12852.2722505756,4.04067430128434e-05,3.01197775328826e-08,2,13358.7948993282,-13358.7948993282,6.1109702859016e-14
0.301202922254138,8.28136043731777,0,158.647292313084,1,1.00009163697011,158.647578240178,158.647292313084,3,158.65046316558,158.434177284954,317.084640450535
2.88999582998645e-05,9.50289582038744,9.18827975062771e-15,4483516.2337473,1,3436527152.6256,4483516.2337473,4483516.2337473,3,4483516.23375233,4483516.23374226,8967032.46749459
0.369713803103468,2745.33573246322,0,17557684424.0605,-1,320.367398582614,17557684424.0605,-17557684424.0605,1,17557684424.0605,-17557684424.0605,3.89254906580724e-12
6.35324997559109e-06,0.000188739385380385,0,1.29627365083106e-09,-1,1.00018137085601,6.35325010783249e-06,-1.29627365083106e-09,2,6.35781031518092e-06,-2.40762853182934e-07,6.11704746199799e-06
1.03178364927071e-05,2.90500483047385e-05,1.03359252990664e-13,28.7291092216427,-1,4384398583.25805,28.7291092216445,-28.7291092216427,3,227.547225723463,-227.547225723461,1.85457911665852e-12
2.25827317798023e-06,0.0859490748222935,1.7933057739792e-14,0.4084158670379,1,702507858.626713,0.408415867044166,0.4084158670379,3,0.41293775518188,0.403893978900186,0.816831734082066
0.000363362797809432,1.15898441550974,0,101758.157624028,-1,1.00849968622194,101758.157624028,-101758.157624028,1,101758.157624028,-101758.157624028,6.48756453117631e-13
0.451853802716063,385038.534996038,0,0.00373649687199259,-1,172201.548036816,0.451869251485251,-0.00373649687199259,2,26577295582.7828,-26577295582.7828,3.84109546422837e-12
0.000554444236885366,3.64682313404366,2.87865478465863e-07,0.000359292954953349,1,1.00000441021429,0.000851096538449292,0.000359292954953349,2,0.000853245707441263,-0.000364354699414846,0.000488891008026417
0.629037889531615,11309.9584369929,2440.85233953391,0.00375271374400136,-1,26897257589117.2,49.4089874646631,-0.00375271374400136,3,1294600.07852395,-1294550.6732892,49.4052347509191
0.000153979125185058,2.13883948935597,8.83188092434308e-06,55541887.0565019,-1,5.15224879481597,55541887.0565019,-55541887.0565019,1,55541887.0565019,-55541887.0565019,7.97199281897568e-14
0.0113817547864726,88569.8052776766,1.06694367445592e-07,1921.90180922135,1,1.00194185928081,1921.90180925508,1921.90180922135,2,2176.97007592901,-2176.97007589923,2.97778636971839e-08
1.34538458238004e-06,0.0820083278853454,0,37670.5634260395,-1,1.00000195545432,37670.5634260395,-37670.5634260395,1,37670.5634260395,-37670.5634260395,2.40248553497173e-17
0.00760007564376294,1.20394894344427,1.65503405155965e-08,46037780.578917,1,1.00600399759936,46037780.578917,46037780.578917,3,46037780.578917,46037780.578917,92075561.1578339
4.10940274449109e-06,0.00375000565236033,0,8.02239694263009,1,15594901447.2829,8.02239694263114,8.02239694263009,3,8.02239738085819,8.02239650440303,16.0447938852612
0.199217614250058,184099716.979361,0.000392220572254803,2443526.48658946,1,1479.03756752702,2443526.48658947,2443526.48658946,3,3470607322.01957,-3465721061.75093,4886260.26864332
0.00138177866154116,1024.27885609738,2.79854844313039e-09,5122.47787724896,1,1.00525636735316,5122.47787724914,5122.47787724896,3,5132.04596742368,5028.79196593988,10160.8379333636
0.000603308568002232,0.0766239472820865,2.19869919550696e-06,2658392.4590731,-1,5000281.28335947,2658392.4590731,-2658392.4590731,1,2658392.4590731,-2658392.4590731,4.81998136690733e-13
0.000134831426661124,2.68284773480524,0,1788.532787573,-1,384207.545490026,1788.532787573,-1788.532787573,1,1788.532787573,-1788.532787573,5.08224219924513e-12
3.2019497019311e-05,0.246943753903906,0,0.000169685616104701,-1,1.19635197307826,0.000172680214564963,-0.000169685616104701,1,0.000172680214564963,-0.000169685616104701,2.99459846026192e-06
1.78416001382794e-06,2.31787326607628e-05,0,0.0134428415142375,-1,1.00004484327012,0.0134428416326361,-0.0134428415142375,1,0.0134428416326361,-0.0134428415142375,1.18398589225086e-10
0.000148586081613161,40.0785419272056,5.67120727453867e-08,2.03198914034918e-07,-1,1.06449976408291,0.000280695453622495,-2.03198914034918e-07,2,0.000355292261091812,-0.000217813439431988,0.000137478821659823
0.251544490323123,17441.4781200573,8.12477585744757e-08,0.0133946546877995,1,1.000031876128,0.251901029441889,0.0133946546877995,2,0.25214705626167,-0.0174191309125293,0.234727925349141
0.00549208939044729,313.342959136641,5.23379375269501e-11,23480.6660072362,-1,7147083871.81244,23480.6660072368,-23480.6660072362,2,65618046098.291,-65618046098.291,2.29838436254404e-16
0.000123991136514133,0.000354854332826393,2.80176087342575e-09,0.0121207655466134,1,1.00902231173975,0.0121215152930143,0.0121207655466134,3,0.0121220522079976,0.0121167415741617,0.0242387937821593
0.0172938294275081,3399.87105259055,0,63883.0750680879,-1,83917494.6217498,63883.0750680903,-63883.0750680879,2,32968679.1453511,-32968679.1453511,4.53576764402947e-12
2.47863534562498e-05,3.09014572061236,5.19391304631268e-17,0.230414083666755,-1,251257200.532194,0.230414084999928,-0.230414083666755,2,168326822.223701,-168326822.223701,1.82491227922312e-18
0.0680324831811227,127474.150894397,0.000143413745523239,10.5473892731325,-1,24071552480727.4,10.5476154798847,-10.5473892731325,3,35917714632232.8,-35917714632232.8,0.000226206752192206
0.00559954939177207,0.0630998812673825,0.00237823174111123,7733.95118974034,-1,537.211359661427,7733.95118989612,-7733.95118974034,1,7733.95118989612,-7733.95118974034,1.557797971155e-07
0.148568355393188,1816122.8504385,5.28374157223005e-05,0.00210533063774823,-1,1.00545514533677,0.148760969535202,-0.00210533063774823,2,0.151573058882874,-0.029137579500571,0.122435479382303
0.00177453235123289,4.35297618924475,0,9.19012702978147e-05,-1,1.00275807482782,0.00177691049551025,-9.19012702978147e-05,2,0.00178284269226046,-0.000171938941995097,0.00161090375026537
0.000122005321103566,0.298533362967863,7.67678755858478e-16,0.0408177863372631,-1,5.82200361483171,0.040817968675249,-0.0408177863372631,1,0.040817968675249,-0.0408177863372631,1.82337985885984e-07
0.0194134706821834,12881113.6208365,0.000181517382428099,3855.73500357947,1,1.00023979007382,3855.73500365188,3855.73500357947,2,4028.36027281295,-4028.36027274364,6.93086254138555e-08
7.25448549731103e-05,5260.08069991285,0,2.20885019335143,1,1.04008743161534,2.20885019454271,2.20885019335143,2,3.88413569662718,-3.88413569594971,6.77468090017881e-10
4.01936906827707e-05,0.000276001126247381,7.88512812688936e-17,3.16784691295675e-07,1,1648305079.61332,4.01949400061024e-05,3.16784691295675e-07,3,0.00096043580207818,-0.000919924077380781,4.05117246973981e-05
7.78808114486135e-05,0.0187535148573981,6.24021566124917e-16,44811.5871075202,1,2032205559.29883,44811.5871075202,44811.5871075202,3,44811.5871075221,44811.5871075182,89623.1742150403
2.02265042682266e-05,0.00528404704123808,2.09645972388151e-16,4.835853970465e-06,-1,2.69416198212645,2.07965662594147e-05,-4.835853970465e-06,2,0.000215920354114691,-0.000214970899510736,9.49454603954907e-07
0.104814700878312,1479.73832877569,0,136725.800777349,-1,1.00000143477808,136725.800777389,-136725.800777349,1,136725.800777389,-136725.800777349,4.01757439259714e-08
0.00574520761185398,1823.00456927535,4.56238357094116e-06,1015447.9082049,-1,18310608.8713459,1015447.9082049,-1015447.9082049,1,1015447.9082049,-1015447.9082049,1.84991242636276e-11
0.072900997883704,9983445.51237654,41.6344616410686,111.95126006471,-1,373095082.922507,112.137078641602,-111.95126006471,3,269594464329814,-269594464329814,0.184850205560417
0.00417652427339448,199.105919574005,0.01689441050703,2.92385021493697,-1,5.06666493300433,2.92674083807382,-2.92385021493697,1,2.92674083807382,-2.92385021493697,0.00289062313684243
0.0300811879725258,43018.2374737727,0.00577881358129496,492132.539186487,-1,30176.8076420127,492132.539186494,-492132.539186487,1,492132.539186494,-492132.539186487,6.79054006689105e-09
0.000173012742123798,658.879285667711,1.12907292220194e-08,11979302.9618234,1,17287506500186.1,11979302.9618234,11979302.9618234,3,11979302.9708832,11979302.9527636,23958605.9236468
0.000651568107777383,0.0856440836616535,5.72277485175738e-10,99470.3587834016,-1,39.590452546786,99470.3587834016,-99470.3587834016,1,99470.3587834016,-99470.3587834016,2.1368842022751e-12
0.000625903568941156,136.963158156011,0,6.56421380744407e-06,1,1.01526191594042,0.000625937989353727,6.56421380744407e-06,2,0.000666779186782077,-0.000229867801817679,0.000436911384964398
0.0723776760435402,3.06067009667846,0,0.981203203621862,1,4107085.71334818,0.983869023187166,0.981203203621862,3,3.36608754548434,-1.40101531867538,1.96507222680896
0.366995225395845,1015.2386508444,0.190797583439492,5.46694971427405,1,1.00023885384209,5.49663735908637,5.46694971427405,2,5.74093795777108,-5.71252007051826,0.0284178872528206
0.179006994696737,566920.2478523,0,9.19672441240281e-05,1,1.00020422584349,0.179007018321438,9.19672441240281e-05,2,0.179156982990328,-0.00732942042995295,0.171827562560375
0.637386358590055,167387849.568622,0.328992817259659,0.000114083323512876,1,32402490995.8001,0.857469649836864,0.000114083323512876,3,16335982875680334,-16335982875680334,0.85757595353872
0.0215422784374393,0.077201519740236,0,47830787.0461497,-1,276139843532.766,47830787.0461497,-47830787.0461497,3,614764645.706121,-614764645.706121,4.84744421448983e-12
2.3249133055128e-05,0.00592634872177971,0,2.41613357825326e-08,1,5956778636.30268,2.32491456097894e-05,2.41613357825326e-08,3,0.754558664591466,-0.754535391284521,2.32733069455719e-05
0.0175563715065262,489.29150728947,0.234309831727594,30.6374532332432,-1,1.00005690015176,30.6412819359288,-30.6374532332432,1,30.6412819359288,-30.6374532332432,0.00382870268552964
7.00276780018325e-05,46081.3766870205,2.03685664331657e-06,691.998063858327,-1,1248206480.8543,691.998063859803,-691.998063858327,2,4596981846.30885,-4596981846.30885,2.22076199913899e-16
0.00036394038333132,0.371448638935757,3.87040606274529e-07,4854663.99740213,-1,9990371686.37056,4854663.99740213,-4854663.99740213,2,10680313.2421894,-10680313.2421894,2.43201298086358e-14
0.000108109185056864,0.0118073064319353,1.37550786527451e-14,491709.21122257,1,2.44763296083689,491709.21122257,491709.21122257,3,491709.21122257,491709.21122257,983418.422445139
2.92298336183388e-06,2562.70662453872,3.26688184413544e-18,89.4068538058548,1,3353206.25415593,89.4068538058549,89.4068538058548,3,18453.3939641944,-18274.5802565836,178.813707610893
0.30509309970086,7601349.62120515,0,65701596849.2298,-1,686911569.083917,65701596849.2298,-65701596849.2298,1,65701596849.2298,-65701596849.2298,7.08367862798529e-13
0.00022177459142723,0.126913168808773,0,18000.1386811381,-1,1.00001025622742,18000.1386811381,-18000.1386811381,1,18000.1386811381,-18000.1386811381,1.36621084631568e-12
0.0011807024503857,503634.164424061,0,53393431.6338633,-1,1.0020273599216,53393431.6338633,-53393431.6338633,1,53393431.6338633,-53393431.6338633,1.30545858702838e-14
6.88103871090931e-06,0.00440849967346977,0,26.1355906150828,1,4538149019.39433,26.1355906150837,26.1355906150828,3,26.1355908009875,26.135590429179,52.2711812301665
0.00582116863798,0.0200246804486176,4.82235444085955e-12,605726920.178657,-1,1.00284270304664,605726920.178657,-605726920.178657,1,605726920.178657,-605726920.178657,2.79713580536934e-14
1.40120311493743e-06,0.0173518689402837,2.21607931307929e-16,6.50904218501735,-1,287318883.828591,6.5090421850175,-6.50904218501735,2,24903.61879099,-24903.61879099,3.94238241783579e-17
0.510709648094706,1504113.57405135,7.06171003812392e-06,142028534658.832,-1,96587.5190976293,142028534658.832,-142028534658.832,1,142028534658.832,-142028534658.832,9.18235927004392e-13
0.00608024473881868,415989.471460561,3.73436954143657e-06,1.34352566186701,-1,815881.111191765,1.34354080989035,-1.34352566186701,2,20166926.6469521,-20166926.6469521,1.00917076602548e-12
3.40240793219391e-06,0.0635381653329625,0,6.27140217322812e-10,1,1.00002635049195,3.40240798999193e-06,6.27140217322812e-10,2,3.4027757210186e-06,-5.00286967412324e-08,3.35274702427737e-06
0.264394644016006,357634.218260656,0.591493507898991,0.472891879065291,1,1.03133234855859,0.940757548451908,0.472891879065291,2,1.30658988189504,-1.02263340635203,0.283956475543011
8.93222339600962e-06,0.135683238440944,5.71309969578609e-17,4.70985299754938e-05,-1,1.07638400152304,4.79380454105057e-05,-4.70985299754938e-05,1,4.79380454105057e-05,-4.70985299754938e-05,8.395154350119e-07
0.133940069018402,4.7830707083376,1.78390877540577e-05,0.0207309804832625,1,1.00000166565375,0.135600718022456,0.0207309804832625,2,0.135677297467429,-0.0212261129662715,0.114451184501157
0.00119020260038088,32729.5982247938,1.09210445956749e-10,6.08599672429028e-05,1,3999120545.34316,0.0011918034133246,6.08599672429028e-05,3,427584157230.114,-427584157230.112,0.00125265001268501
0.385027719649153,24163984.5743136,0,0.0178718914912794,1,17998923505.7433,0.385442277654777,0.0178718914912794,3,723877082244960,-723877082244960,0.403313051918166
0.147933892969448,2257.55576382956,2.32234207343649e-05,0.000286629537566705,1,1.90874442871082,0.148012642251675,0.000286629537566705,2,0.932276829377604,-0.920452294518585,0.0118245348590191
4.03453153412529e-05,35637.9489624361,2.07336003615681e-12,5.76002988134701e-09,1,1.0005279782676,4.03710027519659e-05,5.76002988134701e-09,2,4.04566599050795e-05,-2.63125457794906e-06,3.78254053271305e-05
0.0769167896440428,0.0904727536331772,5.04809371102749e-05,133431.188735216,-1,1.00002486016619,133431.188735238,-133431.188735216,1,133431.188735238,-133431.188735216,2.23586161631826e-08
8.73808006183038e-06,74.9282502158934,0,0.0936328638233268,-1,109785.944570162,0.0936328642310578,-0.0936328638233268,2,9.82872574611997,-9.82872574611608,3.88422900074888e-12
9.24307204348154e-05,2.44721042119922,5.28992823889846e-15,4.50921411869361e-05,-1,631.558466263663,0.000102843301030499,-4.50921411869361e-05,2,46.0699016171422,-46.0699016170495,9.27226135735538e-11
2.08599277424074e-05,349.658100804752,1.07476178761002e-08,1119070.17202274,1,12208188112.1852,1119070.17202274,1119070.17202274,3,1119070.19933577,1119070.14470971,2238140.34404548
1.86371010544827e-06,2.38703082798746e-05,1.73769078585994e-10,5561.72206055681,-1,21742157.9792575,5561.72206055681,-5561.72206055681,1,5561.72206055681,-5561.72206055681,1.59341380253547e-14
3.56617955901641e-06,4.76338847661937e-06,0,70.4019289604794,-1,27810368.8439776,70.4019289604795,-70.4019289604794,2,139.712528260203,-139.712528260203,4.55135870974323e-14
0.0379679907206434,2392.83944475357,2.41931762578679,1522398845.59732,-1,1.00000483487664,1522398845.59732,-1522398845.59732,1,1522398845.59732,-1522398845.59732,7.95047631935228e-10
2.04795946223881e-06,1297.96027434635,5.46706837009155e-16,0.152387450941843,-1,198954925692.524,0.152387450955607,-0.152387450941843,2,1089580960123.8,-1089580960123.8,1.92490728974095e-24
0.221933011883006,13331.1859427986,1.157633820497e-08,2.74633454099871,-1,166466777735.814,2.75528722357986,-2.74633454099871,3,9925545613.52161,-9925545613.51266,0.00895268258096771
1.53638742357159e-05,0.000124803240202976,3.8839707247345e-08,2415890.47722391,-1,5.46714179021628,2415890.47722391,-2415890.47722391,1,2415890.47722391,-2415890.47722391,8.08723662087894e-15
7.37431299659942e-06,4.18242993423014e-05,0,559.162876081403,-1,1.00000542655094,559.162876081403,-559.162876081403,1,559.162876081403,-559.162876081403,4.8626701179549e-14
0.000276586414330384,308.181266989421,1.66580925380295e-08,0.134353581210134,1,1.00000954170045,0.134353927899876,0.134353581210134,2,0.135532904987523,-0.135532561313581,3.43673941211998e-07
0.00245747242544105,785975.411779141,1.45463109084549e-07,2.27627856979084e-05,1,1.00000298999225,0.00248699657725948,2.27627856979084e-05,2,0.00248713765038526,-3.49265096489825e-05,0.00245221114073628
2.32078908890233e-05,6.30718282207256e-05,0,105423.683820657,-1,2769035.88407839,105423.683820657,-105423.683820657,1,105423.683820657,-105423.683820657,2.5544838692654e-15
0.000106940448044393,0.000899569986610548,1.94028213647141e-07,4627712.45505725,1,1.00001067000403,4627712.45505725,4627712.45505725,3,4627712.45505726,4627712.45505726,9255424.91011451
0.00404507223524587,5.22803364955901,8.40690128075791e-06,5382184.08749764,-1,1.40696392665164,5382184.08749764,-5382184.08749764,1,5382184.08749764,-5382184.08749764,2.30106498276902e-12
0.000197121049098571,0.0657578446328494,0,3.26374321146217e-05,-1,12663220033.2812,0.000199804679556706,-3.26374321146217e-05,3,12.9335205963258,-12.9333534290784,0.000167167247442084
0.183945150962491,0.195309442901399,0.000821801571282532,4.96834925683751e-05,1,38897495256161,0.186165578457312,4.96834925683751e-05,3,0.197738099094748,-0.0115228371448678,0.186215261949881
1.44025409094226e-06,9.97133189414792e-05,1.84296935174874e-12,40.725096471002,-1,1.01974825712776,40.7250964710021,-40.725096471002,1,40.7250964710021,-40.725096471002,4.80944373086255e-14
0.331118757216553,4.93688492990482,10.1259217315208,19216136.960718,1,1.00027186062896,19216136.9607183,19216136.960718,3,19216136.9607183,19216136.9607174,38432273.9214357
0.000159563058306406,0.128254902777646,0,1.11604057574161e-05,1,2340423181175.09,0.000159952881289346,1.11604057574161e-05,3,48.065669388272,-48.065498274985,0.000171113287046763
0.312355368994527,86.8383988735584,390.049610173681,69223.4307500339,1,1.2526723635084,69223.4335680622,69223.4307500339,3,69223.4540414598,69223.3967562484,138446.850797708
1.04770516174674e-05,25.613515706325,1.0357107265346e-15,0.0824561595996799,1,10290.2712361496,0.0824561602653042,0.0824561595996799,3,1989.28967363944,-1989.1247707124,0.164902927036562
0.00192871841214154,1870572.19429927,0,0.0905008678267652,1,6260087399309.63,0.0905214175325981,0.0905008678267652,3,9664667328505.29,-9664667328505.11,0.18102228535924
1.22795293160976e-06,7.06449636431059,0,2.23681848117325e-05,-1,3263.47590891551,2.24018651048092e-05,-2.23681848117325e-05,2,0.717408733559524,-0.717408733558473,1.05091305117559e-12
0.0214964186804438,1.71900291411367,5.78845403229082e-10,58.3690988565505,1,2117.0636727892,58.3691028149514,58.3690988565505,3,58.3817572361933,58.3564444338969,116.73820167009
9.71150093416416e-06,1392.13729678139,4.68858802985827e-16,0.0268387718191098,-1,6341927.12851544,0.0268387735761522,-0.0268387718191098,2,141336.624281212,-141336.624281212,3.33649256633658e-16
0.0230065664833062,201.408732425733,5.2978424867973e-08,1771433121.62669,-1,19.9774949344139,1771433121.62669,-1771433121.62669,1,1771433121.62669,-1771433121.62669,1.49414356464543e-13
0.000738490388949724,72.7129780577918,2.22370528918464e-05,4786713.55487615,1,5336194.1578468,4786713.55487615,4786713.55487615,3,4786713.55515228,4786713.55460001,9573427.10975229
0.0552220707771606,0.0726430244071008,0.063616697204881,997798.292454398,1,9.35129066169762,997798.292454432,997798.292454398,3,997798.292454432,997798.292454398,1995596.58490883
0.124357601103513,2212.37829267267,0,0.0978472491349554,-1,37.8076010076524,0.158236838680184,-0.0978472491349554,2,172.583160845192,-172.583116041241,4.48039509876823e-05
4.22745214165341e-06,0.136615343188792,2.57738744304097e-11,26.2972802198596,1,28096801128082.2,26.2972802198605,26.2972802198596,3,26.2974576503002,26.2971027894199,52.5945604397201
0.00359585901214683,0.00644096593620719,0,184.485200466352,1,790366.845361673,184.485200501396,184.485200466352,3,184.485200540092,184.485200427655,368.970400967747
0.000180966364902032,17.1757576004237,1.31094378587771e-13,0.580184622227954,-1,1.00002065196473,0.580184650450829,-0.580184622227954,1,0.580184650450829,-0.580184622227954,2.82228744687722e-08
0.184802235950737,1.88407274998719,2.03360491957389e-08,71115094277.1417,-1,32830.8039795348,71115094277.1417,-71115094277.1417,1,71115094277.1417,-71115094277.1417,2.40117003960848e-13
2.12671122235865e-06,6.74723379160468e-06,0,967.515562201045,-1,14332570623678.6,967.515562201045,-967.515562201045,3,9738.50821769188,-9738.50821769188,2.33737872479621e-15
0.0285927219596788,307.893990098006,2.55606555659338e-10,2.9113703901329e-05,-1,9.27811927517436,0.0285927412515451,-2.9113703901329e-05,2,4.88915036635606,-4.88906675765784,8.36086982219165e-05
1.56742832846468e-06,432.50941587945,1.31635507011505e-11,3044.11349113366,-1,1.09796203415229,3044.11349113366,-3044.11349113366,1,3044.11349113366,-3044.11349113366,2.56567015512402e-15
0.000110738535794386,0.413681617136681,9.24230490177335e-13,5.42252444302847e-06,-1,1152.30299329483,0.000110875386410646,-5.42252444302847e-06,2,280.040976325198,-280.040976325176,2.18967018707536e-11
0.266597378181341,0.391993579172623,1.72383502199428e-05,3.26463650944937e-05,1,829198384789.168,0.266629708526957,3.26463650944937e-05,3,0.421478719915966,-0.154816365023914,0.266662354892052
5.61659201167859e-05,27.6391324630996,0,14239031.4947822,-1,1.0000121952612,14239031.4947822,-14239031.4947822,1,14239031.4947822,-14239031.4947822,1.10773355045994e-16
1.60687758850324e-06,0.00016139435653351,4.92965444221063e-14,4.76784231314849e-09,-1,155153574325.874,1.622151306499e-06,-4.76784231314849e-09,3,0.0080533788441425,-0.00805176146067831,1.61738346418585e-06
1.51214348253955e-05,0.0381413917455203,3.31871679170611e-08,1.966029040875e-08,-1,15434437.8596206,0.000182799961965989,-1.966029040875e-08,3,3.97972961752884,-3.97954683722718,0.000182780301667227
0.537282473047737,58.3808620594415,9.92508390736159e-06,0.0464549704620169,-1,140063.172686366,0.539296249948789,-0.0464549704620169,3,3458.07941472639,-3457.58657353503,0.492841191363764
0.00828085603093601,26.7069845177314,4.15094368480673e-06,7.06713555433849e-05,-1,1.00000540663623,0.00852810147280099,-7.06713555433849e-05,1,0.00852810147280099,-7.06713555433849e-05,0.0084574301172576
0.000107985239790246,0.776957369089631,0,5245725.91129082,-1,196698.206216403,5245725.91129082,-5245725.91129082,1,5245725.91129082,-5245725.91129082,1.11145837675758e-15
0.0147047548548943,1.80873221714674,0.000109128650295455,21848477.4953875,-1,2111894125003.47,21848477.4953875,-21848477.4953875,3,220427457242.975,-220427457242.975,7.42108402218824e-12
0.0414744095883331,2.44920974036709,0,627489.62052704,-1,1.00001450449737,627489.620527042,-627489.62052704,1,627489.620527042,-627489.62052704,1.37064151695135e-09
0.000237768235121321,408.902765786408,0,173.255382905161,-1,3.57972507988856,173.255382905324,-173.255382905161,1,173.255382905324,-173.255382905161,1.63151449278859e-10
1.69448373332285e-06,194.63129272661,0,13950.6685166611,-1,1.00009889728207,13950.6685166611,-13950.6685166611,1,13950.6685166611,-13950.6685166611,1.02908155228067e-16
0.00317707989656162,0.209448108436023,4.71582271073437e-07,22.1255407737702,-1,1.00000425921177,22.1255410125309,-22.1255407737702,1,22.1255410125309,-22.1255407737702,2.38760692704245e-07
0.166109441306885,1788.49694183564,0.183612871439743,0.630672927600679,1,630113011327.514,0.780354765180197,0.630672927600679,3,1133472.9651065,-1133471.55407881,1.41102769278088
0.630158226299323,82769437.339687,0.0208659778267271,240370.021484638,1,1.00000592118212,240370.021485508,240370.021484638,2,242030.084882019,-242030.084881156,8.63457466876326e-07
0.000291473231681363,1.46000981318668,0,20672584.8613578,1,1.0385581751098,20672584.8613578,20672584.8613578,3,20672584.8613578,20672584.8613578,41345169.7227156
1.69319596764101e-06,3.73669599032247e-06,4.19064688916688e-13,0.00141405257465754,-1,44061355169.507,0.00141405373655773,-0.00141405257465754,3,0.00618898379916903,-0.00618898263726884,1.16190019474213e-09
0.00786933531130906,2.9910381600157,2.82224044109908e-12,0.000370697786538648,-1,1.00333619511597,0.00787806181195608,-0.000370697786538648,2,0.00792255481085998,-0.000916751693221469,0.00700580311763851
1.32762157234636e-06,332.785659573709,5.29585505600185e-09,990.857679176027,-1,1.00156849809849,990.85767917603,-990.857679176027,1,990.85767917603,-990.857679176027,2.67324851306929e-12
0.0199443956457229,144725.118254064,0.483011253044857,3782.14063543215,-1,1.18386934524992,3782.14069933896,-3782.14063543215,1,3782.14069933896,-3782.14063543215,6.39068023211168e-05
0.0105326517630095,7070.6952176662,0.00920988195002882,70.9246846335384,-1,1338.46889133882,70.9247503427793,-70.9246846335384,2,235.436019599149,-235.435999804347,1.9794802662085e-05
0.253408778535354,3.34373058177548,0,104.305306013187,-1,7477938.65982157,104.305613839877,-104.305306013187,3,18160.4463014542,-18160.4459936277,0.000307826528948312
0.0107886932047881,5.90975288894082,0.000103200622290858,299134211.144026,-1,11854393816686.6,299134211.144026,-299134211.144026,2,103161601835645,-103161601835645,1.06433265600003e-18
0.000629218189053041,6737.85136629849,2.44349406680638e-13,6.74209381512492,1,61840150.4934627,6.74209384448641,6.74209381512492,3,1683409.63521183,-1683396.15102417,13.4841876593912
0.000670563216424159,35.6093245486956,6.37904213416782e-12,0.00119450330343503,1,21140287354.5758,0.00136985384190447,0.00119450330343503,3,247240.132618605,-247240.130054248,0.00256435714533922
0.00121064583619521,5.22759334254002,1.19160196741705e-08,0.000277652379545936,-1,2042425.95105505,0.00124686414826897,-0.000277652379545936,3,14097.9410451282,-14097.9400759181,0.000969210078931939
0.000102755192445667,0.0734217313150093,3.01528301914142e-11,5.94515553570127e-08,1,1998450.58689977,0.000102901826704995,5.94515553570127e-08,3,26.1785863731886,-26.1784834119136,0.000102961274982966
6.71385948423007e-06,2.61137741500655,9.87526224391793e-16,13.7823112991342,-1,1.11166665170556,13.7823112991359,-13.7823112991342,1,13.7823112991359,-13.7823112991342,1.63531702781374e-12
0.455715236589246,7064975.59386082,13.3744694168587,2865400453.00098,-1,1.00000761662509,2865400453.00098,-2865400453.00098,1,2865400453.00098,-2865400453.00098,2.37002576367529e-09
0.214625979613608,13570.1595383993,0.267219453118191,0.000104185100047711,1,59915844.3355287,0.559717585124701,0.000104185100047711,3,164471308.376893,-164471307.817071,0.559821747317297
0.00113745104404323,41308.845050781,0.00015030904057659,3.23488795914921e-06,1,30402054806.1571,0.0123127107461633,3.23488795914921e-06,3,69276884427.5496,-69276884427.5372,0.0123159455966465
5.076318298678e-05,0.00125669515387793,6.41752268293169e-07,6852.09207132797,-1,1.00018949779661,6852.09207132802,-6852.09207132797,1,6852.09207132802,-6852.09207132797,4.70169666674693e-11
0.000891006557543795,0.00382071991575342,0,59.8761290560686,-1,47591169797.1174,59.876129062698,-59.8761290560686,3,1100.98732573434,-1100.98732572771,6.629459001693e-09
1.14737453201436e-06,2.33870117916165,5.36233015754302e-13,0.00110337920856134,-1,5899354.27744808,0.00110338004811886,-0.00110337920856134,2,58437.2012981404,-58437.2012981404,1.58520710379095e-17
0.587288952709101,147.814369835942,2.20865450956985e-06,0.000221581931262513,-1,1.00001673537758,0.587290874888427,-0.000221581931262513,2,0.587327625425461,-0.00657396069722029,0.580753664728241
0.0710767704542686,6922306.73837597,3.81639645012547e-10,2450556736.33359,-1,8080341446.03962,2450556736.33359,-2450556736.33359,1,2450556736.33359,-2450556736.33359,1.03076733644757e-12
0.00776862123845523,14936.0034276132,0.000431266757352091,13.0553133414669,1,376.945789231983,13.055332169735,13.0553133414669,2,7419999.373478,-7419999.373478,3.3127916092278e-11
0.851761889915133,3616250.23172809,228.728547641168,64658.3752826652,-1,1.00000884274489,64658.3770570219,-64658.3752826652,1,64658.3770570219,-64658.3752826652,0.00177435670017102
1.72101831738261e-06,0.00405864739062898,1.63154803735447e-13,0.839036870303518,1,1.04698106947897,0.83903687030538,0.839036870303518,3,0.839039113472765,0.839029297056044,1.67806841052881
0.718925756478817,3296.07891957749,0,7.89088849205309e-05,1,1.78431177319505,0.718925760809314,7.89088849205309e-05,2,3.85927675797185,-3.79172293967968,0.0675538182921752
0.209708487945019,1307.30624453447,0.00152268620124473,95.5718757025124,1,287893.195159178,95.5721137447143,95.5718757025124,3,4566.15363241967,-4375.00964299941,191.143989420257
1.41711646510983e-06,39.0888535942712,2.21611805867632e-18,0.0287955699928995,1,3433.5798988507,0.0287955700277698,0.0287955699928995,3,13397.6058821394,-13397.5488592004,0.0570229390374467
2.66263841854332e-05,1704.1469953234,0,1544.93487841434,-1,22793146439.1917,1544.93487841434,-1544.93487841434,2,238409068.905358,-238409068.905358,1.48686528168886e-18
1.05704818560326e-06,0.000186456336728003,0,53.7410204536051,1,1.00002256621784,53.7410204536051,53.7410204536051,3,53.7410204536073,53.7410204532839,107.482040906891
0.000829896530931277,0.0390906016326485,1.18398379675813e-07,176569569.347348,1,2.51136728984515,176569569.347348,176569569.347348,3,176569569.347348,176569569.347348,353139138.694696
0.057957835894035,12.4463574922246,0.000478563246331045,200165.619554764,-1,1.38448968727221,200165.619554774,-200165.619554764,1,200165.619554774,-200165.619554764,9.58624662014166e-09
0.0251547303437363,7471998.08785868,0.129653284799502,7.98309719973967e-06,-1,486.789544467229,0.360951583071605,-7.98309719973967e-06,2,171060.96125332,-171060.961252939,3.80817587787827e-07
0.640953010844767,62983.6417796956,9.16268951561419e-08,0.363101959869766,1,66803.3510174615,0.736657238476031,0.363101959869766,3,2381205420.81567,-2381205419.9827,0.832968692631316
0.00333179595551832,1987.31413355942,1.40500852441215e-09,1.15634629495523e-06,1,1.00087310989299,0.00333200699802228,1.15634629495523e-06,2,0.00334374565904677,-0.000279938805208306,0.00306380685383846
2.24809729998009e-06,6.23209398321275,0,0.0071598353975769,1,1.58832716090247,0.00715983575051388,0.0071598353975769,2,0.0570323343237625,-0.0570323342794548,4.43076855617608e-11
0.0013267962551511,3340.93263755258,0.000472713356391375,18479.338086044,1,8403496520246.87,18479.3380860568,18479.338086044,3,18630.3422891928,18328.3338829079,36958.6761721008
7.12052671653177e-06,0.0186318083372031,2.17081018597653e-12,556437.337704106,1,28503577.6809746,556437.337704106,556437.337704106,3,556437.337704107,556437.337704106,1112874.67540821
3.32573498904479e-06,2049.34614843152,5.97925462417041e-14,105.798034420158,1,1.30918263213872,105.798034420158,105.798034420158,2,490.938319237934,-490.938319237934,1.1325563036982e-14
0.000930890408904736,0.00236619219370017,6.36221611723764e-05,59240906.2425977,1,1.00002650942598,59240906.2425977,59240906.2425977,3,59240906.2425977,59240906.2425977,118481812.485195
1.37076812199132e-05,0.00215934113799711,4.60533870663928e-17,2188.66776207479,1,1.00000125860599,2188.66776207479,2188.66776207479,3,2188.66776207479,2188.66776207372,4377.33552414852
0.00349237465295513,223.749576940485,3.14156269362532e-05,2.72681323161564e-06,1,2687168.76901182,0.00660396207502489,2.72681323161564e-06,3,3789028.23555946,-3789028.22895303,0.00660642652201226
9.53258627612548e-06,31.8890554829673,0,0.277789592080928,1,1461078131.16289,0.277789592244488,0.277789592080928,3,915.459538914268,-914.903959729943,0.555579184325416
0.00639165847840629,0.347663534883246,6.59532079870607e-13,47066920.6893739,1,1.1913528286041,47066920.6893739,47066920.6893739,3,47066920.6893739,47066920.6893739,94133841.3787479
0.15173770060862,3.65358876300919,0,65.8974507617638,1,23901910847673.6,65.897625459715,65.8974507617638,3,65.9481800286012,65.8468961928776,131.795076221479
0.00972054897885701,6909.49422650623,7.56253546701166e-11,1.42327347165694e-05,1,1.08236881065483,0.00972056328853684,1.42327347165694e-05,2,0.0130679090045294,-0.00873390506445698,0.0043340039400724
1.4336961766403e-06,225.586494645293,6.01558201867249e-17,2.78817586701167e-07,1,2194665757.8955,1.46057664276376e-06,2.78817586701167e-07,3,14641238810.4145,-14641238810.4145,1.73787434332921e-06
0.000874723717367027,486.836597469252,0,5.42292776338616e-07,-1,337103014.350624,0.000874723885466635,-5.42292776338616e-07,3,135561098.70707,-135561098.706196,0.000874180996232372
0.0132521739721298,467358.539797243,0.347297619525092,0.000529410176491442,-1,6397133384.0184,0.589468845584917,-0.000529410176491442,3,185438427476.773,-185438427476.184,0.588939433142744
0.00309643954107461,95.8608785330272,6.75782696302281e-11,0.00010597642098844,1,1872864165.31966,0.00309826345096822,0.00010597642098844,3,1433929.48268349,-1433929.47947925,0.00320423987175225
0.0145255306958074,0.352040778428417,0,0.0391029014893331,1,13061077.0464125,0.0417136422154591,0.0391029014893331,3,0.807161612165934,-0.726345068461144,0.08081654370479
0.000424733304126497,305.063011820682,0,265497.168052751,-1,1.00269660246385,265497.168052751,-265497.168052751,1,265497.168052751,-265497.168052751,3.39736918772649e-13
0.00542516704324788,946461.372723803,0,137.511244751268,-1,4167571152265.71,137.511244858286,-137.511244751268,2,3717526410731427840,-3717526410731427840,3.9586050232461e-24
0.672299943695671,112391.558329704,0,22.4628170917011,1,40509886617.1974,22.4728756261746,22.4628170917011,3,140554909.015242,-140554864.079549,44.9356927178757
0.609649081635061,9854.29253572137,0.000108428495146528,26786470020.8789,1,802.002038838268,26786470020.8789,26786470020.8789,3,26786470020.8798,26786470020.878,53572940041.7579
1.73217810057205e-05,2.29063852153111,1.80455502819105e-13,2.98426229058092e-05,1,1.00033536424101,3.45080670946851e-05,2.98426229058092e-05,2,3.61007679066974e-05,-3.16708208093865e-05,4.42994709731083e-06
0.000133181888908078,0.122604446468566,4.24897236742941e-09,734337.69613833,1,4920.86112753687,734337.69613833,734337.69613833,3,734337.696138336,734337.696138325,1468675.39227666
6.67702305347502e-06,1027.98863401182,1.36545727013729e-08,0.157521280642128,-1,115326.494269381,0.157521324125628,-0.157521280642128,2,1156.67853748942,-1156.67853748941,5.92176429933754e-12
0.0108054387897223,0.0610236102636788,0,3.65930601897373,-1,1.19773475654956,3.65932197244309,-3.65930601897373,1,3.65932197244309,-3.65930601897373,1.59534693627504e-05
0.321351108704556,6.26063397707248,1.50749257181949e-06,23525.0809775128,1,122744773225.941,23525.0809797077,23525.0809775128,3,23525.0813951395,23525.080562081,47050.1619572205
5.28356135458666e-05,0.0123356450853108,0,15099253.5239191,1,2.55334507194387,15099253.5239191,15099253.5239191,3,15099253.5239191,15099253.5239191,30198507.0478382
0.00258911549548618,4751.29691832658,0.00711947554257378,0.000813717770920275,1,1160160163.93536,0.0844206206932492,0.000813717770920275,3,132427979.381827,-132427979.296593,0.0852343384149753
0.0012181137459851,544.257249646965,0,0.02208923024723,-1,17618603546196.2,0.0221227912798837,-0.02208923024723,3,4413093554.80495,-4413093554.80492,3.35610326536996e-05
0.00873376383557292,75.1731125484456,2.58015892627488e-08,345.602917218471,-1,393651130.051945,345.602917328865,-345.602917218471,2,34213331941.4402,-34213331941.4402,1.11512717404179e-15
0.0206364126237995,2373330.69377445,6.46230732420635e-10,1276.08889733545,-1,1.00048748261355,1276.08889750231,-1276.08889733545,1,1276.08889750231,-1276.08889733545,1.66862266834162e-07
6.35190886684313e-05,0.282966046692991,4.1013813530427e-07,1.66959126342134e-07,-1,7866.06694451908,0.000643562613740798,-1.66959126342134e-07,3,62.2737197615297,-62.2730768690918,0.000642892437905615
0.00128906556954193,206.53415973707,0.000767359724920075,1.74337861960145,-1,208927.621245759,1.74359916055796,-1.74337861960145,2,19253556.7200024,-19253556.7200024,1.99708922913895e-11
0.800495045950069,20397.368090522,0,489.868725866861,-1,129.058095065941,489.86937991136,-489.868725866861,1,489.86937991136,-489.868725866861,0.000654044499046621
0.000507800890040137,209752.4183685,1.03600065141169e-12,28.0768070855816,1,4.0700872529842,28.0768070901737,28.0768070855816,2,1803.84714425051,-1803.84714425044,7.14757846162604e-11
1.26649660291833e-06,0.499831777086334,1.08803853069654e-14,614522.244328011,1,1.00003990495853,614522.244328011,614522.244328011,3,614522.244328013,614522.244327809,1229044.48865582
0.0721608984019669,18994168.1717275,5.42383179347158e-07,55893556.8196527,1,463.840715507437,55893556.8196527,55893556.8196527,3,57507240.2115569,54279869.6775686,111787109.889125
0.0459776585550254,1027508.08609908,1.06387750802984e-06,1336.46506838853,1,289134966699.565,1336.4650691798,1336.46506838853,3,197494875.888337,-197492202.9582,2672.93013756833
0.0182876981716509,1.16593120120851,0.143780663593465,16813371400.7761,1,5052427585049.8,16813371400.7761,16813371400.7761,3,16813371400.7761,16813371400.7761,33626742801.5523
0.0499232258576327,1730.52033289665,0.000345213612744834,0.0011908108967344,1,6.31560397569528,0.0532818930160033,0.0011908108967344,2,4.29100926726444,-4.29067861644945,0.000330650814994339
0.00249099187408065,1.9828485812825,2.33082807481534e-10,2062.338122437,-1,13330014827.6891,2062.33812243851,-2062.338122437,3,1309915855.22877,-1309915855.22877,1.50074086088547e-09
4.16872694354328e-05,0.951199058441187,0,551942.425938787,-1,5045135450.18722,551942.425938787,-551942.425938787,1,551942.425938787,-551942.425938787,1.57428415656446e-15
0.0635959145414559,9.19773999354454,17.7285202273962,3721903.78794331,1,35.2401187180351,3721903.78794569,3721903.78794331,3,3721903.78795137,3721903.78793763,7443807.575889
4.14117969138294e-05,0.00670906713602793,0,356617.041645157,1,1.32727682269246,356617.041645157,356617.041645157,3,356617.041645157,356617.041645157,713234.083290314
1.48927855529025e-06,0.00168582420631871,1.57862227272686e-15,1.43001307833458,-1,34.2899086145727,1.43001307833536,-1.43001307833458,1,1.43001307833536,-1.43001307833458,7.76052076427314e-13
1.95231947766683e-05,0.00018922806481441,0,361453.054047753,1,1.0028049307112,361453.054047753,361453.054047753,3,361453.054047753,361453.054047753,722906.108095505
0.00588520935595899,37.0307297741468,0,1.58189090106905e-05,1,39636.4059608203,0.00588523061581698,1.58189090106905e-05,3,116926.432501167,-116926.42663733,0.00586383657081465
0.000123153827110802,0.142301298497666,0,3.37775758809086e-05,-1,4514.23249859194,0.000127701956776033,-3.37775758809086e-05,3,111.017340767429,-111.017249566957,9.12004725192857e-05
0.461424004693638,149552361.875095,2089.96960310212,370455241.467399,-1,41209176366622.4,370455241.467402,-370455241.467399,2,9.58156247359464e+21,-9.58156247359464e+21,1.09073155916609e-19
3.53428877668698e-05,13509.7453979442,0,715.554348689118,1,10841025.5534901,715.554348689119,715.554348689118,3,64481.9269001481,-63050.8182027701,1431.10869737797
0.685073649611822,1.32227722025328,0.00106734910390383,589576666506.343,-1,1.10832514861929,589576666506.343,-589576666506.343,1,589576666506.343,-589576666506.343,3.98924585401062e-13
0.0164836790922707,10153979.4991687,0.321623790378429,762.399694488022,-1,1.00014195655809,762.399905594781,-762.399694488022,1,762.399905594781,-762.399694488022,0.000211106759234043
0.00119856184066267,5075.6915325813,7.81931897884931e-14,27.5739661559374,1,8290739.68609853,27.5739661819865,27.5739661559374,3,233605.184608471,-233550.036676134,55.1479323362248
0.000193821133479447,0.00597027906707464,0.000183767942292989,81.7288197098992,-1,196699.872361983,81.7288208343832,-81.7288197098992,3,97.5790413005058,-97.5790401762266,1.12427921391458e-06
0.000756939013871115,10.9867013904284,3.03878054591953e-09,9.14705125971192e-08,-1,1.0023619597297,0.000758943647205081,-9.14705125971192e-08,2,0.000766109881786607,-0.000104541377956261,0.000661568503830346
0.217402161854799,46.3544662576146,0,0.00113541845813338,1,1.00052324714983,0.21740512678917,0.00113541845813338,2,0.217933780923036,-0.0152129184665478,0.202720862456489
5.35510142204609e-06,9.12109067420544e-05,4.52713926658851e-10,0.00246182662814074,-1,1029.26126616074,0.00246192439730807,-0.00246182662814074,3,0.0636816885642,-0.0636816196892347,6.88749652915053e-08
0.0652138665187961,1467.45244140848,4.04656033807437e-09,383223672.580981,1,28.765073026098,383223672.580981,383223672.580981,3,383223672.582386,383223672.579576,766447345.161961
0.35718410738995,2.68504796500743,414.579148965556,1795.12462850586,1,79.2878009818704,1795.24013396474,1795.12462850586,3,1795.24112016265,1795.1236422295,3590.36476239216
2.65737378375534e-06,0.0653799659609423,2.14410488286647e-19,18.2343505581073,1,23024507633671.1,18.2343505581075,18.2343505581073,3,18.2344091637037,18.2342919525111,36.4687011162148
0.00750122122830421,0.0949942569738423,1.81178906543021e-10,0.000432928013179458,1,2872357.89985412,0.00751371597543212,0.000432928013179458,3,0.571754454014447,-0.563807810025869,0.00794664398857738
1.21358549633119e-05,0.629494381862221,0,1.572303392416e-05,1,73.5232012427336,1.9861842096614e-05,1.572303392416e-05,2,0.384683975997504,-0.384683975806075,1.91428529542055e-10
0.0204901086120946,61.472932006788,6.96909578826352e-07,22.3490645078083,-1,570.1607045635,22.3490739162865,-22.3490645078083,1,22.3490739162865,-22.3490645078083,9.40847819039293e-06
0.991515354959265,4.36219418550303,0.156398875481106,155237001.24841,1,1.59343937256353,155237001.24841,155237001.24841,3,155237001.24841,155237001.24841,310474002.49682
4.21616463140014e-05,6409.78573811307,0,1.19209638197953e-08,1,1.00001037540145,4.21616479992934e-05,1.19209638197953e-08,2,4.21635063931252e-05,-3.96044765353418e-07,4.17674616277718e-05
2.41382461274496e-06,0.00417621045345779,1.23712332475212e-18,1.07536386016142e-06,1,1667454712696.58,2.6425286999308e-06,1.07536386016142e-06,3,2.34551527409709,-2.34551155620453,3.71789256009221e-06
0.0022352114035569,1118936.12217417,3.8284587068301e-08,2.11337206834553,1,56173165229020.8,2.11337325944038,2.11337206834553,3,148106633878.966,-148106633874.739,4.22674532778591
8.78113319692407e-06,0.00650645512928921,0,0.0141377593789881,-1,415304830764.802,0.0141377621060218,-0.0141377593789881,3,7761.90595187164,-7761.90595186891,2.72703370872803e-09
0.49597462748612,231754551.141036,6.45810533774372e-08,14264359168.0233,-1,1.00004723719406,14264359168.0233,-14264359168.0233,1,14264359168.0233,-14264359168.0233,8.6225708702881e-12
0.0657035815790867,22222327.6921336,0.000687683189944107,3725400.39186235,-1,272.32033186864,3725400.39186235,-3725400.39186235,1,3725400.39186235,-3725400.39186235,6.71692072776364e-10
0.00199408955269466,6.93684799824049,0,444134919.864648,-1,3522779.972917,444134919.864648,-444134919.864648,1,444134919.864648,-444134919.864648,4.47655989916059e-15
1.44859679752221e-06,76.1595860133838,0,1.70993524164386e-07,-1,201.614764281654,1.45865399156132e-06,-1.70993524164386e-07,2,0.104681679291874,-0.104681679281851,1.00229223302829e-11
0.043157377781852,38642988.7582016,0,0.353254985715349,1,89209.6269443788,0.355881503017166,0.353254985715349,2,11287123442.6471,-11287123442.6471,8.25081459625052e-14
0.0104538300573434,1105.00572818353,0.245451293765751,2.22982975597421,-1,1.00041279369335,2.28422882324793,-2.22982975597421,1,2.28422882324793,-2.22982975597421,0.0543990672737203
0.000219423882895629,27974.2191489346,2.48645789524672e-14,585735.34717182,1,1.00241386376937,585735.34717182,585735.34717182,3,585778.694664825,585110.350435056,1170889.04509988
0.0103962752995002,0.40893058932734,4.92385480552523e-09,11002.0639369776,-1,19.7741034711467,11002.0639369825,-11002.0639369776,1,11002.0639369825,-11002.0639369776,4.91214487467668e-09
1.50705074342414e-06,4.66360720863701e-06,1.77443143883302e-15,0.369718064603101,-1,181278105.553841,0.369718064606175,-0.369718064603101,3,3.53803333779796,-3.53803333779488,3.073883786725e-12
0.0281379812796383,2780.48541566514,0,5775008318.82034,1,1.00107424170562,5775008318.82034,5775008318.82034,3,5775008318.82037,5775008318.8197,11550016637.6401
0.0997259583802355,24752820.6553754,3.91239233895693,16.2965038428511,1,22.9462743342341,16.4164056695062,16.2965038428511,2,34416.0343561792,-34416.0342991951,5.69841598887576e-05
0.000196288179809846,0.187565550875257,6.23896874674843e-07,1310530.16827665,1,1.00007710970922,1310530.16827665,1310530.16827665,3,1310530.16827665,1310530.16827663,2621060.33655328
2.60003768798607e-05,0.143268995649131,4.03332770082054e-07,2.64590073464358e-05,1,12923358844187.5,0.000636167327634568,2.64590073464358e-05,3,15.4890067275466,-15.4883441012117,0.000662626334981003
0.000682504144234185,0.16403218566538,0.00034158393327279,2465173.60198781,-1,1.00015405433366,2465173.60198781,-2465173.60198781,1,2465173.60198781,-2465173.60198781,6.93764010988663e-11
0.00120541705708801,1.28955548898029,9.81560429683798e-14,9.2787604952671,1,1.89676104602729,9.27876057356583,9.2787604952671,3,9.31994219242104,9.23029626344196,18.550238455863
0.0928156013475407,33.7610505386849,2.83969396812933e-08,205142.949960869,-1,318988517976.228,205142.94996089,-205142.949960869,3,27142375972.6656,-27142375972.6656,2.09968452034543e-08
0.000709157802933925,1687.15347713834,5.13825975636248e-08,3057.93877525958,1,2597891.23852964,3057.93877525967,3057.93877525958,3,3290.65164695359,2825.22590356565,6115.87755051924
0.00945752596338685,20664.0221447954,0,8295495435.84789,1,886546112.682181,8295495435.84789,8295495435.84789,3,8295495435.86076,8295495435.83503,16590990871.6958
0.348157934481402,0.765562215069041,153.578903222127,2889.67241556115,-1,227.918812933738,2889.69901016909,-2889.67241556115,1,2889.69901016909,-2889.67241556115,0.0265946079335174
0.010416340166543,19.3430564662788,0,2522884.32911282,1,72322205.2081011,2522884.32911282,2522884.32911282,3,2522884.3291499,2522884.32907575,5045768.65822564
0.120197297681444,2.16485245752329,0,15807.6456322655,1,105022.791548,15807.6456327225,15807.6456322655,3,15807.645706613,15807.6455583751,31615.2912649881
0.000215729407612535,0.0289147017409142,6.45649405976138e-06,0.0057104784066045,1,473.511896104127,0.00625400646540812,0.0057104784066045,3,0.0411914902256654,-0.0292270832651037,0.0119644069605618
0.000123437892416897,0.000324428983894897,5.52170554636056e-09,0.0245554844411221,-1,769.098553617376,0.024555907125517,-0.0245554844411221,3,0.205060798740328,-0.205060528635206,2.70105121931399e-07
3.49322703779793e-05,27.5033059784925,0,1057340.0213649,-1,31424431.5650845,1057340.0213649,-1057340.0213649,1,1057340.0213649,-1057340.0213649,5.77044039336103e-16
0.00532148859019634,86675.2883733771,1.65452676955049e-05,287235747.885886,1,215.169982156794,287235747.885886,287235747.885886,3,287235754.424561,287235741.34714,574471495.771701
0.00307181972797718,0.0082741766601895,0,5072.70357606598,1,1060612286277.96,5072.70357606691,5072.70357606598,3,5072.70357606982,5072.70357606307,10145.4071521329
9.75109944554367e-06,1.96730035258011,0,8.84407272862975e-08,-1,18490361346637.1,9.75150050808208e-06,-8.84407272862975e-08,3,200261.137007914,-200261.13699825,9.66305978079578e-06
0.00863697199139157,550.925576241027,0,84387113.0674431,1,20941.139969022,84387113.0674431,84387113.0674431,3,84387113.0683423,84387113.0665439,168774226.134886
0.164064016052485,4429604.00126622,0.000138371673278778,97041.3282627188,-1,2.48978159414131,97041.3282628582,-97041.3282627188,1,97041.3282628582,-97041.3282627188,1.39401291804677e-07
0.830883767372383,17720.6501190221,0,87763772299.867,1,1.00812036111967,87763772299.867,87763772299.867,3,87763772299.8672,87763772299.8654,175527544599.733
1.98194237431531e-06,1.95174183476243,6.12782064110203e-13,0.00446129301905436,1,20.7398516811676,0.00446129352797379,0.00446129301905436,2,7.66702340766113,-7.66702340766083,2.96130414489117e-13
0.329188581414817,184.324761346241,0.00280015091898923,9.82817494917787e-05,-1,19046959549313.7,0.333414580833219,-9.82817494917787e-05,3,50966.2018308928,-50965.8685145938,0.333316299083727
2.5493429678913e-06,7.25216170674796,3.17811836712539e-15,5425.97447942598,-1,8949.39614068943,5425.97447942598,-5425.97447942598,1,5425.97447942598,-5425.97447942598,5.99185244139946e-16
1.06656955027977e-06,864.194962504801,0,37474.3633138824,1,176415667669.886,37474.3633138824,37474.3633138824,3,37479.3456062229,37469.3810215419,74948.7266277648
0.302136921874206,435478.330519111,0,70.8749845242481,-1,199599207.670175,70.8756285194845,-70.8749845242481,2,51313339128245.3,-51313339128245.3,8.89502818472512e-16
0.168500785541564,2506.6774989739,0.000393680941866298,170996981.690815,1,371266528497.102,170996981.690815,170996981.690815,3,170996981.700001,170996981.681628,341993963.38163
0.00128067119752974,97.1549514720011,0.000147381656972825,216191.062814488,1,1.00000128595511,216191.062814489,216191.062814488,3,216191.062849443,216191.041019018,432382.103868461
1.0740291198459e-06,83.3253008102618,1.12423393634775e-13,0.00791291228990922,-1,1706.63041267852,0.00791291236990265,-0.00791291228990922,1,0.00791291236990265,-0.00791291228990922,7.99934266380772e-11
0.014272905504226,567411.73645199,0.00056380110583467,3.78897854193122e-06,1,142.662622693504,0.0277040962986269,3.78897854193122e-06,2,1127.82862909995,-1127.82862875968,3.40263102779863e-07
0.000150279608430997,0.0304276272115184,0,1.97291875240431,-1,1.0036194889526,1.9729187581278,-1.97291875240431,1,1.9729187581278,-1.97291875240431,5.72348979143047e-09
0.000104821196365746,60186.0690116914,4.15040203783795e-11,487188.994662595,1,1.23622662491219,487188.994662595,487188.994662595,3,488566.802095396,484845.498284393,973412.300379789
0.474455579440301,1380120.95052783,8.27534863265071e-07,8242606.65349167,1,1.00258626846117,8242606.65349168,8242606.65349167,3,8250392.48075773,8134140.5353275,16384533.0160852
0.180052785353835,13.2022853934519,1.93592754662081,0.182368210740605,-1,3549565714.33254,1.41478080154602,-0.182368210740605,3,72.1167201945659,-70.8843076037605,1.23241259080542
0.00248976248307822,3.5367263331132,0.00225137988221927,0.00770770791149832,1,113646144485.596,0.0481350969739377,0.00770770791149832,3,112.044899783855,-111.989056978969,0.055842804885436
0.00978597824682624,454826.155813822,0,2.46508631118882e-06,-1,1.00002807442528,0.00978597855730365,-2.46508631118882e-06,2,0.00978704057129427,-0.00014419742301348,0.00964284314828079
0.711886491270603,9.80397176368208,0.00634074232342408,477.474930065297,1,21500367727279.8,477.475467394901,477.474930065297,3,477.525528152099,477.424869308099,954.950397460198
0.547243562073773,1775.22518912923,0,0.0724143449860576,-1,1.0094709429583,0.552013907062993,-0.0724143449860576,2,0.55285623461982,-0.0785779862736046,0.474278248346216
0.00116886048291481,283509.946608964,0.00451148395068452,0.011201371167554,1,31074396477.0623,0.0681052193414451,0.011201371167554,3,506754164920.578,-506754164920.498,0.0793065902466002
0.815051027760821,41827.245034064,0.00414535220070924,26926352619.0056,-1,30951665226233.6,26926352619.0056,-26926352619.0056,2,23782731401063608,-23782731401063608,1.40533380876678e-17
0.403374770516824,50442908.1452008,0.030581519766693,5083823.6389542,-1,1.01941852018422,5083823.63895422,-5083823.6389542,1,5083823.63895422,-5083823.6389542,1.901056556871e-08
0.496165008257619,52.1897676951239,8.33479623642014e-06,12.6285295630568,1,39274.9454965549,12.6382731009903,12.6285295630568,3,66.5336098004931,-41.2668071539158,25.2668026465773
0.0427274427291474,0.85481477761126,0,11300428.8535423,-1,1.00001247306788,11300428.8535423,-11300428.8535423,1,11300428.8535423,-11300428.8535423,8.07772158841696e-11
0.000160192958540807,2877.89109869231,5.06896487023597e-12,1.58812190839177e-07,-1,1.0027922998487,0.000160208857908166,-1.58812190839177e-07,2,0.000161976941848722,-2.38679022902524e-05,0.000138109039558469
1.62741770959277e-05,0.000534639181910924,2.94708187138444e-13,5.51530918938441,1,1109.62141726824,5.51530918940844,5.51530918938441,3,5.51530920235305,5.51530917643979,11.0306183787928
2.26877879817678e-06,0.200142958972408,6.37645268642833e-10,562.750260679927,-1,232881.881966111,562.750260679927,-562.750260679927,1,562.750260679927,-562.750260679927,5.71117128494311e-13
0.00021713580339558,5.31539203424371,7.42430482348775e-14,3.98428111104899e-08,-1,26667428.7822767,0.000217135978010881,-3.98428111104899e-08,3,65071.1687080869,-65071.1684909908,0.00021709608944922
8.33078674303798e-05,1715.01859057696,0,21281.9328713046,-1,163120110.04998,21281.9328713046,-21281.9328713046,1,21281.9328713046,-21281.9328713046,1.63053817004458e-13
0.113373038051769,929.238087017764,0,1.4064679222779e-05,-1,1077816.64302785,0.113373038924178,-1.4064679222779e-05,3,3808679.14512758,-3808679.03177025,0.113357334959413
2.17798208001009e-05,0.00213483291743444,5.87971987145211e-16,4.70028325735951e-09,-1,39383442726372.7,2.17798348053689e-05,-4.70028325735951e-09,3,0.104660334883458,-0.104638559748936,2.17751345221115e-05
0.0212994125654744,179553.286003472,2.86144950930619e-05,0.0168732885969944,-1,1.59020455275846,0.0276945362626785,-0.0168732885969944,2,0.0460190659250735,-0.0404410058961063,0.00557806002896715
0.974622410239998,108055.702965078,0.00102780806422378,35148.2134193606,1,1.02460686492276,35148.2134328878,35148.2134193606,2,54726.7346596621,-54726.7346509743,8.68786212621074e-06
0.000115316366553397,0.43382168140425,3.56242707499441e-09,0.0349079889824759,-1,1.00002159199645,0.0349082304778132,-0.0349079889824759,1,0.0349082304778132,-0.0349079889824759,2.41495337335788e-07
0.000316078497747873,85580.0793309859,3.60555629758848e-06,183074654.728261,1,1.00032367794001,183074654.728261,183074654.728261,3,183074655.224447,183074635.221813,366149290.44626
0.00526093431013264,0.0235533477224802,0.001569171753261,244729.175498478,-1,1.66062686676856,244729.175498481,-244729.175498478,1,244729.175498481,-244729.175498478,3.26248225170532e-09
0.00225109060881778,0.104688751519699,0.000582907878297898,100777.295963994,1,9567413950.60595,100777.295963997,100777.295963994,3,100777.295964025,100777.295963967,201554.591927992
0.0833402602927006,94521.6231420076,9.12004735367502e-09,0.000139474409292374,-1,1.00104097895981,0.0833404317172241,-0.000139474409292374,2,0.0836748903077058,-0.00747523660522839,0.0761996537024774
0.000590703272264355,0.00660890302599817,0,0.0529233687096102,-1,47236575.3243894,0.0529266651691679,-0.0529233687096102,3,6.62492733924582,-6.62492404278627,3.29645955623912e-06
0.00902762253779833,822516.726612506,0.0255290612924772,4746269.57451211,1,6717225.70672374,4746269.57451211,4746269.57451211,3,4781904.60086999,4710634.54815423,9492539.14902423
0.00322477829927087,0.160620946676521,0.0496942506019761,0.0013259222114072,1,1416526025896.92,0.222949339238236,0.0013259222114072,3,0.280442727384331,-0.0561674659346871,0.224275261449644
0.0304474431289358,224311.875665091,0,194.572945157166,-1,1.00213641426975,194.572947539426,-194.572945157166,1,194.572947539426,-194.572945157166,2.38226025377217e-06
1.21001615257485e-05,5477.63994973825,9.62649087670096e-12,1.32643594210302e-08,-1,1.00001056236959,1.24916202219382e-05,-1.32643594210302e-08,2,1.24920260571662e-05,-1.0156370913996e-07,1.23904623480262e-05
0.0379965623303224,122009.619392375,1.17550219426183e-10,917016438.094672,1,1.00000612274344,917016438.094672,917016438.094672,3,917016438.122976,917016430.006247,1834032868.12922
0.000613923050169405,0.0652487613831952,0,4.92622715108064e-06,-1,1.10268496583313,0.000613942814310299,-4.92622715108064e-06,2,0.000874012477864789,-0.000622090266708974,0.000251922211155815
0.177621292206924,8630.17302011449,0.0343392352110348,14.5087743687524,1,846.275704105722,14.5110448363315,14.5087743687524,3,1325542.81147949,-1325514.71707355,28.0944059452768
0.000243705020414715,10.5095274992749,1.55350313592711e-11,4.9410517632107e-07,-1,1625699163.64772,0.000243737391769546,-4.9410517632107e-07,3,227036.416674895,-227036.416431652,0.000243243286550272
0.0148406672612476,38845.0820357377,0,32686958.6505598,-1,88840201.6853026,32686958.6505598,-32686958.6505598,1,32686958.6505598,-32686958.6505598,3.36901036149619e-12
0.00578675721267053,0.0241180995721407,0.173119677422916,2695615.55310289,1,1532892.04235462,2695615.55310292,2695615.55310289,3,2695615.55310292,2695615.55310289,5391231.1062058
5.18712153829581e-05,0.0062269489447633,3.02514058036485e-13,1631343.762075,1,10098808747.9713,1631343.762075,1631343.762075,3,1631343.762075,1631343.762075,3262687.52415001
2.29176282086523e-06,0.843758123743365,0,12.5949692691698,1,1.00005646470568,12.59496926917,12.5949692691698,3,12.5952667651808,12.5669732678431,25.1622400330239
0.437965152668861,4078025.48130129,2.38287783249982,0.000151458004170176,-1,3404181467.16544,1.6045844728127,-0.000151458004170176,3,5182607809247.57,-5182607809245.96,1.60443279119764
5.36828375076917e-05,368.638975382492,1.33579270341685e-05,44869265.4737711,1,1.0030719095348,44869265.4737711,44869265.4737711,3,44869265.4738809,44869265.4723665,89738530.9462474
0.0212274833400116,1.07357437873331,2.99695790498467e-07,13234.0053574797,-1,93.7761251106342,13234.0053574968,-13234.0053574797,1,13234.0053574968,-13234.0053574797,1.70358758577134e-08
0.431287822251832,0.701232650005254,1.49679121245384e-06,0.0033719084598239,-1,304.818425241196,0.431302738433924,-0.0033719084598239,3,0.788509334274531,-0.360580426553439,0.427928907721091
0.16058863459047,6834.4597912849,89.4215313463885,3.38743773261062,1,2682838.31802465,10.0459969365047,3.38743773261062,3,1738576.62198352,-1738563.18854897,13.4334345483417
0.00416183943379505,1189.05642126001,3.06796902410854e-10,0.491458632328494,1,3372120307.1692,0.491476254263075,0.491458632328494,3,719201.321668106,-719200.33873322,0.982934886591537
4.47382614875921e-06,2.16350200628967e-05,3.45253794493954e-09,116.132867181042,1,19726366506142.6,116.132867181057,116.132867181042,3,116.132867181058,116.132867181041,232.265734362099
0.0119473363605905,0.0315776424659127,0,23.4690273058615,-1,50081960800.7243,23.469030346866,-23.4690273058615,3,163.950349627204,-163.9503465862,3.04100453344585e-06
0.0535324362284785,470851.222347741,3.32294741821958,4512603.59648913,1,1.00860071137409,4512603.59648949,4512603.59648913,3,4515441.63172599,4490825.34239917,9006266.97412516
0.999309872410835,82641.8886966076,0,29945415.2910449,-1,1.03355819704046,29945415.2910449,-29945415.2910449,1,29945415.2910449,-29945415.2910449,1.66740085484203e-08
0.000160157567794899,266.025775603285,0,0.00243920040899121,-1,1.00301673073688,0.00244445271620149,-0.00243920040899121,1,0.00244445271620149,-0.00243920040899121,5.25230721028445e-06
0.487743034382196,6139.71161754522,0,0.00558968482371825,-1,1.93793767799449,0.487775063082135,-0.00558968482371825,2,3.14003958888459,-3.10192768325991,0.0381119056246864
1.215067427324e-06,0.000869592571979279,0,1.34457303395373e-05,1,7937164679043.82,1.35005204794666e-05,1.34457303395373e-05,3,0.0140449472314145,-0.0140180009805955,2.69462508190039e-05
1.70850064563035e-05,155.210797115439,0,6.68533348158839e-05,-1,371424.273387524,6.90019262167123e-05,-6.68533348158839e-05,2,592822.111313194,-592822.111313194,2.46193115979879e-16
1.61027998450936e-05,0.00454689768867665,0,3.66620792224425e-09,-1,1145554.65705437,1.61028002624458e-05,-3.66620792224425e-09,3,0.642100935912228,-0.642084836778418,1.60991338098817e-05
0.365290838387374,431489.858043069,2.41983696926868e-09,3157236105.1402,1,1666879416548.58,3157236105.1402,3157236105.1402,3,3157236119.8828,3157236090.3976,6314472210.2804
7.58058784367273e-05,10.2818105582936,1.08896759543808e-05,0.0454834409431939,1,11684317302.2708,0.0456030571619775,0.0454834409431939,3,580.349108790957,-580.258022292852,0.0910864981051714
0.000490917591989623,119.893257358377,9.76613047133163e-10,1.98112323097373e-06,-1,1.0000027891689,0.000491915256951113,-1.98112323097373e-06,1,0.000491915256951113,-1.98112323097373e-06,0.00048993413372014
0.37861110811131,572.2526251071,140.784483142422,469.13480919961,-1,1.17619141610795,469.284984878345,-469.13480919961,1,469.284984878345,-469.13480919961,0.150175678734564
2.08408700372239e-05,0.00306624418866347,0,0.654746312883442,-1,1.99010271655182,0.654746313215129,-0.654746312883442,1,0.654746313215129,-0.654746312883442,3.31687139928775e-10
1.4698206752224e-06,0.000288306363469328,0,4.18268484448205e-07,-1,4.24369480561268,1.52817582181954e-06,-4.18268484448205e-07,2,3.8872587818494e-05,-3.88447900095909e-05,2.77978089030498e-08
0.000145709914955551,0.0250707884300014,0,0.00185262915174823,1,1439329.87271744,0.00185835038494459,0.00185262915174823,3,0.0865426224095342,-0.0828316428728618,0.00371097953667239
1.3147354552524e-05,418.176858199537,2.39005226585593e-18,1.73600205238373e-07,1,21461428095167.9,1.31485007187544e-05,1.73600205238373e-07,3,6563224739.52998,-6563224739.52997,1.33221009239856e-05
0.0221647229412665,117724.058337997,1.89443680527221e-09,1021694607.09372,1,1834189673055.32,1021694607.09372,1021694607.09372,3,1021694610.48488,1021694603.70255,2043389214.18743
7.57434554384458e-06,2.11874789834227,9.99070187516211e-08,2.03446327932115e-07,1,161.484138115804,0.000316171521254598,2.03446327932115e-07,2,16.4999839568874,-16.4999839538581,3.02922686871729e-09
0.135287999419714,56132998.3003815,8.87733617614907e-10,67.4683151206529,1,2.9394619758798,67.4684507608067,67.4683151206529,2,2194.81443491649,-2194.81443074692,4.16956518075843e-06
0.530468915622747,203.808426773911,4.44874187571183e-05,546958.425433635,-1,255428.050129026,546958.425433892,-546958.425433635,1,546958.425433892,-546958.425433635,2.57278930878095e-07
1.49229810138124e-05,4.25179750959295e-05,7.33283317712907e-14,1504863.16860844,-1,1331492340570.59,1504863.16860844,-1504863.16860844,3,12759731.1265614,-12759731.1265614,7.08420701289907e-17
0.0950324861204873,1237.53336804584,6.65604395460665e-08,1560.52564164966,-1,842632972834.383,1560.52564454331,-1560.52564164966,3,264628972527.483,-264628972527.483,2.89365299347163e-06
0.000123446890906938,403.354510128199,2.8514097472789e-07,0.348359266373714,-1,6758.9600716866,0.348359697508971,-0.348359266373714,2,39.3915701731506,-39.3915701693379,3.81274608116225e-09
4.94397532487728e-05,0.00254496660772501,1.1312362852243e-15,0.0258089209200284,-1,1301438009249.38,0.0258089682735791,-0.0258089209200284,3,68.3882722961635,-68.3882722488099,4.73535506918507e-08
0.00504984309809744,3.03374806521756,7.87465067719327e-08,0.000114371658763954,-1,2210341166.26533,0.00505892703035957,-0.000114371658763954,3,930.685487259064,-930.680542703692,0.00494455537159553
0.00589186941845275,0.162867509792571,0,6.3280481056478,1,13.7153255272621,6.32805084852499,6.3280481056478,3,6.32909602906399,6.32700013587541,12.6560961649394
9.99971009607749e-06,0.00274846392367511,6.61895098230994e-17,1.20148479136895,1,260.713776071611,1.20148479141056,1.20148479136895,3,1.20148636320036,1.20148321956759,2.40296958276795
0.00240333273444891,7871.11682586042,0.00098160622931334,0.1115724935514,-1,1.05756091349296,0.115912913667214,-0.1115724935514,1,0.115912913667214,-0.1115724935514,0.00434042011581399
1.71019740075534e-06,0.000235934900490421,0,0.134356763328047,1,8460562.54872389,0.134356763338932,0.134356763328047,3,0.134356866910853,0.134356659756126,0.268713526666979
0.000117602097064649,1.46755951310522,5.80121583224086e-11,0.00626561826095473,1,365938.323867958,0.00626672645464933,0.00626561826095473,3,85.9331628772863,-85.9206305328915,0.0125323443947679
0.000330127808361159,95080.3794730563,1.86383897131572e-05,186.902436393244,1,1.32044494839569,186.902436443396,186.902436393244,2,890.479811660828,-890.479811650301,1.05265576140102e-08
0.000157611898463271,7.43974683530882,2.23035010294881e-05,24468.6880831849,1,1.00001037607119,24468.6880831853,24468.6880831849,3,24468.6880883143,24468.6869572799,48937.3750455942
0.27971245601108,13.7867388861347,9.49169982334551e-06,8601.96909282321,1,404911.255796208,8601.9690973715,8601.96909282321,3,8601.97461924469,8601.96357095002,17203.9381901947
0.000216035559490737,3097.32450788014,2.20833534066839e-06,5.8614231076859e-07,1,1.0000589733371,0.00150166808822578,5.8614231076859e-07,2,0.0015020350645158,-3.32058940869808e-05,0.00146882917042882
6.69589660446833e-06,0.0159520647679145,3.85228845706722e-08,0.00445638554890142,1,1431671164.19345,0.00446071069226188,0.00445638554890142,3,0.0187292751802185,-0.00981217893905516,0.0089170962411633
2.61808640624325e-05,0.210534575583196,2.11656693287686e-17,0.00023225390241212,-1,61623329.1730338,0.000233724865707266,-0.00023225390241212,3,15066.6122813342,-15066.6122798633,1.47096131135842e-06
0.043108340675626,13.305233032707,0,30.9387079954396,-1,20836317.690755,30.9387380278529,-30.9387079954396,3,2947635.88433559,-2947635.88430556,3.00290186783775e-05
0.00287945138292366,0.0229971099505569,1.40296180878768e-12,0.0181605127271111,1,1.00248037148391,0.0183873724110093,0.0181605127271111,2,0.0211361458589568,-0.0209390883302381,0.000197057528718688
0.00225171760235112,323.722149454412,0,56096045.7290294,1,1.00000906746114,56096045.7290294,56096045.7290294,3,56096045.7290333,56096045.7280992,112192091.457133
0.00793600995803937,83443.4429886233,2.95801133678318e-05,3.85969173097014e-06,1,20.4982493934854,0.00962083064600724,3.85969173097014e-06,2,8.07854597348441,-8.07854024470596,5.72877845497434e-06
1.47566404070507e-05,7292.95844448934,7.74127071426971e-15,9211.25586142376,1,74302916391.1156,9211.25586142376,9211.25586142376,3,10654.7952569527,7767.71646589482,18422.5117228475
0.0428509689078545,342.793258831498,0.0322807444616436,340998.492411611,1,1.00117271136138,340998.492411661,340998.492411611,3,340998.500363899,340998.328065077,681996.828428976
0.070650408217267,42351587.9660545,3.56948204296859e-07,1.94282013092355e-05,-1,1.00440488758186,0.070652937001414,-1.94282013092355e-05,2,0.0718968845691826,-0.0133163388843777,0.0585805456848048
8.48980121327621e-06,3.42110009340798,5.49222247790269e-13,9.47357941565875e-07,-1,1.0022946046374,8.57458068701814e-06,-9.47357941565875e-07,1,8.57458068701814e-06,-9.47357941565875e-07,7.62722274545226e-06
4.08761948686015e-05,1.25204109148023,9.98275492058287e-09,3.34397527658948,1,1.00002014268159,3.34397527833196,3.34397527658948,3,3.34550861784439,3.10238956408335,6.44789818192774
1.06672614722652e-06,0.232294669101344,4.9633623073407e-13,1.76046675214371e-08,1,523730.471289796,1.27849553312843e-06,1.76046675214371e-08,3,21464.5842219232,-21464.5842206662,1.25697317816819e-06
0.00180479869935076,0.0119212876623694,4.33003800758219e-08,22.7169926617613,1,193824744.966706,22.7169927344074,22.7169926617613,3,22.7169942625564,22.7169911336123,45.4339853961687
0.00737327827465721,80.2990103683777,0.0036771960251257,8.07880119495442,1,1.00133726204027,8.07903213936265,8.07880119495442,2,8.95927661997938,-8.95906836630079,0.000208253678590207
0.0108163655235163,175125.882031499,0.000115068347322664,6678038.8807087,1,132.204790622775,6678038.8807087,6678038.8807087,3,6679186.99606448,6676890.73250713,13356077.7285716
2.60878002831446e-06,0.00015068392933052,1.03612689775947e-17,0.000595802207231218,1,370.890919119813,0.000595807918615713,0.000595802207231218,3,0.000605332342644934,0.000586277748582664,0.0011916100912276
0.33909634460678,35790.3218154255,4.17598534217806e-08,943871538.774437,1,5.88107754086156,943871538.774437,943871538.774437,3,943871539.111229,943871538.432669,1887743077.5439
2.38859896746225e-06,0.0649489603137447,4.06457340491831e-16,0.0320346388215215,1,1439.96744086101,0.0320346389105784,0.0320346388215215,3,0.0649549995226653,-0.000885729728899921,0.0640692697937653
0.653412110423606,39.8981971950966,0.00548480975970134,58667736.4895158,-1,13425.3632618934,58667736.4895158,-58667736.4895158,1,58667736.4895158,-58667736.4895158,3.6854344626472e-09
0.000865302642665896,498205.342142154,0,16482296.8150354,-1,1.00000110584971,16482296.8150354,-16482296.8150354,1,16482296.8150354,-16482296.8150354,2.27137234515023e-14
0.0755059553428049,1499.86594842605,2.63645672698728,8171865892.45232,1,1.00000994535693,8171865892.45232,8171865892.45232,3,8171865892.45232,8171865892.45218,16343731784.9045
1.57573224561008e-05,0.000698606973340197,7.62763840568238e-12,3.14283925277458e-05,-1,11951228024660.6,3.52656306659797e-05,-3.14283925277458e-05,3,0.0635970504894336,-0.0635932132512954,3.83723813823393e-06
0.000393132301787938,82939.3267799182,5.39015534786167e-15,11638.3062960867,1,1.00981349191346,11638.3062960867,11638.3062960867,2,15398.4362993933,-15398.4362993933,5.01846450815681e-12
1.60550456638438e-06,232.744430399546,1.48892063758357e-13,3.42865382246949,1,24593605742327.8,3.42865382246989,3.42865382246949,3,3953.22737125248,-3946.37006360754,6.85730764493938
2.92314598201425e-05,1435.5855209017,1.75720279588902e-17,325099.704232763,-1,17448335480682.2,325099.704232763,-325099.704232763,2,800188765079.66,-800188765079.66,5.33922930487264e-22
5.09678268035475e-05,14232.5253216005,9.74391392286235e-17,389.487750773423,1,56818819888.3385,389.487750773427,389.487750773423,3,130409.479796581,-129630.504295034,778.97550154685
0.018322177769193,568.043996174454,8.60338722814345e-05,0.000695342133916296,1,231.724842275597,0.0205479821678564,0.000695342133916296,2,2281.35894213927,-2281.35894204684,9.24308890429182e-08
0.000401372313295162,368846.566307408,5.147840666769e-11,1.44253570330579,1,1.34765325115917,1.44253575916271,1.44253570330579,2,7.3098114320084,-7.30981142098547,1.1022939094053e-08
0.128231101596261,3.65263872844097,1.43446015390415e-07,0.514666746255506,1,33.6068273334273,0.530400997891063,0.514666746255506,3,6.92166688967839,-5.87943047477536,1.04223641490303
0.112522180409939,99426.4431220812,44.5168444355528,1791336.34327862,-1,34137.44494813,1791336.34329105,-1791336.34327862,1,1791336.34329105,-1791336.34327862,1.24291303092142e-05
0.775935387312239,3.56766568842968,3417.01964601355,0.55071047847692,-1,42464898.8846057,58.4630225336488,-0.55071047847692,3,58.5677167023738,-0.655404647201887,57.9123120551719
0.00614805194905965,50561.1586964604,0.0340219570427402,5169657776.67835,-1,21524647575.8964,5169657776.67835,-5169657776.67835,1,5169657776.67835,-5169657776.67835,3.29419828708593e-12
2.97383709677014e-06,1158.19780107068,2.11247273769819e-09,21765.7218944548,1,1.00000647818533,21765.7218944548,21765.7218944548,3,21765.8324924083,21734.9957888465,43500.8282812548
1.29157254648073e-06,0.431953826285014,2.05337849921078e-20,6.38431188079847e-07,1,6355.1608202241,1.44074773824898e-06,6.38431188079847e-07,2,167.948042012359,-167.948042012359,4.96629684802684e-15
1.22675778980317e-05,0.612797786137956,0,0.0410407059429454,1,88071763012.1071,0.0410407077764112,0.0410407059429454,3,2.32853253771141,-2.24645112399206,0.0820814137193566
5.58364501752386e-05,712.660054470617,0,3.45294180845842e-05,1,4.89570261697678,6.56505131848329e-05,3.45294180845842e-05,2,0.00470165816395773,-0.00470132659805104,3.31565906686194e-07
0.000609897692485696,0.238742955793582,4.65389743142381e-13,6.20383519410714e-08,1,1.02298585808951,0.000609898077171814,6.20383519410714e-08,2,0.000666646049421483,-0.000269149204940588,0.000397496844480894
0.000120230957858248,63.4439119518884,5.58717844317429e-10,8.78429120168717e-06,-1,43896.025305991,0.000122846916297257,-8.78429120168717e-06,2,439565.656186641,-439565.656186641,1.70784510351442e-14
0.0738573529991431,11683.1402105117,0,27140.2491525284,1,2.0482954269423,27140.2491526289,27140.2491525284,3,28315.8308453256,25793.2260735763,54109.0569189018
0.00214874654358944,738.20549632616,1.613080266759e-07,0.00504282743257016,1,1.10525042476834,0.00549622854782674,0.00504282743257016,2,0.013179132623983,-0.0129965809729048,0.000182551651078257
0.00187456900385915,1012.52150126411,1.77708618015433e-13,1923177.9011917,-1,1.00000891691507,1923177.9011917,-1923177.9011917,1,1923177.9011917,-1923177.9011917,9.13594401682921e-13
5.6495124421626e-06,1.67454698740711,1.94453881232886e-15,10.4596449561993,-1,71599980970828,10.4596449562008,-10.4596449561993,3,918943337000.523,-918943337000.523,1.52572389402539e-12
0.482762242645724,93.2981367981755,0.000124510134857896,7.77190886995827e-05,1,690.905123047301,0.482891187639041,7.77190886995827e-05,3,9195.0850674831,-9194.61172947483,0.473338008267822
0.0120427632232405,1475909.6860804,0,5.10089077850643e-05,1,2.20625803874531,0.0120428712506489,5.10089077850643e-05,2,0.105638916603236,-0.104950238470688,0.000688678132547346
0.314528579800074,331266.966352294,0.082625700187832,43338314635.0113,-1,1723.41484492276,43338314635.0113,-43338314635.0113,1,43338314635.0113,-43338314635.0113,2.09461222970832e-12
0.549896191741429,378625379.206071,43.7285094636194,1347597592.92605,-1,33511761.9834146,1347597592.92605,-1347597592.92605,1,1347597592.92605,-1347597592.92605,1.63368113435505e-08
0.803222169041367,3270.31041559633,2460.69904585805,1613407120.43947,-1,1154763781026.14,1613407120.43947,-1613407120.43947,3,7012146479207.28,-7012146479207.28,7.62775773803648e-07
0.000252764546208673,18613.1029306016,1.07575479397186e-13,4733.97828906139,-1,1632481735.89329,4733.97828906139,-4733.97828906139,2,35966936.4492297,-35966936.4492297,8.88177166350289e-16
0.00021555944271634,36934.6204408771,9.41992343892461e-06,1.41612668346804e-05,-1,1.00000127089689,0.00307678238647896,-1.41612668346804e-05,1,0.00307678238647896,-1.41612668346804e-05,0.00306262111964428
0.79061802987065,218166.702535121,1077.42459914446,20974491.1036772,1,1.00733883274163,20974491.1037029,20974491.1036772,3,20974613.1164764,20973478.4591086,41948091.575585
1.32533290545486e-06,0.530599663046429,0,1670.27544096085,1,4438777.96793635,1670.27544096085,1670.27544096085,3,1670.27548310001,1670.27539882169,3340.5508819217
0.871016864013672,285748.762232548,1.7867911883244e-08,26472843.8356553,-1,104291368037.304,26472843.8356554,-26472843.8356553,2,311708947222235,-311708947222235,1.21695318986661e-15
1.52718958679493e-06,0.00107767032358221,1.30463667660088e-14,78.8794341222238,-1,1.00000805033636,78.8794341222238,-78.8794341222238,1,78.8794341222238,-78.8794341222238,1.48667040203835e-14
0.00693616882768241,0.165360858240041,0.00269505498169551,3.66302261899799e-06,-1,174049442.853249,0.0523752368311529,-3.66302261899799e-06,3,0.312975606601106,-0.260604032792572,0.0523715738085339
0.00228980029354917,5.28521241218012,3.45029000440808e-07,1.43900206541766e-06,-1,1513379552.16716,0.00236394087394453,-1.43900206541766e-06,3,5911.84212398192,-5911.83976148005,0.00236250187187782
0.00132303135657642,2.06210080189105,1.34514304684825e-08,53623547.4298755,1,884058125075.112,53623547.4298755,53623547.4298755,3,53623547.4298755,53623547.4298755,107247094.859751
0.000504395742054339,181.266260575811,6.87104806015874e-08,1767.23095376797,1,6536357.59748367,1767.23095376806,1767.23095376797,3,1771.87910928401,1762.58279825201,3534.46190753603
0.00319075882361512,325.180052506073,4.96142089677885e-07,11.0108379151678,1,137109823126.683,11.0108384000121,11.0108379151678,3,2411.87408387379,-2389.85240755861,22.0216763151799
3.34514009057116e-05,0.00044648664575676,0,7.08573557495235e-06,1,531679769.082469,3.41936232533609e-05,7.08573557495235e-06,3,0.00243528867709177,-0.00239400931826346,4.12793588283133e-05
0.00747150817753866,163106.907915972,1.2154250195064e-05,4586129.22421248,1,1.00008378431044,4586129.22421248,4586129.22421248,3,4586166.29961944,4583264.93499505,9169431.23461449
0.0216587453015309,5.09796233641528,2.11554518471931e-11,0.00190442699778961,1,4717097.65609863,0.0217423115464283,0.00190442699778961,3,549.542574692607,-549.518927954075,0.0236467385318697
0.00242602397341738,1.04582051491615,0,1279434.54923976,1,4.29105220429546,1279434.54923976,1279434.54923976,3,1279434.54923997,1279434.54923954,2558869.09847951
1.73047033807597e-06,8.47363606857557e-05,4.21536849347163e-13,9024.93242461154,1,435151402.883807,9024.93242461154,9024.93242461154,3,9024.93242461154,9024.93242461154,18049.8648492231
0.034069298417368,1134196.32043021,0,1111677474.95103,-1,5832771.02491124,1111677474.95103,-1111677474.95103,1,1111677474.95103,-1111677474.95103,5.22056586017811e-13
2.19360175859715e-05,0.00432521462059422,1.70577833032515e-09,14076181.7621963,1,394902128995.009,14076181.7621963,14076181.7621963,3,14076181.7621963,14076181.7621963,28152363.5243925
1.86680206210636e-06,105.945963971272,0,7.36248594119637e-08,1,13242795.9854835,1.86825334443912e-06,7.36248594119637e-08,2,681100751.990925,-681100751.990925,2.55832189943829e-21
0.0262425081025058,261882.146559138,0,54467.2035819417,1,6981866557.5221,54467.203581948,54467.2035819417,3,369254.149561469,-260319.742397579,108934.40716389
0.353890740162314,2352414.19111118,0,535.977903587491,1,1.07716831083067,535.978020419399,535.977903587491,2,1170.09491211223,-1170.09485859578,5.3516453041644e-05
6.45737467388876e-05,0.254471756441592,2.02670663045044e-08,4.30322706740314e-05,-1,1.00589487854269,0.000162137631016879,-4.30322706740314e-05,1,0.000162137631016879,-4.30322706740314e-05,0.000119105360342847
0.736542249698768,6753350.61416319,0,259589758039.672,-1,10149.7677835566,259589758039.672,-259589758039.672,1,259589758039.672,-259589758039.672,1.04490733703834e-12
0.109586298739535,2281.7285827374,0.000250778739620078,83.1023212021783,-1,1.02608592063348,83.1023949662441,-83.1023212021783,1,83.1023949662441,-83.1023212021783,7.37640657478532e-05
0.000218370597203731,0.0166334658569311,2.85704141006806e-05,1.90882826760529,1,144.032842916616,1.90883576383848,1.90882826760529,3,1.908871992952,1.90879203761856,3.81766403057056
1.14766059555904e-06,3.13529137807509,4.540086523696e-15,82.3463709031543,-1,749768752.850619,82.3463709031543,-82.3463709031543,2,9022.59733231828,-9022.59733231828,7.32419324748388e-17
0.00271166469405435,501501.733029737,0,32.6661212673375,-1,314440211.671501,32.6661213798872,-32.6661212673375,2,22256176789.8264,-22256176789.8264,1.65192914363038e-16
0.150575893037679,0.52761974705376,2.87964369850071,8.99665997269142e-05,1,8.26085241382503,1.7036187384972,8.99665997269142e-05,3,1.77868826350366,-0.0755357050929015,1.70315255841076
0.00646791762194243,2712932.22807795,1.33552498456254e-07,112424.676100597,1,122368204.115338,112424.676100597,112424.676100597,3,16478941.1950326,-16254091.8428314,224849.352201193
3.58659119202582e-06,0.0123451319261616,3.97376499999014e-14,3.32907561499553e-09,-1,19064.4870234021,3.59212821478598e-06,-3.32907561499553e-09,3,21.4087411933722,-21.4087376340248,3.55934740876329e-06
0.892262772891568,114129835.498113,0,212.332700407833,-1,31772.1275625171,212.334575129295,-212.332700407833,2,3784942.98570462,-3784942.98570452,1.051710499861e-07
0.208304919664177,2042.63353155178,8.70573911062533e-10,636083.48882397,1,16.3105828804201,636083.488824004,636083.48882397,3,636085.127140173,636081.847419958,1272166.97456013
0.0479413670676781,1359806.52610878,5.00917439085322e-09,1516.36183722952,-1,1.73616887451054,1516.36183798738,-1516.36183722952,1,1516.36183798738,-1516.36183722952,7.57859908000967e-07
5.55115918198425e-05,0.00724761665434064,7.37113781817764e-06,0.000583523070190226,1,4994662963462.07,0.0027775382136792,0.000583523070190226,3,0.0105912704243249,-0.00723020914045547,0.00336106128386943
0.0172452221594484,1.44559340899684,7.78375238400704e-07,0.000315765303502607,1,443170.886195134,0.0172706621266826,0.000315765303502607,3,59.4222559188123,-59.4046694915333,0.0175864272789508
0.117616947304938,38.2445611838362,0,152470.466380977,1,5171756402012.74,152470.466381022,152470.466380977,3,152470.468779245,152470.463982754,304940.932761999
5.73607895117845e-05,91.9412403603705,3.00792549357534e-13,24.0379667248997,-1,1.34436414642465,24.0379667249682,-24.0379667248997,1,24.0379667249682,-24.0379667248997,6.84450769821431e-11
0.286412059377706,41722.1102351282,1.05221257443149,0.00160689132895986,1,80882108517.0893,1.06501033999122,0.00160689132895986,3,816007108.054886,-816007106.988269,1.06661723132011
4.37637359988921e-06,0.00382946757251861,1.53426242091426e-13,0.283170508335818,1,1.00289457189984,0.283170508369907,0.283170508335818,3,0.283172335630683,0.283146440635396,0.56631877626608
0.000255680478561019,20876.5506276695,0,1312699.86865462,1,451.192136286574,1312699.86865462,1312699.86865462,3,1312782.8712208,1312616.86588457,2625399.73710537
0.0564312205776292,5989453.49468704,0,106506.33390389,-1,124089228.757982,106506.333903905,-106506.33390389,2,460396085.723688,-460396085.723688,3.45841630134129e-12
4.57225320087349e-05,0.0817495227240989,4.58974824092673e-10,0.0182310901779406,-1,2.17846911836538,0.0182311601002503,-0.0182310901779406,1,0.0182311601002503,-0.0182310901779406,6.99223097293972e-08
7.54913566254817e-05,0.0501307511991774,1.06385371068333e-15,50964.8001058578,-1,110313190712.339,50964.8001058578,-50964.8001058578,2,1360752398.78192,-1360752398.78192,2.09404223505716e-18
0.0274512403761238,0.437808401973503,0,6.4478517952093e-06,1,1166391125.5636,0.0274512411333718,6.4478517952093e-06,3,3.50412086077149,-3.47666317178633,0.027457688985167
0.0826532736998846,824427.987244081,1.17969480228429e-08,525381.424785936,-1,1340065827.20669,525381.424785943,-525381.424785936,2,23350620206.1468,-23350620206.1468,1.46282526758277e-13
0.431171536756753,4.39573186384943,0.00351245639151594,57.6708040733737,-1,1.08689934617743,57.6724463138157,-57.6708040733737,1,57.6724463138157,-57.6708040733737,0.00164224044202706
9.57516816616478e-05,104.519990431821,3.81097653953307e-09,1.2740643096183e-06,1,22.4950171860818,0.000113934122722,1.2740643096183e-06,2,0.116481420787085,-0.116481365072774,5.57143109044655e-08
0.000381194567382319,0.26276288140578,0.000283037989947996,5.25373861612599,-1,81146634923.0301,5.25376556670287,-5.25373861612599,3,1286.19455683435,-1286.19452988377,2.69505768752364e-05
0.0329550167838721,0.216627558922354,0,5325068091.7751,1,4269.06649963219,5325068091.7751,5325068091.7751,3,5325068091.7751,5325068091.7751,10650136183.5502
0.408704469063107,52.7856100591573,0,0.000123937984520189,-1,3678577552.00431,0.408704487854954,-0.000123937984520189,3,3409.96110591506,-3409.55252536519,0.408580549870434
0.00154266929899707,6.4531818436849,1.40657224850108e-06,0.00111180580487423,1,1.00013066263161,0.00224109637506315,0.00111180580487423,2,0.00227821955519999,-0.00118485590985845,0.00109336364534155
0.974014699313559,44884778.8848762,1.89302483680778e-05,0.0443646833341753,-1,71079052.2356605,0.975034250605891,-0.0443646833341753,3,1247979913618716,-1247979913618715,0.80716177943219
0.000325675925791405,15562.0431810014,0,35795112.9725243,-1,8.28177988049277,35795112.9725243,-35795112.9725243,1,35795112.9725243,-35795112.9725243,1.48155432169612e-15
5.68552614222988e-06,5.32170381036121e-05,3.16750157801982e-16,12132.889586717,1,28067740.3144921,12132.889586717,12132.889586717,3,12132.889586717,12132.889586717,24265.779173434
0.23148967219599,15644837.8607619,9.62924575677839e-09,202.887354755661,1,993.694543894297,202.887486817762,202.887354755661,2,801347161.785227,-801347161.785227,3.34358693199033e-11
0.00029596646580073,147463.616234801,1.47406180263454e-13,0.357030105002047,-1,122067204528.165,0.357030227675569,-0.357030105002047,2,3655769703284676,-3655769703284676,1.19805544925396e-23
0.000349195412481519,2.86243310696927,5.3610274282299e-15,13645.2718510476,-1,21824473655.8133,13645.2718510476,-13645.2718510476,2,4256400082.42475,-4256400082.42475,1.43240107952565e-17
0.0600654859040357,505366.686723403,3.90343086553064e-08,366.211892283783,-1,1.00330007362965,366.211897209759,-366.211892283783,1,366.211897209759,-366.211892283783,4.92597548434543e-06
3.64059784717803e-05,7.79804673101961e-05,4.11084639089447e-11,49146.2090213486,1,2337386.74156276,49146.2090213486,49146.2090213486,3,49146.2090213486,49146.2090213486,98292.4180426972
3.47475344390974e-05,0.00124212300079093,5.68198959115045e-14,930.080535467729,1,1.00000499151291,930.08053546773,930.080535467729,3,930.080535467733,930.080535466903,1860.16107093464
0.000298749726124931,0.00118947494712676,2.14054955516002e-05,44449.4475243862,1,1.0642583622841,44449.4475243864,44449.4475243862,3,44449.4475243864,44449.4475243862,88898.8950487726
0.86546648333807,177.714151626144,0.029275536492293,0.119098733142555,-1,25.9933402939103,0.890220353906841,-0.119098733142555,2,1041.25133604545,-1041.25096230864,0.000373736812146136
0.0725446129862823,6.34364905349986,1.87332254424091e-10,10.8143847115812,1,16692.5532988154,10.8146280292547,10.8143847115812,3,11.7447819165871,9.88423082257968,21.6290127391668
0.000314877759664021,14.5365084645726,1.61638277001976e-05,21030660.4215619,1,516188573236.035,21030660.4215619,21030660.4215619,3,21030660.4215645,21030660.4215594,42061320.8431239
9.11913104372674e-05,1917.60724124533,3.89077343856747e-10,76118.7202481455,1,262811838777.037,76118.7202481455,76118.7202481455,3,76130.7974924807,76106.6430038103,152237.440496291
5.57974137073104e-05,0.00118893365220739,7.34279009122491e-10,1.01406491373045,-1,17.196580308682,1.01406491562758,-1.01406491373045,1,1.01406491562758,-1.01406491373045,1.8971321903811e-09
0.0285511711571599,579.706843386719,0.0732414436735611,21383.6966270572,-1,1.00007773836577,21383.6966287888,-21383.6966270572,1,21383.6966287888,-21383.6966270572,1.73161390980694e-06
0.10545123543025,0.856273353372005,0,47599595692.8458,1,1.00000925443084,47599595692.8458,47599595692.8458,3,47599595692.8458,47599595692.8458,95199191385.6916
0.0216450317239643,10.4110303721103,0,0.0259823110852676,-1,1.74221599156437,0.0338169763234835,-0.0259823110852676,2,0.0423141593495223,-0.0363590522858524,0.00595510706366994
5.3871349076938e-05,0.000603796131449609,1.49765376218316e-12,0.278314471911238,-1,1.00353030164866,0.278314477127675,-0.278314471911238,1,0.278314477127675,-0.278314471911238,5.21643710796023e-09
0.0870162141007099,1002.61173952822,0.986005853850334,79204695843.2979,-1,1.01605282852262,79204695843.2979,-79204695843.2979,1,79204695843.2979,-79204695843.2979,6.27221444882821e-12
0.00678282082910066,50094.3891558422,4.38484906102782e-06,67.6704892305221,-1,176712651.979421,67.6704896028521,-67.6704892305221,2,23253767292.0454,-23253767292.0454,1.08351276650875e-15
0.517462299953472,181.387591970654,2.12061573320989e-07,20715.2016408125,1,1.00110968462631,20715.2016472756,20715.2016408125,3,20715.2373480357,20714.4431961598,41429.6805441954
0.430284157352736,102206.355269694,5.5328374462885e-05,66997562.4858636,-1,3.18410795184899,66997562.4858636,-66997562.4858636,1,66997562.4858636,-66997562.4858636,1.38213822691157e-09
0.0527101310671316,2969.64571321268,0,7.57821122841647e-05,-1,11.8188191643212,0.052710185543619,-7.57821122841647e-05,2,14.6517849573376,-14.6516901440806,9.48132570453983e-05
0.615528454242396,4554.55016924949,0,36053593.396989,-1,330847966.203373,36053593.396989,-36053593.396989,2,1150282863.87656,-1150282863.87656,1.64687873687515e-10
0.000191425206889574,0.00671782062510343,0,5.0262787454761e-05,1,112.988116261382,0.000197914015763004,5.0262787454761e-05,3,0.0923859564216948,-0.0921413904279734,0.000244565993721414
0.000299684713427936,13408.199651063,1.62018565166094e-05,1.10850613684708e-05,1,44023173321.5141,0.00403630899742045,1.10850613684708e-05,3,22209329697.8234,-22209329697.8194,0.00404739405305908
0.00259650741108425,0.0107205457366646,0,1187.397296517,1,1591295.70767783,1187.39729651984,1187.397296517,3,1187.39729654262,1187.39729649422,2374.79459303684
0.00852666883030464,109.016970008328,0,281.82173652493,1,1.03626903796643,281.82173665392,281.82173652493,3,286.302738870284,264.734883486913,551.037622357196
2.28677409501055e-05,3.52450899458994e-05,8.98713966385792e-09,1.38698258242552e-05,-1,3679256343.20337,9.85009914082809e-05,-1.38698258242552e-05,3,0.000102750506254081,-1.81193406700555e-05,8.46311655840257e-05
0.0694654272716918,183.848740062196,0.133706250402007,67720.0410955354,-1,2.06331730404182,67720.0410965582,-67720.0410955354,1,67720.0410965582,-67720.0410955354,1.02282643177643e-06
0.103213594662419,452967.801725916,0.0606923328433368,627104.514716783,1,8971437.27846538,627104.51471684,627104.514716783,3,708901.019360509,545308.010073113,1254209.02943362
0.0254016858556608,0.203390715020324,0,1310971488.25467,-1,35957.3283616107,1310971488.25467,-1310971488.25467,1,1310971488.25467,-1310971488.25467,2.46094461279518e-13
1.91782792278639e-06,540.635259364301,0,0.000101655785798988,1,1203571005369.11,0.000101673874964767,0.000101655785798988,3,718750236.85773,-718750236.857527,0.000203329660763507
0.000283631070226319,4093.22774636237,2.20973901579262e-10,0.000237116210088461,1,76679151968372.8,0.000369988722782224,0.000237116210088461,3,13798696466.1675,-13798696466.1669,0.000607104932870684
0.00144302856243318,14.5984236765897,9.91007940428746e-14,1.99834951696281e-06,-1,6802542113.40074,0.00144302998045763,-1.99834951696281e-06,3,73944.9333873366,-73944.9319463049,0.00144103163093987
8.96944444776792e-05,2466.18031893742,0,1.25844262247334e-08,-1,64175.644972347,8.96944453604975e-05,-1.25844262247334e-08,2,738711.89326596,-738711.89326596,5.44535254102305e-15
0.825960045263688,91657205.260025,0,1.46045608109361,1,1532.43604940663,1.67783847886956,1.46045608109361,2,14739689.2284099,-14739689.2284098,2.31419396230239e-08
0.0057386117141707,0.674390175891053,0.00191796318143028,0.0022788906698668,1,1.00000125610756,0.0442276857694534,0.0022788906698668,2,0.0442351320690879,-0.00241910382855835,0.0418160282405295
1.6100503050498e-05,25.1744183491396,1.8987325631177e-16,139.49357143481,-1,1.00000245340773,139.49357143481,-139.49357143481,1,139.49357143481,-139.49357143481,9.29169658809323e-13
4.54271761823441e-05,47.0278440789775,0,101988.837941378,1,91703969.8264775,101988.837941378,101988.837941378,3,101988.843362603,101988.832520152,203977.675882755
0.117951932465977,942735.556136793,0.00213075067764737,0.0510417268719409,1,1.00015699441188,0.136560122042182,0.0510417268719409,2,0.138455131686186,-0.0559143491434285,0.0825407825427571
5.37643586366408e-05,26963.5958520142,1.05710601857404e-13,0.00134795454305844,-1,134018956497.911,0.00134902637562136,-0.00134795454305844,3,342196672722718,-342196672722718,1.06230650269922e-06
0.159240074992639,1.98307139408915,8.57500844802245e-09,7.04165069494032,1,3.75944043959513,7.04345099504583,7.04165069494032,3,7.17965655856926,6.90035478336998,14.0800113419392
4.87362183710343e-05,0.0423402199250255,1.77258652549679e-05,3174.80076246027,1,1.00010963855079,3174.80076246307,3174.80076246027,3,3174.80076246719,3174.80076218206,6349.60152464925
0.0610532092863629,6.15921684518343,1.70086944074335e-08,19.4337218722985,-1,2.06174801162957,19.4338177752398,-19.4337218722985,1,19.4338177752398,-19.4337218722985,9.59029412888222e-05
0.000670106691056828,2824.2402725598,2.29160480324279e-05,0.00154421107537305,-1,599866956.177891,0.00507441413910334,-0.00154421107537305,3,1129727740.8688,-1129727740.86527,0.0035302014939679
0.000143153719594487,0.863608872512895,0,2642.11120156953,-1,4730730.86080187,2642.11120156953,-2642.11120156953,1,2642.11120156953,-2642.11120156953,3.87814627589543e-12
0.000132252955144511,2.76535933718369,0,2.11073604200351e-07,1,84078039.9176504,0.000132253123579454,2.11073604200351e-07,3,28865.204944994,-28865.2048125298,0.000132464195142013
0.000221831320682585,0.0225837238334365,0.000436394664882435,2870.5561994463,1,2.34110921700163,2870.55619952232,2870.5561994463,3,2870.5561995645,2870.55619939965,5741.11239896415
0.00922313777182918,0.170340215244922,0.000662612950220027,381348716.538285,1,1582028.27172001,381348716.538285,381348716.538285,3,381348716.538285,381348716.538285,762697433.076571
0.00318016232348418,1740594.4844658,0.0121349878113256,0.210254776075868,-1,33695.9967441106,0.237386124502766,-0.210254776075868,2,61610961.9015185,-61610961.9015185,9.85628276924367e-11
0.00962623781107491,2036585.93127375,1.80050198600995e-07,0.000112189618668914,-1,1.02118441971631,0.00963623843128149,-0.000112189618668914,2,0.0104140269310999,-0.00395062682718894,0.00646340010391097
1.96988986111568e-06,0.275029910845875,0,0.0137368352896337,1,15234617563119.9,0.0137368354308768,0.0137368352896337,3,1.3903539723528,-1.36288030163229,0.0274736707205105
0.000117747528048202,63.8986330569914,0,0.0342460172960838,-1,7.21224998204513,0.0342462197201974,-0.0342460172960838,1,0.0342462197201974,-0.0342460172960838,2.0242411352642e-07
3.24296546692281e-06,0.321888144668322,7.09986800983227e-14,1412.13325617475,1,26.5665611456736,1412.13325617475,1412.13325617475,3,1412.13327451142,1412.13323782509,2824.26651233651
0.00430259704513639,3500311.60904842,0.00161245838654409,20640499.2199802,-1,352517109910.248,20640499.2199802,-20640499.2199802,2,9819432097348.62,-9819432097348.62,8.30481188579781e-17
0.267478754757186,0.314580007084991,1.00496958861355e-05,57478.3376796604,1,1.08368934301887,57478.3376802828,57478.3376796604,3,57478.3376803492,57478.3376794882,114956.675359837
0.00012821344464262,71348.4873426616,2.58799364733045e-16,55887166.8006024,1,3062665533.6004,55887166.8006024,55887166.8006024,3,55887189.5724073,55887144.0287974,111774333.601205
1.7259032827898e-06,54.4383549374754,2.6525760859909e-08,2.16965918989506,1,51745.6728163987,2.16965919600863,2.16965918989506,3,343.644318119053,-339.304999796914,4.33931832213898
0.00279982707879751,0.162195962743838,0.000108772054206298,57269796.6772759,-1,1.13730094844128,57269796.6772759,-57269796.6772759,1,57269796.6772759,-57269796.6772759,1.01808538394668e-12
0.00153565595903793,0.00315708244901915,0,9.75981982771073e-05,1,6707909.49156406,0.0015387542470569,9.75981982771073e-05,3,0.00386372109239414,-0.00222736864706016,0.00163635244533398
5.68644580431804e-05,1906.45573578107,2.8621751311823e-09,2.08563317603098,1,1.00000124320766,2.08563317749234,2.08563317603098,2,2.09222096686029,-2.09222096540353,1.45676336735042e-09
0.359838086754472,4707.7991472423,9.91845824666203e-08,2043647.33746184,1,44758.2194403189,2043647.33746187,2043647.33746184,3,2043650.04871399,2043644.62620972,4087294.6749237
0.000506334963177886,0.767550424726511,0,33.0166025658151,1,5752861.41803979,33.0166025696976,33.0166025658151,3,33.0210634571929,33.0121416783199,66.0332051355128
0.000930974255073486,15712.6366662731,5.68443023113005e-12,0.000105544507982999,1,1.00001053132324,0.000936940975304867,0.000105544507982999,2,0.000937949230353288,-0.000114149072183977,0.000823800158169311
0.0294666376592738,0.340061825441585,0,16106567.7914579,1,1.00003592707071,16106567.7914579,16106567.7914579,3,16106567.7914579,16106567.7914579,32213135.5829158
0.00321726034155599,20.4594195052497,0,7414.7103665549,1,11113908770.5032,7414.7103665556,7414.7103665549,3,7414.72447998065,7414.69625312985,14829.4207331105
0.00107384359574173,0.147280350927223,3.56011447980462e-10,63778.2297333922,-1,11.2609176257667,63778.2297333922,-63778.2297333922,1,63778.2297333922,-63778.2297333922,9.04302364917772e-12
0.000248202035432317,0.164454312355507,0,3.74362971170766e-07,1,1.00050381237148,0.000248202317757871,3.74362971170766e-07,2,0.000248726415207402,-1.61424666386467e-05,0.000232583948568755
1.34612915662641e-05,8646.80051995615,0,0.0322650887942673,1,1.00000171019077,0.0322650916023544,0.0322650887942673,2,0.032384656451276,-0.0323846536535563,2.79771963509695e-09
1.12552022690138e-06,1.16221799206423e-05,2.01779542544809e-15,1.62300992416403e-08,1,114967394.725761,1.12653317426118e-06,1.62300992416403e-08,3,5.96724601519746e-05,-5.85296968784718e-05,1.14276327350282e-06
0.00133958150217833,0.450577932814481,0,438020.514618393,-1,261754562.734421,438020.514618393,-438020.514618393,1,438020.514618393,-438020.514618393,2.04839561286499e-12
3.81923281715076e-05,765.066384178205,8.85103155955558e-09,0.033141682067895,-1,1219337491637.17,0.033141837607093,-0.033141682067895,3,1881612355680.65,-1881612355680.65,1.55538565218389e-07
0.032120922758003,2710.81365945544,4.34428920741724e-10,441296500.662867,1,25996846060820.6,441296500.662867,441296500.662867,3,441296500.66703,441296500.658704,882593001.325734
0.00133663023796125,1.975949289526,0,0.00111546194626378,1,2756.4560790236,0.00174092956393845,0.00111546194626378,3,694.560819125092,-694.558008439989,0.00281068510288792
2.89681151771196e-05,5.35353698161428e-05,1.82779863951886e-11,0.0216764627151333,-1,1.00086983844977,0.0216764824930211,-0.0216764627151333,1,0.0216764824930211,-0.0216764627151333,1.97778877350362e-08
0.00320684649412596,14.2418337989818,0,1418.24413342079,1,4281134.64216023,1418.24413342441,1418.24413342079,3,1418.27988711006,1418.20837973514,2836.4882668452
0.108815688741818,11487.7446797408,0.0153111735533721,24043815863.8094,1,6177935706994.1,24043815863.8094,24043815863.8094,3,24043815863.8108,24043815863.8081,48087631727.6189
0.00126251220649949,31364.994095873,3.13196255714986e-13,33416.4361551121,1,1.00054233146979,33416.4361551121,33416.4361551121,3,34077.883166009,13324.386156293,47402.269322302
0.000706441984770346,0.0624871827633851,3.85099276598861e-11,16576886.043118,1,3436876245883.46,16576886.043118,16576886.043118,3,16576886.043118,16576886.043118,33153772.086236
0.000128384106118082,13.8934905915252,0,22.9393167295694,1,1.00000256419566,22.9393167299287,22.9393167295694,3,22.9498985160474,18.2666023408864,41.2165008569338
0.0618447221613824,2.15352462734464,0,98754.2562583183,-1,9181894255.12809,98754.2562583376,-98754.2562583183,3,119747412.10849,-119747412.10849,1.93643780642966e-08
1.52745081506163e-06,138.151928177789,6.86534811478789e-16,2.66051253215705,-1,74796236246.6989,2.66051253215749,-2.66051253215705,2,4907456122.64889,-4907456122.64889,2.37780274435158e-22
0.00574880958445594,22260.978755178,1.9681604368263e-10,1.30868898987041e-06,1,5005381738.75837,0.0057488268513709,1.30868898987041e-06,3,43090397241.2359,-43090397241.2302,0.00575013468040505
0.164013212010224,53856.7223182329,2.94443292066535e-09,3058740.64475457,-1,1.06770170034485,3058740.64475457,-3058740.64475457,1,3058740.64475457,-3058740.64475457,4.39728956825334e-09
0.169240846565785,1966823.09880254,0,79711210643.8239,1,14.9021138207725,79711210643.8239,79711210643.8239,3,79711210655.9428,79711210631.6777,159422421287.62
1.77738416193576e-05,0.000109491569892576,1.47059674823272e-08,0.0807143144201464,-1,1101.57446228171,0.0807144074759344,-0.0807143144201464,2,0.225840048431146,-0.225840015173364,3.3257781643846e-08
0.275289968296963,2.152420433524,2.21739810862475e-05,246.516436395079,1,8702.62287489583,246.516590150987,246.516436395079,3,246.521211676216,246.511814869821,493.033026546037
7.26007932361581e-06,252.087638213604,4.38023965667448e-14,4.30418427521033,1,145954.039680282,4.30418427521646,4.30418427521033,3,3695.37396170494,-3686.76559324114,8.60836846379246
2.49979025883321e-06,0.606841233738482,3.05046704649477e-08,815.596524491302,1,1.00032725214522,815.596524491321,815.596524491302,3,815.596530121552,815.596304362644,1631.1928344842
0.0262891698181177,11.5619954727001,0,203865.216679832,1,1.20258643960681,203865.216679834,203865.216679832,3,203865.216796914,203865.216469051,407730.433265966
7.37578114955464e-06,8.34473391845147e-05,0,1722.93395039918,-1,1.00010757145416,1722.93395039918,-1722.93395039918,1,1722.93395039918,-1722.93395039918,1.57876474468221e-14
0.0497960973022554,207174.911025524,1.03616562657996e-08,932.967242504803,1,1.00000205744279,932.967243833714,932.967242504803,2,936.760013516375,-936.760012192844,1.32353091195451e-06
0.00705374041345599,287.651854308784,2.34319129535456e-07,54.3839954941534,1,1.00440094070962,54.3839959537516,54.3839954941534,2,65.6040778111264,-65.604077430132,3.80994404334392e-07
0.000593656549160132,1623.29395251456,0.000108177144867474,9582.58617514901,-1,842846.625643381,9582.58617515468,-9582.58617514901,1,9582.58617515468,-9582.58617514901,5.66285400319474e-09
2.83400824562771e-05,0.000161076982134334,3.87033458475043e-14,2.91706252330218e-07,-1,107592195584.539,2.8342266485094e-05,-2.91706252330218e-07,3,0.000476508607749623,-0.000448458047516859,2.80505602327638e-05
0.000225896424523636,1114.17831596352,0,3.32404844770793,-1,1.01741305005087,3.32404845538369,-3.32404844770793,1,3.32404845538369,-3.32404844770793,7.67575974845255e-09
0.00078351311228671,54.4747285851509,2.29680252951162e-07,4.1338791903013e-07,1,2698112827.27317,0.000918462422185002,4.1338791903013e-07,3,1614742.72324248,-1614742.7223236,0.000918875809993127
5.74838533706371e-06,1.01064671879313,0,6.51648357765793e-07,1,21.7577774958484,5.78520350251812e-06,6.51648357765793e-07,2,0.00608798549388864,-0.00608798278002365,2.71386498716226e-09
0.00150305082575706,682.91592585155,0.000726787745009524,594.223541842899,1,8372.19509094911,594.223542456344,594.223541842899,3,790.435122604344,398.011960295261,1188.4470828996
6.67329672748883e-06,4.96833388635532e-05,0,5755.1098723374,1,1.0001113005357,5755.1098723374,5755.1098723374,3,5755.1098723374,5755.1098723374,11510.2197446748
0.0011280159105212,22.8077062488338,0.00224944479473586,72160.2986112859,-1,5219979157609.2,72160.2986113015,-72160.2986112859,3,16677943463.776,-16677943463.776,1.55952595386755e-08
0.00128316575784077,823.915505208518,1.40840495283334e-12,0.107771173565864,-1,1.17311595386155,0.107778812238464,-0.107771173565864,1,0.107778812238464,-0.107771173565864,7.63867260002831e-06
4.06759218603365e-06,15.8724826709898,2.26297842460419e-13,2.09544728231734e-07,1,152273637377.885,4.10067226530872e-06,2.09544728231734e-07,3,29225408.6691334,-29225408.6691291,4.31021699291025e-06
0.00141781669463875,60264.658260225,0.00067934534974012,0.00015745927291904,1,1.00003420313293,0.0261032631550606,0.00015745927291904,2,0.0261094392118569,-0.000589289434771122,0.0255201497770857
0.0126150420515486,6.14942550646131,0,2128881126.86158,-1,1.00001412096036,2128881126.86158,-2128881126.86158,1,2128881126.86158,-2128881126.86158,3.73762733753349e-14
2.16405547183332e-06,30.2254181907111,1.39011604833387e-10,1.8035311764421e-06,1,1.01682095774911,1.21221889781903e-05,1.8035311764421e-06,2,1.36202256005615e-05,-6.46651409119558e-06,7.15371150936588e-06
6.0586036050074e-06,6.00402296745994e-05,0,129.57117429148,-1,1.00016233387725,129.571174291481,-129.57117429148,1,129.571174291481,-129.57117429148,1.41646773841974e-13
0.000126465233545199,1339.74749329886,0,0.86884250427994,-1,1.00001524325472,0.868842513483826,-0.86884250427994,1,0.868842513483826,-0.86884250427994,9.20388628096923e-09
0.0012269120820316,0.00137232664044274,7.36076963361402e-13,15.0592974897414,-1,462.870133662496,15.0592975397209,-15.0592974897414,1,15.0592975397209,-15.0592974897414,4.997955554167e-08
2.44814171583736e-05,0.0187835926986785,1.41747873418501e-09,0.00406410426120552,-1,1.00022237893139,0.00406435237946578,-0.00406410426120552,1,0.00406435237946578,-0.00406410426120552,2.48118260258169e-07
6.73231612474013e-06,0.0466138197757993,2.64303359401669e-14,0.000398400882876347,1,33829429167153.6,0.000398457794486934,0.000398400882876347,3,1.36378208558928,-1.36298522691192,0.000796858677363281
3.91169078576989e-06,5.03884424728216e-06,0,2.46288298708142,1,46193204.6431054,2.46288298708452,2.46288298708142,3,2.46288298708555,2.46288298708039,4.92576597416594
0.368956598731216,261.521296595009,4.09405583297845e-06,321585522.595259,1,325982791.239527,321585522.595259,321585522.595259,3,321585522.595312,321585522.595205,643171045.190517
0.115397594343309,1417.43614207539,5.20389218601874e-10,3556458.03160404,1,1.00001282916854,3556458.03160405,3556458.03160404,3,3556458.0330276,3556457.75056605,7112915.78359366
0.000485459347663411,381187.385197954,8.69388910825498e-05,32045.5735897535,-1,78055740768.6664,32045.5735897548,-32045.5735897535,2,16574156032911.5,-16574156032911.5,2.62983411305167e-18
7.80677011211645e-06,0.00017855284542529,1.63736407748351e-18,3.49470828717988e-09,1,35474.2700911454,7.80677099918941e-06,3.49470828717988e-09,3,0.00204488063245127,-0.00203707036755316,7.81026489810148e-06
0.000127572107609012,8.90523662973516,1.77574183995685e-14,8.09284118059905e-07,-1,1.00358338108081,0.000127574744122837,-8.09284118059905e-07,2,0.000129268979261637,-2.08760293667591e-05,0.000108392949894878
0.00340805335196724,3363.63871669173,3.03633627376385e-09,1.56150663409764,-1,4417.22083872175,1.56151035417474,-1.56150663409764,2,145.17109422895,-145.171094188935,4.00143845764761e-08
0.0582111314416984,54927088.5409116,5.82571814524677e-05,6.42350733388098,1,129091887.740969,6.42377562352764,6.42350733388098,3,117449457017097,-117449457017084,12.8437590611515
0.0354412095566266,20.7832277654197,5.11756167973105e-10,5.86317708914814,1,1.56334944450849,5.86328420414346,5.86317708914814,2,44.8270389456438,-44.8270249353492,1.40102945947906e-05
0.000800045491296198,389986.77061438,1.79251020785136e-13,72.3121514226521,1,1490.92002319249,72.3121514270779,72.3121514226521,2,642953953.689826,-642953953.689826,4.97759570278014e-16
0.00366650373790889,0.177545604584841,0.00883969841238992,0.00624081489478681,-1,3562890895885.62,0.094297876076829,-0.00624081489478681,3,0.273210265581842,-0.1851532043998,0.0880570611820423
0.029107573670482,18597811.8245387,1.23542772298965e-11,3.09429154455216,1,1.00058270068989,3.09442844699054,3.09429154455216,2,3.31306264589564,-3.31293477822484,0.000127867670798148
0.00195708859616404,1897.77425862161,0,2.58640037072565e-05,-1,39801602.5229468,0.00195725949222966,-2.58640037072565e-05,3,932511253.018272,-932511253.016341,0.0019311011663577
2.13525624181716e-06,611.985569000091,0,1.05982267100088e-05,1,580416559.211767,1.08111853473596e-05,1.05982267100088e-05,3,8752078541.87858,-8752078541.87856,2.13964222825619e-05
0.041930432974615,82.1435741945838,0,293.725831198526,1,300646053219.074,293.725834191387,293.725831198526,3,299.46891521476,287.982750175153,587.451665389913
1.72234189908992e-05,0.00364142768218216,3.81120454944271e-08,8.31961628168723e-05,-1,35471310262.4328,0.000212909119493775,-8.31961628168723e-05,3,0.0513246070489029,-0.051194894092226,0.000129712956676903
0.00453324993587625,331785.632405109,0,2.43601210804388e-05,-1,148.209744783023,0.00453331538684671,-2.43601210804388e-05,2,198.084072119077,-198.084072067204,5.18728102768887e-08
0.363001413768699,77261657.2254316,0.0344647977439015,63150075.7060757,1,1.00005017894121,63150075.7060757,63150075.7060757,2,64428090.1281126,-64428090.1281126,1.29008033461356e-09
0.000391484658335795,0.55960907640316,0,0.000523920154152502,1,2.38910233904728,0.000654027954784408,0.000523920154152502,2,0.0122438509283312,-0.0122375906663642,6.26026196698737e-06
2.5457879270296e-05,0.0116746379586857,0,1.02470885703042e-05,-1,11010746.5446852,2.74427848643068e-05,-1.02470885703042e-05,3,3.96312731271729,-3.96311011702101,1.71956962776581e-05
5.44624316632849e-06,0.0803904244551891,0,2813972.01347846,1,188014503.045332,2813972.01347846,2813972.01347846,3,2813972.01347846,2813972.01347846,5627944.02695692
0.000634835663660166,0.690661553054772,7.34996723816825e-14,78866794.334249,1,15770285.7417475,78866794.334249,78866794.334249,3,78866794.334249,78866794.334249,157733588.668498
0.147758659920872,4.92030686287412,2.19893301061059e-09,39943509644.4505,1,334209277745.473,39943509644.4505,39943509644.4505,3,39943509644.4505,39943509644.4505,79887019288.9011
0.000517507584865162,0.0451491180598583,3.34351741896613e-08,25043.0973151446,-1,2553937842.26901,25043.0973151446,-25043.0973151446,2,78461862.8617209,-78461862.8617209,1.91971783230248e-15
0.947294217696107,3299.21934345988,6.71003266731484,0.000359046361718346,-1,11569569276.2347,2.75815139742357,-0.000359046361718346,3,1973473.92517064,-1973471.16737829,2.75779235106185
0.000631337258018855,1.28741645094353,1.61262698904583e-13,250196.456046409,-1,1.00882627081277,250196.456046409,-250196.456046409,1,250196.456046409,-250196.456046409,7.96547842691127e-13
8.38820869397443e-06,0.505264771304737,0,7139152.80241407,1,1.00004101184178,7139152.80241407,7139152.80241407,3,7139152.80241407,7139152.80241405,14278305.6048281
0.000368668933659173,0.120219792973601,0,0.222499600550018,1,1.00538732280561,0.222499905981329,0.222499600550018,3,0.225748693639449,0.191075048233155,0.416823741872604
0.414532186540709,7567.54227569444,0.333287293261358,28378248.4186827,-1,10887.1970786207,28378248.4186827,-28378248.4186827,1,28378248.4186827,-28378248.4186827,8.89984856512554e-09
0.00952393529420486,0.914905871823782,0,1.33842423654157,-1,1.00300713012295,1.33845812123704,-1.33842423654157,1,1.33845812123704,-1.33842423654157,3.38846954647166e-05
0.000253183478038785,860.785554691589,0,0.00197421005650629,-1,1.00000154905539,0.00199037866265753,-0.00197421005650629,1,0.00199037866265753,-0.00197421005650629,1.61686061512418e-05
7.09878434748785e-05,0.000196347485331304,2.23559290832947e-10,63410.0567656762,1,4.02951001642437,63410.0567656762,63410.0567656762,3,63410.0567656762,63410.0567656762,126820.113531352
1.12377305457427e-05,257.739163417171,2.92247845571943e-14,1053.27502755348,-1,1.91664142545941,1053.27502755348,-1053.27502755348,1,1053.27502755348,-1053.27502755348,5.99633568151135e-14
1.16735271003807e-06,1.63038754817713e-06,8.05808162429906e-20,8.94175577848652e-10,-1,2747349644664.72,1.16735308701523e-06,-8.94175577848652e-10,3,1.72264534588336e-06,-5.5618643444597e-07,1.16645891143739e-06
0.000291020541994489,65301.8929151392,3.47530281444122e-06,0.0237712601780983,1,705486291.358292,0.0238460228596961,0.0237712601780983,3,44777242365.5898,-44777242365.5422,0.0476172380546107
1.42492398341251e-05,0.000138631582633383,0,14.9673830155416,-1,1.00001519423477,14.9673830155484,-14.9673830155416,1,14.9673830155484,-14.9673830155416,6.78277677665963e-12
0.416910618412573,145757.986846197,1.19664869987838,10.2081956364334,-1,1073685211.24718,10.2751020099715,-10.2081956364334,3,158769721580.787,-158769721580.721,0.0669063046755007
2.781558176113e-06,0.00199828644250058,5.75321705895291e-14,46361.4200233959,-1,77483.4605963115,46361.4200233959,-46361.4200233959,1,46361.4200233959,-46361.4200233959,8.4063409336439e-17
0.000125794466590083,102080.859632592,0,266326.9245216,-1,39.3200921207141,266326.9245216,-266326.9245216,1,266326.9245216,-266326.9245216,2.97083140450565e-14
3.62812663961725e-05,0.019514384234985,4.12470316411819e-10,3.30599892914885e-08,1,300301440.644835,4.15788612240011e-05,3.30599892914885e-08,3,4.57577209835145,-4.57573048643024,4.16119212132673e-05
0.00444791199285585,110.259389272843,0.0017464912229042,2209356.56684664,1,14449196684886.4,2209356.56684664,2209356.56684664,3,2209356.56822229,2209356.565471,4418713.13369329
2.39761502249349e-05,21.1126900153095,0,0.000319825264719776,1,2081143183255.94,0.000320722708476783,0.000319825264719776,3,347940.902746459,-347940.902105911,0.000640547973196558
0.0793184611044531,1378236.10176576,0.108442743013052,0.028917280776056,1,34642049425922.2,0.339956424284808,0.028917280776056,3,2574776578202.17,-2574776578201.8,0.368873705060862
0.0556379887984389,174.909118060608,0.0356797441038725,5491079467.76434,-1,3.10833049789464,5491079467.76434,-5491079467.76434,1,5491079467.76434,-5491079467.76434,3.53075657792245e-12
0.000121351354269437,0.318029174008868,3.43172813141465e-10,0.000437666110203654,1,2211186879886.14,0.000454555769974339,0.000437666110203654,3,56.6806049990846,-56.6797127772045,0.000892221880177993
1.02470132534493e-05,2.79646544237203,2.38893293714096e-12,1.54184858349783,1,1187997634695.05,1.54184858353265,1.54184858349783,3,2.80984257689333,0.273854590137152,3.08369716703048
0.00998822510725739,8.97316722524285,2.21089803434523e-06,61630681.2666783,-1,1.02409144919876,61630681.2666783,-61630681.2666783,1,61630681.2666783,-61630681.2666783,8.27311468344315e-13
0.0124031199857663,1.42557050429745,0,15.2360953092339,-1,1818173352068.42,15.2361003576849,-15.2360953092339,3,201274.735557009,-201274.73555196,5.04845095715643e-06
0.0017667108869405,39.3857629613734,0,0.00739677224694108,1,9478.52792745918,0.00760483445126532,0.00739677224694108,3,52734.0645022294,-52734.0497941033,0.0147081260947835
1.16032316449583e-06,8.09659722117092,7.53385177603296e-16,4.04879845263297e-07,1,802665.748405664,1.22923997671067e-06,4.04879845263297e-07,2,2105636.28432949,-2105636.28432949,3.1988032341307e-19
2.2851991193368e-05,0.00147392301347003,6.60172738685135e-09,6976005.71605956,-1,28103.1297930064,6976005.71605956,-6976005.71605956,1,6976005.71605956,-6976005.71605956,5.10603142995783e-16
0.117283632945295,602852.455638318,7.29547940730001e-05,12075192.5653357,-1,2.69574889407265,12075192.5653357,-12075192.5653357,1,12075192.5653357,-12075192.5653357,5.72595645001012e-10
0.00100700915564072,142.903425921818,2.10361114324817e-13,0.0420954244957034,-1,18562760705285.6,0.0421074676408279,-0.0420954244957034,3,847842857.037419,-847842857.037407,1.20431451245283e-05
0.000132912897368803,0.000928887541117177,3.73101893095968e-06,1584433.32253212,1,93.4484979860607,1584433.32253212,1584433.32253212,3,1584433.32253212,1584433.32253212,3168866.64506424
0.0389363716563402,2153.82757984494,0.00011723395890527,8.76294172817543,-1,26644180732.0859,8.7630349198434,-8.76294172817543,3,24889425296.2348,-24889425296.2347,9.31916504419994e-05
0.142501083146903,0.517137734761316,0.889793684868733,13281.5511236241,1,191082612.099202,13281.5511578859,13281.5511236241,3,13281.5511625376,13281.5511189725,26563.1022815101
1.12530352267867e-05,579.253526748211,0,0.214919547617039,-1,46184.5941375425,0.214919547911639,-0.214919547617039,2,1.25677548772357,-1.25677548767319,5.03792455592884e-11
0.190683329610587,2.57570990409489,0,9.47425138852829e-05,-1,1.00373604125195,0.190683353147367,-9.47425138852829e-05,2,0.193521823902138,-0.0330236905119683,0.160498133390169
0.0757482929427988,357.686505744766,0,0.301334072400675,1,2336834909.01258,0.310708910514847,0.301334072400675,3,104518.8120441,-104518.200001117,0.612042982915512
7.92947854524832e-05,27.746513800523,2.78379659791606e-05,86652.5233931088,1,15707574600.6559,86652.5233931089,86652.5233931088,3,86652.5256142475,86652.5211719703,173305.046786218
0.000163718482948381,0.311256212498867,2.89683313888817e-06,433621.123433952,-1,514912376.706276,433621.123433952,-433621.123433952,2,1787638.35095886,-1787638.35095886,8.17737233870287e-13
1.09323464172239e-05,12.0463813632598,0,0.00967509664633443,-1,1.00000163260814,0.00967510282281847,-0.00967509664633443,1,0.00967510282281847,-0.00967509664633443,6.17648403969757e-09
0.00153743701869026,105397.729629836,4.22448197626129e-05,6.07763051102847,-1,1.00294792382967,6.07763418092242,-6.07763051102847,1,6.07763418092242,-6.07763051102847,3.66989394962262e-06
5.10584787487926e-06,0.486307877444973,0,1.45136339650415e-08,-1,1.00011394794236,5.10586850271136e-06,-1.45136339650415e-08,2,5.1077575836766e-06,-1.39660345827977e-07,4.96809723784863e-06
0.0169173904772783,4154.70182811096,0.0133896744710672,0.000218528364498251,-1,54881340909.4567,0.116944090600055,-0.000218528364498251,3,73940733.1904318,-73940733.0737062,0.116725562235545
0.000355694043814732,105.904079775642,3.03950771266371e-14,3.84485256334205e-07,-1,4386988672394.91,0.000355694294344548,-3.84485256334205e-07,3,15782950.2962965,-15782950.2959412,0.000355309809088213
7.0003930937596e-06,4.13171729724546e-05,2.46285053758633e-07,69.2440512095264,1,1.00611867069255,69.2440512113051,69.2440512095264,3,69.2440512113064,69.2440512095156,138.488102420822
0.0616893633188861,92916.3276099943,2.7126651535048e-08,0.641289917088887,1,1.05400010624008,0.644250232776995,0.641289917088887,2,1.23738357519725,-1.23584485575439,0.00153871944286066
1.13969160261566e-05,0.426685472005511,0,1.44401444838748e-08,1,1.00086490385899,1.13969251741441e-05,1.44401444838748e-08,2,1.14375736612035e-05,-9.63533262628057e-07,1.04740403985755e-05
6.05241866749812e-05,0.00550467455378271,2.386620335016e-11,1.185764941631e-06,1,704569.731463263,6.07326058597434e-05,1.185764941631e-06,3,0.244719777202337,-0.244657858831782,6.19183705549502e-05
0.0129722115872049,1.93950659601358,7.96381853568185e-08,1.66024057379017e-06,1,1.00290222537584,0.0129752808988849,1.66024057379017e-06,2,0.0131263821316511,-0.00198594970166898,0.0111404324299821
0.130259054216949,21779.5229938217,3.75742792118739,7.83216582953611e-05,-1,15976523903756.3,1.94278031401576,-7.83216582953611e-05,3,122084506.84562,-122084504.902918,1.94270199235746
0.0468955653836014,284.48349992709,1.39003006903983,2332294.93758004,1,1.00214082028065,2332294.93758034,2332294.93758004,3,2332294.9386443,2332294.92129395,4664589.85993825
4.06219804779985e-05,286.037682915897,0,0.026344824794139,-1,1455926910314.96,0.0263448561123264,-0.026344824794139,3,1306243558866.76,-1306243558866.76,3.13178792318319e-08
1.80651354537864e-05,0.000205463718950778,7.21803864965157e-18,16.7204854661485,1,166.167941169548,16.7204854661582,16.7204854661485,3,16.7204854667845,16.7204854655222,33.4409709323067
2.09682681618129e-06,1476.5838849219,0,43.5595388829475,1,1.94861932165515,43.5595388829475,43.5595388829475,2,571.161569337735,-571.161569337735,3.84889577055661e-15
0.00520305545381664,3.62481361172653,0,1690.91860735807,1,6089547069.22942,1690.91860736608,1690.91860735807,3,1690.9205499857,1690.91666473845,3381.83721472415
0.0303916204643965,583122.700225816,4.10193006102381e-08,0.144313385360511,-1,1.0000982346942,0.147478963950673,-0.144313385360511,1,0.147478963950673,-0.144313385360511,0.00316557859016193
1.09522570323164e-06,1.80352973251981e-06,5.66238301263211e-19,0.00218015521319328,-1,49872440826088.5,0.00218015548829292,-0.00218015521319328,3,0.00591189455917075,-0.00591189428407111,2.75099640685856e-10
0.000695707910119547,989.175931684866,2.00171525839279e-05,115.053554499188,-1,370.182138009945,115.053554588282,-115.053554499188,1,115.053554588282,-115.053554499188,8.90939969713749e-08
0.00041512627086288,412.409397142202,2.12113458155301e-15,0.0188994804567433,-1,9292270.85579919,0.0189040390223281,-0.0188994804567433,2,787230521.753271,-787230521.753271,1.09453214858752e-16
4.81109519522239e-05,1741.97855689473,1.06744207066031e-16,677839.475084202,1,9.39456081262215,677839.475084202,677839.475084202,3,677840.591072886,677838.352718955,1355678.94379184
0.00579939066279053,2777.97846947238,5.88454034792166e-07,2253931.22899677,-1,242.904355375569,2253931.22899677,-2253931.22899677,1,2253931.22899677,-2253931.22899677,7.59148851885915e-12
2.28419143736141e-05,81.1387023330173,1.1218927944462e-10,170.388494142538,1,234389736374.943,170.38849414254,170.388494142538,3,180.048021109746,160.728967175333,340.776988285079
0.0511667197852903,2497.80823440203,5.12546619511601e-11,15987669.006065,1,1423973614.51916,15987669.006065,15987669.006065,3,15987669.1036253,15987668.9085047,31975338.01213
0.00275131066619973,0.0746185484462285,0,2689805.17364633,1,19.1296323073262,2689805.17364633,2689805.17364633,3,2689805.17364633,2689805.17364633,5379610.34729267
0.318115970374981,8.14414867246703,2.51789926198254e-07,539937.427985884,1,1.01836235635985,539937.427985978,539937.427985884,3,539937.427995728,539937.427934307,1079874.85593004
0.00584366470001037,23.8505225597582,0.0046878102326183,350747922.391278,1,2452.72056161123,350747922.391278,350747922.391278,3,350747922.391279,350747922.391278,701495844.782557
0.000287567495017952,300.367151211365,1.08508012219229e-09,8.96266711036869e-06,1,49.6999385018519,0.000289586729175948,8.96266711036869e-06,2,1.47458555622969,-1.47458552782166,2.84080312485641e-08
1.78453972184166e-06,1.00074791851953,0,6.75547627004734e-10,1,3283866.65870263,1.78453984970785e-06,6.75547627004734e-10,3,282571.141773047,-282571.141771275,1.77211372353918e-06
2.06064506695781e-05,4631.64573227534,5.83803716537158e-12,2.06792613484874e-05,1,5.42339133330486,2.92932704948112e-05,2.06792613484874e-05,2,0.00288955015404393,-0.00288947566677571,7.44872682195555e-08
0.000385936134726149,0.000505791227534875,0,0.204932429603715,1,1.0843981657995,0.204932793007809,0.204932429603715,3,0.204932865736735,0.204932241568536,0.409865107305272
0.134640688638663,4764501.00707179,1.36855154292347,35.1059962427804,1,5127401888.24516,35.1257405880086,35.1059962427804,3,161611195142.505,-161611195072.274,70.2317368277154
7.49418849099341e-06,0.000189919782685832,2.21950691264927e-18,0.326867222892825,-1,11.5319638724401,0.326867222978736,-0.326867222892825,1,0.326867222978736,-0.326867222892825,8.5910821607646e-11
1.24432892319226e-05,74.4896079376435,1.04244398983932e-10,3.05316543098168e-08,-1,13615.9341232147,1.60959863964632e-05,-3.05316543098168e-08,2,5956.86695815412,-5956.86695815412,2.17463179648968e-14
0.000438921250948501,1.57231378020457,0,6551966.78661786,1,26812944.5424481,6551966.78661786,6551966.78661786,3,6551966.78661796,6551966.78661777,13103933.5732357
0.0243450227470572,407006.96408754,0.000112345722947684,6552099.19856496,-1,9.14456338334668,6552099.19856496,-6552099.19856496,1,6552099.19856496,-6552099.19856496,5.38015248347302e-11
0.034452020862291,34648.4541228334,5.99462509545778e-07,1.81971687065366,1,782085904890.274,1.82004313974849,1.81971687065366,3,164916832.829494,-164916829.189734,3.63976001040216
5.40478138897183e-06,65.0507012228902,0,0.00532290023469495,1,3.06845669194586,0.0053229029786553,0.00532290023469495,2,0.189674373028153,-0.189674372951149,7.70047671758223e-11
0.507503100190292,1697147.95887779,0.482062731954072,0.178626650866485,-1,80831663.6248504,0.878367581970445,-0.178626650866485,3,2058590305401.32,-2058590305400.62,0.699583396163545
6.84181591186373e-06,0.0604001368111328,5.37670049514752e-15,29.032108816879,1,1.01884737605128,29.0321088168798,29.032108816879,3,29.0321189130759,29.0320560829999,58.0641749960758
0.000522647670933334,2.43005471727729,1.76299970899286e-11,2.68635204161555e-06,1,1.0000012815193,0.000522671440214997,2.68635204161555e-06,2,0.000522682720911379,-4.35990942503152e-06,0.000518322811486347
0.0052872016609253,335356.653718055,1.15639605421188e-06,0.0730421045287531,-1,1.00629511340508,0.0732411082073913,-0.0730421045287531,1,0.0732411082073913,-0.0730421045287531,0.000199003678638173
0.984206069798884,116658.713153948,0,1338573.14275081,1,104286198551.856,1338573.14275117,1338573.14275081,3,1341114.88942887,1336031.39607311,2677146.28550198
0.000402436371144214,4.83818741302028,2.05336561940431e-05,0.00902399509563189,-1,2516519623104.95,0.0101058447797723,-0.00902399509563189,3,10818.5450764177,-10818.543994568,0.00108184968414042
0.152238110691296,9.8236970363217,8.8859779610355e-10,230231820.546932,1,1.00000210642104,230231820.546932,230231820.546932,3,230231820.546932,230231820.546932,460463641.093864
1.36956655515708e-05,3617.01278342525,1.79889873966182e-12,2.25613279064537e-07,-1,1144349.20826774,1.37630321874155e-05,-2.25613279064537e-07,2,35455450.7310494,-35455450.7310494,2.67053654283836e-18
0.00269244736378051,17.5275109422473,0.010978145652037,371971.558286018,-1,1.00527765623523,371971.558286033,-371971.558286018,1,371971.558286033,-371971.558286018,1.4766444745752e-08
0.000166071209236913,0.367255913640431,6.23597003539962e-16,1490.13710487036,-1,3342311793.25155,1490.13710487037,-1490.13710487036,2,206755180.212955,-206755180.212955,6.66963873229224e-17
1.71796368941371e-06,0.0343181681551591,0,0.00100123845671512,1,397256.183746383,0.00100123993058833,0.00100123845671512,3,0.295070996335407,-0.293068517949036,0.00200247838637175
0.00709767108660433,205084.609083882,3.36369218421869e-08,0.00532462703234465,-1,8510046955.81798,0.00887480843787834,-0.00532462703234465,3,5923666512330.2,-5923666512330.2,0.00355014050804016
3.60595014512109e-05,163.036787593974,1.28779280691657e-05,776411.220228966,-1,76.4390396415704,776411.220228966,-776411.220228966,1,776411.220228966,-776411.220228966,8.29407665760708e-12
2.98713436578725e-05,12961.275197515,3.10481159136625e-11,1.06306220424642e-05,-1,19.9990075731158,3.21924744754128e-05,-1.06306220424642e-05,2,0.0172262149045548,-0.0172261881039485,2.68006062628633e-08
0.032670290784681,7.9468983144124,2.82641897763077e-07,3.73193685245746e-06,-1,242700667.183928,0.0326746163830691,-3.73193685245746e-06,3,966.522051047082,-966.489380162636,0.0326708844462084
0.0378962945251967,0.159767402857752,0,0.0391675343170593,1,2.93345848664304,0.0544997695703245,0.0391675343170593,3,0.192837149846832,-0.107983995782423,0.084853154064409
5.32315186608263e-06,0.000365762609142176,1.49995947145311e-13,61.5307844355674,1,91964550250.0694,61.5307844355676,61.5307844355674,3,61.530784436111,61.5307844350239,123.061568871135
0.0923654916397514,171634.853179475,60.8748390404354,0.000125921887551709,1,106901124.279389,7.8027796611424,0.000125921887551709,3,1887663700.78691,-1887663692.984,7.80290550043946
7.42545650598679e-06,0.00317282224401868,0,2.30185790401989e-06,1,3757603734388.79,7.77405647860886e-06,2.30185790401989e-06,3,0.49955280155745,-0.499542725643067,1.00759143826287e-05
0.000336711190315037,116.582570568714,2.29163592527729e-08,175.16585331253,1,12.0396505846038,175.165853312919,175.16585331253,3,194.534032806256,155.730517752409,350.264550558665
1.31658382185231e-06,0.197560651868289,2.79181562155242e-20,9.74926893436071e-10,-1,31778453983.5093,1.31658419342016e-06,-9.74926893436071e-10,3,14833.5118038556,-14833.51180254,1.31560926651938e-06
2.04807642435151e-05,91.8307872026793,3.9001424451341e-12,11.2115219591614,1,2652902730.17127,11.2115219591802,11.2115219591614,3,199.252305114527,-176.829261196185,22.4230439183416
0.172991010050023,4141604.00629119,0.0375578147485501,341.714159454135,1,2982273338.32448,341.714258197036,341.714159454135,3,12549144701.1897,-12549144017.7613,683.428417650466
0.000418995444561928,3359.84859992697,3.95474985168192e-06,0.000115026954902688,-1,1462.55644254356,0.00203556828296173,-0.000115026954902688,2,8216.34793302279,-8216.34793302254,2.51346892068998e-10
0.000261177988981235,63.4249557534641,2.98991562453754e-06,0.0252462694408529,-1,425045062534.102,0.0253067629349668,-0.0252462694408529,3,33249236.75061,-33249236.7505495,6.04934941137957e-05
0.270216426826985,58.5725325059171,4.60612495593161e-06,99.440267546613,-1,142.443275233097,99.4406347086815,-99.440267546613,1,99.4406347086815,-99.440267546613,0.000367162068474352
0.101105742978101,225.733779340317,0.0121612222758135,2.14565742356041e-05,1,212806301052.623,0.149611476830328,2.14565742356041e-05,3,170269.246639476,-170269.097006542,0.149632933404564
0.0050543516479854,0.032352646286903,0,0.0518936236029241,-1,2321561.33219679,0.0521391852757928,-0.0518936236029241,3,2.1313464982018,-2.13110093652912,0.000245561672675862
0.000269810605091475,155.754094672284,5.86770099223572e-10,4.41089350947111e-06,-1,5.42117597213514,0.000270931704864165,-4.41089350947111e-06,2,0.0153991569931751,-0.0153967740636711,2.38292950401761e-06
2.25617279534901e-06,0.185419460969275,5.29623013544676e-17,5.58702193804285e-07,1,1.00066918317328,2.32433147079672e-06,5.58702193804285e-07,2,2.37146814007523e-06,-7.30405705493564e-07,1.64106243458167e-06
1.34864964904853e-06,0.00518663831649472,2.21570463301006e-16,1256.20840120728,-1,2772.67339108113,1256.20840120728,-1256.20840120728,1,1256.20840120728,-1256.20840120728,7.24034899222854e-16
0.0285798085821344,2.49315127974302,0,0.00150061103458002,1,16.7816024344856,0.0286191769984489,0.00150061103458002,2,16.9346796276944,-16.9346555113232,2.41163712024119e-05
6.4913273303139e-06,894.45827758498,4.05254324563957e-15,3.32731012176633e-09,-1,44273376708845,6.49164032610545e-06,-3.32731012176633e-09,3,61653592264.3779,-61653592264.3779,6.48831301596796e-06
0.307685437409955,618366.493956895,0.00285873796585482,4.28285316055338e-05,-1,251973.253104211,0.312296442814024,-4.28285316055338e-05,2,39650288859.8394,-39650288859.8394,1.22986577354792e-12
0.0434895421778967,5.47316882639348,2.52024759801248e-09,7.85179794357053e-05,1,487470440227.239,0.0434896420330606,7.85179794357053e-05,3,343.800095995562,-343.75652783555,0.0435681600124963
2.43764905644989e-05,2.48353099619589,0,13.2815332514225,1,38237966456.1272,13.2815332514449,13.2815332514225,3,13.3976329157627,13.1654335871046,26.5630665028674
0.00128810045487661,176.10643277711,0,6892618.72117584,-1,19088128.7420299,6892618.72117584,-6892618.72117584,1,6892618.72117584,-6892618.72117584,1.20360841718681e-13
0.558058313946808,103958781.076094,0.000300411994866461,10448485.1477454,-1,324538568558.705,10448485.1477454,-10448485.1477454,2,3142369111312887,-3142369111312887,4.96010307378848e-17
9.2305290301004e-06,2.78836382750333,5.21766418480299e-18,0.000803779335581516,1,28369514.8332875,0.000803832335116755,0.000803779335581516,3,2418.17584679291,-2418.17423918124,0.00160761166919598
0.00209390774746122,0.00498585209009487,3.63882401945266e-06,8.99085476589505e-06,1,11158306140.822,0.00283255264907825,8.99085476589505e-06,3,0.00643521989343452,-0.00359367638959038,0.00284154350384414
0.00419299599202898,873.242139025972,0,888279529.518834,-1,147205.311332696,888279529.518834,-888279529.518834,1,888279529.518834,-888279529.518834,9.89621780358628e-15
1.60229327441073e-05,2.51481988551032e-05,0,0.0330035863342639,-1,7522633.98606323,0.0330035902237557,-0.0330035863342639,3,0.0813000795935606,-0.0813000757040692,3.88949139992015e-09
0.0209704685238017,16.5111628541832,1.37057370852733e-06,673687001.040322,1,981550.698927842,673687001.040322,673687001.040322,3,673687001.040322,673687001.040322,1347374002.08064
0.00103645882937485,2764.34084585901,4.92640485209057e-06,5.06801457763052,-1,1.00923811827412,5.06801516964257,-5.06801457763052,1,5.06801516964257,-5.06801457763052,5.9201205074344e-07
0.595005092965593,295.744091057444,0.000484220948757824,31566179144.1972,-1,1.00008254109864,31566179144.1972,-31566179144.1972,1,31566179144.1972,-31566179144.1972,5.61542909555656e-12
1.10786773660157e-06,12.3201455184589,1.82965446758669e-10,0.0459872079531711,1,10022715.0973153,0.0459872099558238,0.0459872079531711,3,825.199269250653,-825.107294832748,0.0919744179048879
0.0267180811047697,3103434.83205701,2.46501193473046e-08,52153118.9425729,-1,5018551.24960034,52153118.9425729,-52153118.9425729,1,52153118.9425729,-52153118.9425729,6.84408260248512e-12
0.00088088813072938,0.712379032880361,4.55225082842711e-07,6189.01514997296,1,62118242302.1012,6189.01514997306,6189.01514997296,3,6189.0151704724,6189.01512947361,12378.030299946
0.921085818139359,58.3404716366339,22.6050398899659,13.0595127297881,1,73.5956089086137,13.9285430578306,13.0595127297881,3,76.9813312683289,-49.999096923538,26.982234344791
0.000322194640800828,19.4758718301577,0,43865.8382705352,-1,50215738.3998898,43865.8382705352,-43865.8382705352,1,43865.8382705352,-43865.8382705352,1.18326003393059e-12
0.000219723808562765,0.0766685109414499,0,4113513.04131561,-1,24.5989872210812,4113513.04131561,-4113513.04131561,1,4113513.04131561,-4113513.04131561,5.86828722364836e-15
0.00177143498111521,3.2657137100359,5.845495210271e-05,15424.434729431,-1,32090674.6647762,15424.434729433,-15424.434729431,2,4112248.30778589,-4112248.30778589,7.48896095092462e-12
0.00116836670173597,16105.0291556197,5.04128060633141e-06,0.02310225700521,1,4.77409425634369,0.0232404956937418,0.02310225700521,2,2.06588393922217,-2.06588238870821,1.55051395640415e-06
0.0250236524100654,3401336.21309853,1.24144001994431,7.07352058180208e-06,-1,1978.69580715587,1.11448023902368,-7.07352058180208e-06,2,8726852.24847545,-8726852.24847538,7.11634715335784e-08
0.24434020000069,5950239.00018207,0.0587620165501538,4.64416714570518e-05,1,1.00000219057479,0.344186217102544,4.64416714570518e-05,2,0.344189427384927,-0.00148729184517994,0.342702135539747
0.000661294867579288,0.44675039621698,2.64230731324482e-13,12.3972397279095,1,846556.529953992,12.397239745547,12.3972397279095,3,12.4012645422648,12.3932149311917,24.7944794734565
1.82414763735399e-05,10033.1876216397,0,2048349.34581969,-1,1.00210244637816,2048349.34581969,-2048349.34581969,1,2048349.34581969,-2048349.34581969,8.12242943239887e-17
0.286070814581018,64708.8657803655,9.9934212783732e-08,63182.9100257761,-1,6318250991752.81,63182.9100264237,-63182.9100257761,3,3233007557004244,-3233007557004244,6.47576171220168e-07
0.0154544616426742,231.407663266344,0,2913844337.85086,-1,28355.9657827904,2913844337.85086,-2913844337.85086,1,2913844337.85086,-2913844337.85086,4.09837240724132e-14
2.65722704590916e-06,10.2128499621611,5.09664349134209e-19,5.31694792188338e-06,1,1.00035885342699,5.94397100322633e-06,5.31694792188338e-06,2,6.23751500469507e-06,-5.64320275646912e-06,5.94312248225951e-07
0.000703059185005949,6193.02919522902,0,96707.0029347408,1,587673698.912022,96707.0029347408,96707.0029347408,3,96806.15193494,96607.8539345416,193414.005869482
0.000210338822386713,0.10003376515395,1.03352259102696e-15,38.647288933694,-1,745175.79778933,38.6472889342664,-38.647288933694,2,635.678224639316,-635.678224639281,3.47993839663584e-11
0.00138816346369081,724.772220420473,5.3940265236321e-09,0.00494665356402431,-1,1.00429832823916,0.00513826559365357,-0.00494665356402431,1,0.00513826559365357,-0.00494665356402431,0.000191612029629264
2.47058703158234e-06,0.00220388503668175,0,11900.65292983,-1,133929300.130327,11900.65292983,-11900.65292983,1,11900.65292983,-11900.65292983,2.56448125855479e-16
0.463371353141668,8.08075990629538,0,338764659.174924,-1,14391973107.809,338764659.174924,-338764659.174924,2,131280717750.735,-131280717750.735,8.17762938042509e-13
0.00238696911034985,0.174449619581236,0,3769662.55189291,1,69406182987.2844,3769662.55189291,3769662.55189291,3,3769662.55189292,3769662.55189291,7539325.10378583
0.137244888580972,606.217793885417,0,586.331198949669,1,1.00000115396976,586.331215012399,586.331198949669,2,588.115421496084,-588.115405482085,1.60139991314417e-05
0.024979763854017,362419.146204818,1.37437372530045e-05,15.8764360790143,1,8.57037415651795,15.8764561632427,15.8764360790143,2,4632.77596456133,-4632.7759644925,6.88283163635112e-08
8.05120458154792e-06,0.000534065270541403,1.65667638429429e-07,7.56445189368633e-06,1,38791324.3031166,0.000407172790418385,7.56445189368633e-06,3,0.00075095779717777,-0.000336220554865698,0.000414737242312072
1.43923824467317e-05,1.95308383495799e-05,0,758417.942597628,-1,12751.6328880387,758417.942597628,-758417.942597628,1,758417.942597628,-758417.942597628,1.36561031100822e-16
1.82180971283728e-05,0.18048496498166,1.71570242413824e-13,5.01718911845842e-07,-1,418377.346056194,1.82297107790481e-05,-5.01718911845842e-07,3,918.875832354457,-918.87581462909,1.77253671017356e-05
0.000383625341489602,2.68922509213119,3.27592291494882e-15,0.000785416795829696,1,31213894012.8501,0.000874098363503972,0.000785416795829696,3,2178.92988487143,-2178.92822535627,0.00165951515933367
0.0331211640317839,226038.552309342,0,0.014148269279834,-1,83155326326251.1,0.036016454995391,-0.014148269279834,3,1168213673385.72,-1168213673385.7,0.0218681857155569
0.00403782338649797,786461.391728186,3.24233268744078e-08,18275406.9956856,1,619435.793814482,18275406.9956856,18275406.9956856,3,18283868.1139637,18266945.8774076,36550813.9913713
0.0253950315336003,0.474474236353573,0,11361186475.5792,1,1274042.11373551,11361186475.5792,11361186475.5792,3,11361186475.5792,11361186475.5792,22722372951.1583
0.000423678743405029,20318.7245950984,1.25024657936391e-09,0.478935879198657,1,349.208810886251,0.478936067902299,0.478935879198657,2,233617.867384901,-233617.867384901,3.86858090556115e-13
0.0340598746664653,50.1705258978346,0,14626647.5313527,-1,94492.9755325851,14626647.5313527,-14626647.5313527,1,14626647.5313527,-14626647.5313527,3.96562185493519e-11
0.000147281519741871,0.00908030813285945,1.00797361566567e-08,41894.7069533661,1,21.7581821320985,41894.7069533661,41894.7069533661,3,41894.7069533666,41894.7069533656,83789.4139067321
0.0938945817217406,153581.250730332,17.9989760749993,7382.93304008862,1,10.1553608840321,7382.93425964396,7382.93304008862,2,3030863.94392525,-3030863.94392228,2.97073583648943e-06
0.0552609578536898,3197.06289914371,0.0727737150200378,5.17241507965205,1,2.38940001860822,5.17973988195304,5.17241507965205,2,107.60475563281,-107.604403289588,0.000352343222112994
0.0208664582928121,6561713.67480765,2.12380792373583e-07,137241372.300786,-1,2463.39630010478,137241372.300786,-137241372.300786,1,137241372.300786,-137241372.300786,1.58706319812698e-12
0.00289490860137386,0.0656632782951435,0,0.000521860825401815,1,239317472735.091,0.00294157007929395,0.000521860825401815,3,0.624187632014687,-0.620724201109991,0.00346343090469577
9.93065024496689e-05,0.0114523080778071,2.04500816606741e-16,1.57029418160652e-06,-1,4424703472017.32,9.93189179215304e-05,-1.57029418160652e-06,3,0.670929728134279,-0.670831979510539,9.77486237399239e-05
0.0480596375334397,297931.583972403,0,0.0152363854648984,1,1.0000173030032,0.0504170229375017,0.0152363854648984,2,0.0505997780821135,-0.0158306279759689,0.0347691501061446
8.28313237977821e-06,0.00995393501502522,1.90397865968393e-14,93810.1911867118,-1,1475.70583990595,93810.1911867118,-93810.1911867118,1,93810.1911867118,-93810.1911867118,3.65788199231644e-16
1.429704716816e-06,0.18752538592299,0,7.66879826130832,-1,1.0001084363118,7.66879826130846,-7.66879826130832,1,7.66879826130846,-7.66879826130832,1.33270918573961e-13
0.501465889694966,0.846046068920185,1241.46176769072,15436.6248169468,-1,81426.8134828697,15436.6650366073,-15436.6248169468,3,15442.4375785839,-15442.3973589238,0.0402196600420523
6.5482193977985e-06,0.442244820216665,1.42456193316101e-12,1.47307107666928e-05,-1,1.0000180808671,1.61647016337087e-05,-1.47307107666928e-05,1,1.61647016337087e-05,-1.47307107666928e-05,1.4339908670159e-06
0.00054237005319056,18812.9423873634,2.49815725305268e-08,24.795149991631,1,230536281.892306,24.7951499980666,24.795149991631,3,3568533.16618247,-3568483.57588248,49.5902999896641
1.29201358485441e-05,165.291411859503,0,1.91636751148462e-07,1,8310.10365442357,1.29215569878101e-05,1.91636751148462e-07,2,1811.13720463788,-1811.13720463788,4.60842806158936e-14
1.54749377684011e-06,0.00429442769645224,0,0.0300946974103713,1,10973617232.5774,0.030094697450158,0.0300946974103713,3,0.0302478980836587,0.0299414967768706,0.0601893948605293
0.0162538372084147,148.910844563704,0.00817736818152737,0.00611810476285667,-1,128209594202.616,0.0920814129529641,-0.00611810476285667,3,128976.278732175,-128976.192768866,0.0859633081901074
0.190034219150519,177.802575879159,0,59142.6659182018,-1,5.71141461174058,59142.6659185071,-59142.6659182018,1,59142.6659185071,-59142.6659182018,3.05304164830858e-07
6.81837763159308e-05,24943.6628921851,2.15839385105939e-14,0.967649936892888,-1,1.05081828843955,0.967649939295125,-0.967649936892888,1,0.967649939295125,-0.967649936892888,2.40223698344708e-09
0.000124563962154709,647.725574259175,0,26826407.5820738,-1,1.71337659421845,26826407.5820738,-26826407.5820738,1,26826407.5820738,-26826407.5820738,2.89196021125993e-16
2.92752561813417e-05,0.00117891196258253,0,1793963.97837304,1,39059348371418.5,1793963.97837304,1793963.97837304,3,1793963.97837304,1793963.97837304,3587927.95674607
0.000596631287184402,32.162393590987,0,0.204366361412595,-1,17745929912379.7,0.20436723231946,-0.204366361412595,3,593874961.12066,-593874961.120659,8.70906865268054e-07
6.67891043196938e-05,0.677121878007519,1.36853150726126e-13,12943.2210246716,-1,10239072262367.2,12943.2210246716,-12943.2210246716,3,1383260546252.8,-1383260546252.8,1.65729456724045e-13
0.0128192544306141,85717.2708787996,0,0.00074439351343051,-1,1.00001264324206,0.0128408491097613,-0.00074439351343051,1,0.0128408491097613,-0.00074439351343051,0.0120964555963308
1.35173061632313e-05,0.00207911276190445,5.96568369923814e-07,0.000189682655540766,-1,31189.6860927755,0.000795443648100053,-0.000189682655540766,3,0.00436329237558821,-0.00375753138486274,0.000605760990725477
2.97937201911017e-06,102.719085642418,0,0.195688899445013,-1,403640750500.012,0.195688899467694,-0.195688899445013,2,7390490936197.46,-7390490936197.46,6.00545870693118e-25
2.17613254139424e-05,4.10270583118238e-05,0,6132.78208570125,1,1761268.77617713,6132.78208570125,6132.78208570125,3,6132.78208570125,6132.78208570125,12265.5641714025
8.39822090822006e-06,2304.43872783121,0,3.71409600946881e-06,1,991622.010989147,9.18284398162229e-06,3.71409600946881e-06,2,25363488.7865815,-25363488.7865815,1.39038668963747e-18
0.0579607200607339,2.28400380787807,4.48253205394897e-06,0.291620902358631,1,730.028738979235,0.297332605501777,0.291620902358631,3,4.72327473358393,-4.13432537809723,0.588949355486706
0.00210574866164452,0.566847090585216,1.19205275669635e-10,3.28901169660603e-07,-1,7163626628.64786,0.00210577699186532,-3.28901169660603e-07,3,76.306810544454,-76.3047050963633,0.00210544809069566
0.792314225011721,5415021.50854054,0,356065450.029177,1,1534862524.09774,356065450.029177,356065450.029177,3,356086037.857859,356044862.200496,712130900.058355
0.988321582070444,36.3758424574602,0.0358167048525174,31210780.1418041,-1,1.04440757801212,31210780.1418041,-31210780.1418041,1,31210780.1418041,-31210780.1418041,1.6221899129693e-08
0.342350591819826,2.36941591256659,0,247632646311.082,1,5.84603765473906,247632646311.082,247632646311.082,3,247632646311.082,247632646311.082,495265292622.164
0.0509295202589605,175.226783645857,0,13727.6503389542,-1,1.00353995600119,13727.6503390487,-13727.6503389542,1,13727.6503390487,-13727.6503389542,9.44741441453611e-08
0.0322209189699561,35.3268099415275,0.000235715228933308,37266320.4548666,-1,2221.91902225515,37266320.4548666,-37266320.4548666,1,37266320.4548666,-37266320.4548666,1.70918785736388e-11
0.098632476821269,133.417895569111,0,14738302.1535886,-1,338986718.070267,14738302.1535886,-14738302.1535886,2,75850384.5603797,-75850384.5603797,6.412864971142e-11
1.15781842924279e-05,0.335962525182832,0,1.14540727254873e-05,1,49.9413158996948,1.62865015737013e-05,1.14540727254873e-05,2,0.138349734711664,-0.138349734227187,4.84476359942167e-10
0.00424770336458045,487909.108270412,0.000217453893081587,33076574.6262055,1,2131823789.99587,33076574.6262055,33076574.6262055,3,33078373.9003188,33074775.3520921,66153149.2524109
0.00072880729065762,0.414381278763227,0,296322132.521558,1,983408903752.829,296322132.521558,296322132.521558,3,296322132.521558,296322132.521558,592644265.043115
1.1274984633303e-05,0.000232845359404345,1.29104113839213e-16,9099.21130956612,-1,1.00001538236428,9099.21130956612,-9099.21130956612,1,9099.21130956612,-9099.21130956612,6.98551793448759e-15
0.0190924254682239,289.94829626768,0,489951.321989182,-1,54625779.111441,489951.321989182,-489951.321989182,2,2220059.23570904,-2220059.23570904,8.2097068491793e-11
3.00553193994612e-05,0.168217082505271,6.29307622029657e-14,6.40043749310752e-06,-1,261090126.060629,3.07302905139051e-05,-6.40043749310752e-06,3,581.52812142683,-581.528097096977,2.43298530165322e-05
0.00162380424522774,9.15506056344319,0,1.62099754059726e-05,-1,14.3538990098921,0.00162388515299645,-1.62099754059726e-05,2,0.66086517973225,-0.660863184813856,1.99491839438969e-06
8.55094340037696e-06,21.9669626759565,3.95919724469434e-15,6.98874007155813,-1,1.01083217696681,6.98874007156336,-6.98874007155813,1,6.98874007156336,-6.98874007155813,5.23145742186438e-12
2.34589347582342e-05,4.88441319066403e-05,3.12238979535525e-16,3.55944727302015e-05,-1,24976577521.6317,4.26296659753642e-05,-3.55944727302015e-05,3,0.000173075805673389,-0.000166040612428226,7.03519324516273e-06
0.000649497514554784,0.00335949727994019,5.84119797375471e-09,3.10164586280213e-06,-1,2.61822751397671,0.00065398611574991,-3.10164586280213e-06,2,0.00827301392883473,-0.00824712502920301,2.58888996317134e-05
4.75257731045908e-06,23.8377940178968,1.02343322133492e-14,25114.0328743343,1,33263.6627739055,25114.0328743343,25114.0328743343,3,25114.0385309369,25114.0272177316,50228.0657486685
3.74714219032949e-05,0.00609198450406042,3.81702020902089e-08,16.7011950469571,1,1.00027742635812,16.7011950481418,16.7011950469571,3,16.7011950737049,16.7011939614957,33.4023890352006
2.34215662223947e-06,0.000192399584184306,0,2110368.02162687,-1,13309606.581447,2110368.02162687,-2110368.02162687,1,2110368.02162687,-2110368.02162687,1.29970166029888e-18
0.000139500081553859,29291.0279685732,9.85506465113735e-05,108904125.827827,1,1.00956918939509,108904125.827827,108904125.827827,3,108904126.303546,108904122.364465,217808248.668011
2.29713335150341e-06,5.04862440910227e-06,0,1.17170816618122e-09,1,1.00172382126671,2.29713365033237e-06,1.17170816618122e-09,2,2.31312458791685e-06,-2.71521131104387e-07,2.04160345681246e-06
0.16254799685307,24565962.6457596,40.835072032523,5600753906.75845,1,94.8830134425203,5600753906.75845,5600753906.75845,3,5600780843.74638,5600726968.27436,11201507812.0207
0.00763147110544821,0.0121199509385637,0,7121400.74919136,1,1699088.27489593,7121400.74919136,7121400.74919136,3,7121400.74919136,7121400.74919136,14242801.4983827
0.208315295632347,35213225.5471417,16.1138801627223,0.000343266269631168,-1,717885369181.988,4.01961136715335,-0.000343266269631168,3,154253364338577,-154253364338573,4.01926810073406
0.00998851112251895,74713.1748081038,1.71836618614753e-06,0.000172094201700287,1,1.002879967763,0.0100756308509736,0.000172094201700287,2,0.0102180839602334,-0.00170895265807653,0.00850913130215687
0.0175404525718822,1348379.0986393,1.20071397029952e-09,387349649.846601,1,1.00001615420957,387349649.846601,387349649.846601,3,387349663.110867,387347316.223966,774696979.334833
0.00020441853051617,0.374728381035836,0,7.75809679097932e-07,1,1069504.01248482,0.000204420002688212,7.75809679097932e-07,3,342.164643598378,-342.164438402716,0.000205195662798844
0.00194910636049454,22.4906711785817,6.70767065797909e-14,0.000279570679127984,-1,453246.991371895,0.00196905445232606,-0.000279570679127984,3,149731.957982769,-149731.956293649,0.00168911934276056
0.000273490045549625,1.19506977622946,0.000210129177939486,109.702565828965,1,19961586075.4256,109.702566787028,109.702565828965,3,109.705821477742,109.699311138252,219.405132615993
0.483342096113986,26456.625231253,1.49572061593783e-06,45899326041.8253,-1,1307072240.85816,45899326041.8253,-45899326041.8253,1,45899326041.8253,-45899326041.8253,2.54492928048217e-12
0.00134611952083638,5.23714259023095,2.14980872847736e-09,23820681.5367284,1,5510409.81502147,23820681.5367284,23820681.5367284,3,23820681.5367287,23820681.5367281,47641363.0734568
6.24427492638358e-05,12.1408579303552,1.48982130874913e-12,7.34939426208231e-07,-1,1377157761.92263,6.24590016962745e-05,-7.34939426208231e-07,3,1194027.30976841,-1194027.30970668,6.17240619552792e-05
0.0130811400411449,0.013569145296323,0,0.504504122706447,-1,1.00000105515215,0.504673682742203,-0.504504122706447,1,0.504673682742203,-0.504504122706447,0.00016956003575601
0.128976576691364,4.45069621039514,0,99277281.5955363,1,1329.02170975204,99277281.5955363,99277281.5955363,3,99277281.5955364,99277281.5955363,198554563.191073
0.356585403926293,18708.161526066,0,560775974.141152,-1,61239773081944.9,560775974.141152,-560775974.141152,2,850364010837744640,-850364010837744640,7.47639532439828e-20
3.18607219976063e-06,0.0413318212702724,6.14311557716787e-17,26823.1192313804,-1,1.00000553213817,26823.1192313804,-26823.1192313804,1,26823.1192313804,-26823.1192313804,1.89223285436683e-16
4.27173071623076e-05,12090.420316239,2.59356873428436e-06,5.98005566842607e-09,-1,1671086971.71333,0.00161102250221756,-5.98005566842607e-09,3,45368560312.0069,-45368560312.0052,0.00161100839896657
0.000775323785846498,58032.6068341151,0.00019562988465266,4.3626860997489e-05,-1,1.03150536941548,0.0140083159205009,-4.3626860997489e-05,2,0.0157787039037116,-0.00726198907018206,0.00851671483352953
8.76339090795728e-06,7.54920552724074e-05,2.04898446881682e-08,439.845121962652,-1,1.37491255249035,439.845121962676,-439.845121962652,1,439.845121962676,-439.845121962652,2.3379413208679e-11
0.000681696359991238,239492.500873498,3.39082409675404e-05,5.10018424840956,-1,123.10598779632,5.10018761818385,-5.10018424840956,1,5.10018761818385,-5.10018424840956,3.36977429296851e-06
0.000207052245505557,594.482265877605,0,22705.7551331075,1,58217090.4852135,22705.7551331075,22705.7551331075,3,22709.6463179896,22701.8639482254,45411.5102662151
0.0140244241332259,0.193323866420942,4.72526933387262e-08,9.33271469690493,1,19821801.4136566,9.33272523679714,9.33271469690493,3,9.3337211263392,9.33171880736287,18.6654399337021
0.00281927170120497,0.469010198171103,0,0.587162534627717,1,43724238.6293406,0.587169302981151,0.587162534627717,3,0.680823673343557,0.493508164265311,1.17433183760887
1.19380390487552e-06,3.27041040673573e-05,1.13649165534263e-14,346621.033272628,1,7.48699457286352,346621.033272628,346621.033272628,3,346621.033272628,346621.033272628,693242.066545256
1.43705762530046e-05,9.36332284458371e-05,1.41764364204796e-14,5.55287909651047e-05,1,3538.94322808466,5.73582972579045e-05,5.55287909651047e-05,3,9.52752463474015e-05,1.76118403618504e-05,0.000112887086709252
0.0164352630536447,1441529.63002866,0,262324.273412679,-1,1.53333906884588,262324.27341268,-262324.273412679,1,262324.27341268,-262324.273412679,5.14854893389063e-10
0.0179340387159495,0.291288346191865,3.11301069043585e-10,0.000272219609504247,1,83518462150.0143,0.0179361132769071,0.000272219609504247,3,2.33905116015767,-2.32084282727126,0.0182083328864114
0.20376064174042,23.1857460662458,0,0.0350490304054225,-1,521670638097.023,0.206753074112159,-0.0350490304054225,3,1565.50856730337,-1565.33686325966,0.171704043706737
8.61719424442844e-05,3161.29391935886,0,1.26712696462877e-08,1,118817.675138313,8.61719433759163e-05,1.26712696462877e-08,2,2433446.71324285,-2433446.71324285,1.52573788121409e-15
0.000151552325296544,0.000378359110213009,5.36228301084127e-11,0.00270516720462368,-1,1.00718854627503,0.00270941900323749,-0.00270516720462368,1,0.00270941900323749,-0.00270516720462368,4.25179861380242e-06
0.000139264849115532,0.000301804223706474,3.66167981230623e-15,401760.16143751,-1,4495759241568.74,401760.16143751,-401760.16143751,3,1886839.96822219,-1886839.96822219,2.41371273247327e-14
0.0159160372830154,295.074749033462,4.66864595312279e-11,42.7474707270847,-1,1005651.03944906,42.7474736900703,-42.7474707270847,2,5993136.24257129,-5993136.24257129,2.11342007946836e-11
0.000491167749144779,125508.633107388,0,4.6183871742968e-07,-1,1.00577643001574,0.000491167966275234,-4.6183871742968e-07,2,0.000502449535208199,-0.000105876237329188,0.000396573297879011
0.000178870034950121,0.171496188160486,8.38599687331566e-12,96.7126002678055,1,5674807039131.52,96.712600267971,96.7126002678055,3,96.7126762945447,96.7125242412317,193.425200535776
0.00227543385269462,571.967148336471,0.00776314714307477,160993.060537747,-1,577106.493500891,160993.060537771,-160993.060537747,1,160993.060537771,-160993.060537747,2.41262720155282e-08
0.00016398830013036,128215.517052303,2.257329053137e-08,2.10289327877054e-06,1,1.00003668110445,0.000222418244015991,2.10289327877054e-06,2,0.000222486903748083,-5.91347853583187e-06,0.000216573425212251
0.00580566156183444,5698336.40204086,0,13.4587975679036,-1,1.00000295160659,13.4587988200847,-13.4587975679036,1,13.4587988200847,-13.4587975679036,1.25218112660322e-06
1.28326062841007e-06,0.368804796847966,4.40608886869292e-20,0.000130051972193947,1,4047.61620513339,0.000130058303192913,0.000130051972193947,3,270.014718983319,-270.014467113639,0.00025186967978736
8.46259417214092e-06,0.0265007979584922,3.40005225006635e-10,6045.90149541635,1,5968601240886.32,6045.90149541635,6045.90149541635,3,6045.90149544539,6045.90149538731,12091.8029908327
4.74906339383602e-05,1.66972402799746,0,4.72494313526706e-07,-1,1311126621.01287,4.74929843528877e-05,-4.72494313526706e-07,3,29646.4193595222,-29646.4193125018,4.70204900307381e-05
1.83822254688526e-06,0.042533219805351,7.31328234877811e-16,14468.6477895418,-1,599798745952.696,14468.6477895418,-14468.6477895418,2,84037538.5235532,-84037538.5235532,2.01088318356978e-20
1.00197850769049e-06,3.16652291520396e-06,1.10877579384659e-09,8.8023384348903e-10,-1,9.80695495358941,3.33133570141359e-05,-8.8023384348903e-10,3,3.34487882590617e-05,-1.37021094876881e-07,3.33117671641848e-05
0.853912586246174,21.0848023782949,0.90044100090108,0.0413788397920077,-1,77820110500.0611,1.27723134718548,-0.0413788397920077,3,180.845473500491,-179.609620993097,1.23585250739347
0.000549730080598571,0.735732612686763,1.95456008662878e-05,3.65091645084304,1,189388167.55315,3.6509191690368,3.65091645084304,3,3.68798534002085,3.613850279859,7.30183561987985
2.71779278560316e-05,19967.0784170433,0,32742.5028050277,-1,1.00167178350219,32742.5028050277,-32742.5028050277,1,32742.5028050277,-32742.5028050277,1.12795250709155e-14
0.155784997196343,137.760891493014,2.7654701787932e-10,601717154.820388,-1,488.227843231899,601717154.820388,-601717154.820388,1,601717154.820388,-601717154.820388,2.0166423238553e-11
6.09380268918489e-06,0.000660732042010227,2.66189544238317e-14,0.000281323757549914,1,1554100.09602727,0.000281389796567274,0.000281323757549914,3,0.000669268934819645,-0.000106555380702537,0.000562713554117107
0.00259100676096557,0.0203631764642514,7.80206266091123e-08,1900331.55529474,-1,15264995994335.4,1900331.55529474,-1900331.55529474,3,116050478.801061,-116050478.801061,1.78688179758316e-12
0.000356112308857926,116.02792166778,8.45602388809702e-12,1.55726393600969e-06,1,1.00012404533463,0.000356127586147124,1.55726393600969e-06,2,0.000356353365174983,-1.27784321230743e-05,0.000343574933051909
1.25604919517598e-05,0.00438441341344774,0,0.273682022710761,-1,4892038.5074593,0.273682022998989,-0.273682022710761,2,13795.7959366474,-13795.7959366474,5.71789981508538e-15
0.165585586120112,0.238480392095598,0.00986233070232817,14419216.2436913,-1,6.66691327174873,14419216.2436913,-14419216.2436913,1,14419216.2436913,-14419216.2436913,1.29275115939053e-09
1.6199510906278e-05,22.6542919082463,3.31531298326766e-13,0.29473783702743,1,30448150978615.8,0.294737837473175,0.29473783702743,3,435.611209800934,-435.021734126433,0.589475674500605
5.98194833711147e-06,0.0787654963253085,2.08535552836088e-12,1.00006414790237e-07,1,446171736517.078,6.15459687706927e-06,1.00006414790237e-07,3,495.954992113747,-495.954985859144,6.25460329185951e-06
0.000221243203492887,149.144832192712,0,1.19394335906119e-05,-1,205027069.526738,0.000221565126241157,-1.19394335906119e-05,3,53057064.8475088,-53057064.8472992,0.000209625061561245
0.00273704311922543,0.0355464880197631,2.53115424874126e-05,9.94861142989527e-07,1,942866041.81106,0.00572738583593428,9.94861142989527e-07,3,0.115362330851332,-0.109633950154255,0.00572838069707727
0.000733223968875159,9606.90412641849,9.80884982913372e-15,11281.9685696574,1,1.2681786429859,11281.9685696574,11281.9685696574,3,12913.3979043016,8629.20845388643,21542.6063581881
0.00364373734883594,20.1406736196582,2.58215368134391e-12,13920664.687846,-1,11713075644858.5,13920664.687846,-13920664.687846,2,130850725943829,-130850725943829,5.07327122325444e-20
0.000574495016015759,20.5465975711443,7.49248901639145e-08,0.000194733786874032,-1,161.779466630392,0.000665500309046632,-0.000194733786874032,2,24.6418930591851,-24.641893050968,8.21709218292855e-09
0.000436569367612361,28.4909299492384,9.36200769235537e-05,2.03154353699616e-06,1,332714718.09525,0.00968559104357913,2.03154353699616e-06,3,41895.3809130592,-41895.3712254366,0.0096876225869269
0.00169846915108509,698.047302149606,0.000451565721120124,11169.5818096454,1,1.00047932901127,11169.5818096658,11169.5818096454,3,11170.2372597942,11148.4048367291,22318.6420965232
0.000186033129376672,0.022584747922772,0,15.6440093403948,1,87971.9579088272,15.6440093415009,15.6440093403948,3,15.6440174921645,15.6440011897312,31.2880186818957
0.000627554032596769,295.046394466346,1.58389127062611e-13,4937417.60017713,1,1.00062759589177,4937417.60017713,4937417.60017713,3,4937417.60047863,4937417.59166305,9874835.19214167
7.36809572666736e-06,9.40718910145786e-06,4.21851306665139e-15,26.0469680827417,-1,1.00381087579911,26.0469680827427,-26.0469680827417,1,26.0469680827427,-26.0469680827417,1.04221445232954e-12
0.491806698050647,9314.61802205932,4.59775253509877,0.0303039922386577,-1,23610928.1785887,2.20012379090174,-0.0303039922386577,3,19992931.8953613,-19992929.7255415,2.16981978073143
0.00174136276759923,585.239512956376,2.41062205824856e-13,14259520.2426031,1,1.55566034114894,14259520.2426031,14259520.2426031,3,14259520.2478123,14259520.2358026,28519040.483615
2.31405220608422e-05,244.623528866161,0,17.9486244875143,-1,32626648121827.5,17.9486244875292,-17.9486244875143,3,2151529611033743,-2151529611033743,1.39065413201964e-11
0.000127701900446561,196.504364279889,0,0.0651892903752912,-1,1.21635025719981,0.0651894154553437,-0.0651892903752912,1,0.0651894154553437,-0.0651892903752912,1.25080052557414e-07
0.2053977530274,0.967636977318267,0,1234.29095877438,-1,28.5382482702573,1234.29097586445,-1234.29095877438,1,1234.29097586445,-1234.29095877438,1.70900695483203e-05
0.129988221186284,8406732.0339992,0,121.436316907554,1,7429659.23034605,121.436386478722,121.436316907554,3,145494998118.095,-145494997875.224,242.871385492892
8.7335071755483e-06,5.88662984962334e-05,0,1.17233647795334e-08,-1,2969142668393.16,8.7335150439348e-06,-1.17233647795334e-08,3,0.000203015095923801,-0.000194293304244646,8.72179167915527e-06
1.01569905196183e-05,0.00225672796505725,3.60643104771237e-15,7.75992768399707,-1,10.6509055635061,7.75992768400372,-7.75992768399707,1,7.75992768400372,-7.75992768399707,6.64748867823718e-12
0.000344951811895679,0.00310125204967679,0,907.133575843902,1,1.09034641978487,907.133575843968,907.133575843902,3,907.13357584546,907.133575840159,1814.26715168562
0.0206779080527982,1566640.95836178,0,657906.082492052,1,640.341183266379,657906.082492052,657906.082492052,3,1590548.51529164,-274737.487576272,1315811.02771537
0.000193175588075925,1259.57953776458,5.02370148849477e-12,2.26461170904285e-08,1,372290.314640561,0.000193188591906496,2.26461170904285e-08,2,53558185.4658713,-53558185.4658713,3.4842322611686e-16
0.392763128515416,1295.63921893946,2.30428589997666,73492.7123739305,1,5.39480704036315,73492.712390657,73492.7123739305,3,73498.3728467278,73486.9520923727,146985.3249391
5.80704408148531e-06,2.4154536724445,0,5.14150208407177e-08,1,3629078366.4379,5.80727168889847e-06,5.14150208407177e-08,3,497928.695597122,-497928.695591263,5.85868669083559e-06
0.00131168874750626,1.01815448717916,6.01794143438185e-06,9483281.01147223,-1,1.00035153606473,9483281.01147223,-9483281.01147223,1,9483281.01147223,-9483281.01147223,4.08005878733052e-13
0.00233044471094157,487598.40919153,4.78830729164433e-06,1471.99183484822,1,1.00122563609298,1471.99183485169,1471.99183484822,2,1625.1937030667,-1625.19370306356,3.1440190246634e-09
0.255698106542402,164628.203836436,7.40849299635503e-06,444696659.281212,-1,1.00004878938404,444696659.281212,-444696659.281212,1,444696659.281212,-444696659.281212,7.35208246089115e-11
5.52235116827562e-06,170.344855265679,1.78954688146334e-11,2.30716271399531e-09,1,75703.2040316703,6.95642412187384e-06,2.30716271399531e-09,2,79760.6314413644,-79760.6314413644,3.03356620715594e-16
0.00148219887399882,10.1684266183122,4.60378097523689e-09,0.000175794755832148,-1,65274.7728776229,0.00149412886968852,-0.000175794755832148,3,39352.8334024944,-39352.8320887783,0.0013137160997396
0.00307487397392759,0.00423415245264022,8.22530746274818e-10,51305882.1600533,1,4015254947721.46,51305882.1600533,51305882.1600533,3,51305882.1600533,51305882.1600533,102611764.320107
1.29766521679639e-06,0.000532419244144045,1.53414532900652e-09,6.06775313309659e-05,-1,23683.0603923077,7.22329015922921e-05,-6.06775313309659e-05,3,0.0123379081134674,-0.0123263527541402,1.15553593271562e-05
0.00279098107560802,1727.45756781714,2.59015356751306e-07,0.34976128088781,1,3054725.10997472,0.349772786532919,0.34976128088781,3,2132927.30438185,-2132926.60484789,0.699533953132444
0.00626610590347684,548.578160249354,0.00200985235148641,0.0998493804060402,1,5070819.31770379,0.109631269271819,0.0998493804060402,3,718295.614231778,-718295.404751142,0.209480635710417
6.35710656930927e-05,34.2020068313294,6.89696642958065e-12,871.237169483748,1,1.0115598360014,871.23716948375,871.237169483748,3,871.325138744103,870.653616621524,1741.97875536563
0.242706936498543,615.422315264717,109.413397931538,105211225103.03,-1,1.00002987624863,105211225103.03,-105211225103.03,1,105211225103.03,-105211225103.03,5.20250118185389e-10
0.400710472806635,4.14873466141913,0,0.0056709352986473,1,997570197.775369,0.4007505989067,0.0056709352986473,3,21.378268979156,-20.9718474449507,0.406421534205347
0.0506274001888098,0.198462656220599,0.000647346292174369,0.00761463722452516,1,1.00002805900791,0.0571704700183005,0.00761463722452516,2,0.0572909761745436,-0.00847207229548077,0.0488189038790628
0.0016012329963508,0.125860030820336,4.6254637655323e-14,208670125.597011,-1,12340531983739.9,208670125.597011,-208670125.597011,2,1871184262551.02,-1871184262551.02,6.85113488332175e-19
1.74816112866456e-05,0.0412147761300296,1.33122239761506e-07,1.93463384688095e-05,1,1.1621693233899,0.000365789731002434,1.93463384688095e-05,2,0.000648936266845475,-0.000536367814034975,0.000112568452810499
0.0376211543893345,3278.0622096445,8.46135039943791e-06,2.21247040361837,-1,1.00706138058425,2.21279215008894,-2.21247040361837,1,2.21279215008894,-2.21247040361837,0.000321746470566536
0.000219030355357433,10670.6364109352,7.28778155836897e-15,1.3910316865673e-07,1,197.470603652171,0.000219030416165145,1.3910316865673e-07,2,17.0926535373916,-17.0926535359883,1.40336033117405e-09
5.88498018414193e-06,2.19934496989998,3.48043457000938e-18,4.74229090512088e-05,-1,5724779449632.37,4.77866644381819e-05,-4.74229090512088e-05,3,6648861.39127258,-6648861.39127222,3.63755386973005e-07
0.00410754927900722,1069207.53679905,6.07139447261156e-13,114.149136707361,-1,27497898658239.3,114.149136781264,-114.149136707361,3,8359794770408735744,-8359794770408735744,6.83751687777376e-08
0.0296586526171778,8735165.25815575,0,586124.885265638,-1,1.00427887547978,586124.885265639,-586124.885265638,1,586124.885265639,-586124.885265638,7.50382467268698e-10
0.233989376013669,9.86162219852626,5.42125572557858,187526943.262906,1,3.29830391043816,187526943.262906,187526943.262906,3,187526943.262906,187526943.262906,375053886.525812
4.72469911280281e-05,0.00844242177887579,3.81761706188897e-07,0.000896445976481111,-1,1.00021574902432,0.0010897749185537,-0.000896445976481111,1,0.0010897749185537,-0.000896445976481111,0.000193328942072588
1.44378621640668e-06,637.260604438334,1.64111037078656e-18,0.00101059103249077,1,244661420971.91,0.00101059206382745,0.00101059103249077,3,100461229.542518,-100461229.540497,0.00202118309631738
0.92644823210059,382294484.927988,0.0212504401466978,201927.805512009,1,8518.36698367469,201927.805514187,201927.805512009,3,181504524698.592,-181504122093.655,402604.936543007
2.49382545910137e-05,649.067101971953,1.83264253418591e-10,3226.43757904075,-1,1.00000423445787,3226.43757904075,-3226.43757904075,1,3226.43757904075,-3226.43757904075,1.24778610423977e-13
0.648738962342671,2739166.82512973,0,15769770589.3652,-1,104.438515683137,15769770589.3652,-15769770589.3652,1,15769770589.3652,-15769770589.3652,1.33439557308863e-11
0.000716626656511398,37595.8689959785,0,0.00444282918488168,1,10.6263795674667,0.00450025387404523,0.00444282918488168,2,2.01075189027078,-2.01075176256886,1.27701926730833e-07
3.2016091181798e-06,2.32913231784929,0,1.86622151917158e-07,-1,2071653.37915003,3.20704361884871e-06,-1.86622151917158e-07,3,931498.048977767,-931498.048974855,2.91189947204493e-06
0.0715163615121192,0.216143718809263,1.30261882783346e-10,35372324600.6709,-1,393861.995421824,35372324600.6709,-35372324600.6709,1,35372324600.6709,-35372324600.6709,7.22964938258115e-14
5.16720275096755e-05,9729.99907336221,3.2728142040399e-06,7.64039031470223e-06,1,6005027644892.21,0.00180984600948009,7.64039031470223e-06,3,26045004237.2652,-26045004237.2634,0.00181748639979444
0.0181314262501507,0.0266296825609861,9.23648011594002e-07,14709180221.356,-1,57477920634.0233,14709180221.356,-14709180221.356,1,14709180221.356,-14709180221.356,1.12063439605425e-14
0.00140878854853447,5879.8297420803,3.39786767996827e-13,1165.626824106,1,40979.3784534048,1165.62682410685,1165.626824106,3,8580.60671056137,-6249.35306455627,2331.25364600511
9.79747432314692e-06,16.808048910865,1.29041855354531e-08,6.6613108362409e-05,1,1.00008455696458,0.000132051059231904,6.6613108362409e-05,2,0.000133828432092879,-7.00704873528962e-05,6.37579447399825e-05
3.74044210931797e-05,21.503263982373,2.20744959408732e-08,68.7435724944743,-1,64.4432595189929,68.743572494645,-68.7435724944743,1,68.743572494645,-68.7435724944743,1.70732955870505e-10
0.0122581560687881,5.10691337926723,2.66157880467505e-05,161507.312377615,-1,921286233126.186,161507.312377615,-161507.312377615,3,23814775217.0052,-23814775217.0052,5.47571636546532e-10
0.629353774552231,2696573.21790518,0.00614411807777838,150715400278.553,-1,123696473901.518,150715400278.553,-150715400278.553,1,150715400278.553,-150715400278.553,1.33440342153992e-12
0.41273107089776,8.70899402911801,0,0.0253537173381583,1,1.24183747781923,0.41350906624556,0.0253537173381583,2,0.908251550635132,-0.80905744069671,0.099194109938422
9.35631297083024e-05,0.327975605553902,3.2944080309999e-07,75.5439200860915,1,66805.9769197791,75.5439200883299,75.5439200860915,3,75.5442760666434,75.5435641077779,151.087840174421
1.45155100550432e-05,0.380184429710723,1.11453619634943e-10,1.58518331092752e-08,-1,1.00028528916945,1.79486462741237e-05,-1.58518331092752e-08,2,1.79683738447261e-05,-8.41906663967896e-07,1.71264671807582e-05
0.0213775616420305,1902121.87732149,0,0.0273718121621015,1,20791684188690.1,0.0347306239908843,0.0273718121621015,3,29129836607972.2,-29129836607972.1,0.0621024361529521
0.000127108396906095,2.04394375973075,5.8673790778932e-10,1.67430406665247e-07,-1,10950799482823.8,0.000129395944699854,-1.67430406665247e-07,3,16164.0259236858,-16164.0257944573,0.000129228514293189
5.07164271864752e-06,2.5953317313806e-05,6.59734063434338e-09,577333.483487467,1,1.00002679426334,577333.483487467,577333.483487467,3,577333.483487467,577333.483487467,1154666.96697493
0.0546353155507509,36.5826162868365,2.02677893897017e-10,6017226665.84363,1,12.2259656521516,6017226665.84363,6017226665.84363,3,6017226665.84363,6017226665.84363,12034453331.6873
1.34870231541879e-06,734.267913041906,7.76974620530021e-11,0.000258356481807696,-1,1.00612918104904,0.000258510325039521,-0.000258356481807696,1,0.000258510325039521,-0.000258356481807696,1.53843231825337e-07
0.0235217032995571,99115.9393333629,0.00105160972885329,0.000377990043911417,-1,1.0002263247521,0.0400627399392376,-0.000377990043911417,2,0.0400829243512052,-0.00132686456684421,0.038756059784361
5.03942802921177e-06,1031.79000329725,2.07634750019351e-16,1.6312451645031e-05,-1,1.01602903390184,1.70731403428845e-05,-1.6312451645031e-05,1,1.70731403428845e-05,-1.6312451645031e-05,7.60688697853485e-07
0.000327167171922797,0.527359589663697,5.03389906955095e-06,2703323.00430147,1,1.03916959425261,2703323.00430147,2703323.00430147,3,2703323.00430148,2703323.00430143,5406646.00860291
0.176959694201505,8620.37929895628,0,3.59203707210362,-1,24872073.2449576,3.59639334065931,-3.59203707210362,3,8542736506.01155,-8542736506.0072,0.00434936388390301
0.00118092444536929,227877.062633609,0,538.154718397495,-1,8104.99231932085,538.154718398791,-538.154718397495,1,538.154718398791,-538.154718397495,1.29570781226432e-09
0.0522146192706828,2377321.56568752,0.000696684482618135,24923672532.6049,-1,1.0000390152583,24923672532.6049,-24923672532.6049,1,24923672532.6049,-24923672532.6049,6.86706773193736e-14
0.0101013061993616,944.569864621709,1.73881030052179e-06,0.0034938824948974,1,1.00032498050931,0.0107695130865761,0.0034938824948974,2,0.0109617356693756,-0.00404777119554436,0.00691396447383128
0.866432832385416,1935.43878906289,0,0.0437462840123268,1,1674.09550524469,0.867536506667184,0.0437462840123268,2,5107913.66059616,-5107913.66059609,7.34845871443139e-08
2.60196249818845e-06,0.00625321976077272,2.35568989588791e-10,0.169394210454452,1,34.5891869600877,0.169394211169763,0.169394210454452,3,0.169451908801442,0.169336488694866,0.338788397496308
0.0108324516771095,4692.29271477678,0,0.999993736082696,1,1.00003944412422,1.0000524057338,0.999993736082696,2,1.01797476953965,-1.01791713287967,5.7636659980557e-05
0.0516370869228272,0.060128633634576,0,0.00149529267995473,1,1.0002455631582,0.0516587325248533,0.00149529267995473,2,0.0517757764938624,-0.00378712102615926,0.0479886554677031
2.07566115732579e-06,185.540979443626,2.35518295594526e-10,0.00017380274978233,1,1.00001107657955,0.000174491324989908,0.00017380274978233,2,0.000176135158514301,-0.000175453034741561,6.8212377274008e-07
0.00187298845570547,16.6460366828707,1.09649324963266e-07,0.0482472369640955,-1,140325449600.446,0.0482847140381897,-0.0482472369640955,3,3696800.56483106,-3696800.56479358,3.74770740940948e-05
0.0418374254718672,0.0711185139878597,5.80933117292845e-10,707049370.249071,-1,3231248444.29796,707049370.249071,-707049370.249071,1,707049370.249071,-707049370.249071,1.2377995262414e-12
2.64007551810662e-06,0.000301810349414496,7.41915040750328e-09,29965.9456397692,-1,1.00000384565975,29965.9456397692,-29965.9456397692,1,29965.9456397692,-29965.9456397692,1.23909328534405e-13
0.00421166209322766,55156.6719595715,2.37759294509119e-12,13392.3027733578,1,1206713496.25046,13392.3027733585,13392.3027733578,3,70183.4781436588,-43398.8725969424,26784.6055467163
0.000483097486384823,0.478618222835814,1.83456006859306e-08,0.000870982206715664,1,15626436772.4017,0.00100515610053989,0.000870982206715664,3,61.0506540443072,-61.048777906,0.00187613830725555
1.4322726252736e-05,0.0228943171116645,1.24609303397116e-13,18255.7624325241,-1,1.00000980484373,18255.7624325241,-18255.7624325241,1,18255.7624325241,-18255.7624325241,5.62192615545094e-15
4.87338520074189e-05,6.50563600994627,1.71638545223301e-16,0.0283666127568752,-1,1135885.87955745,0.0283666546192359,-0.0283666127568752,2,108024.710898791,-108024.710898791,1.09928019402186e-14
2.36948430944415e-06,18.7702032901432,0,0.973812973361086,1,269020005.412016,0.973812973363969,0.973812973361086,3,91.4225287921603,-89.4749028454352,1.94762594672505
0.000574751454117089,0.00242524860382008,0,1.12094708611286e-07,1,1.00003139105433,0.000574751465048095,1.12094708611286e-07,2,0.000574825410836853,-9.22057124306075e-06,0.000565604839593792
0.00535656243973396,32.1569580840789,0.170464155701237,884021137.491107,-1,6673840501.3671,884021137.491107,-884021137.491107,2,8590039556.00131,-8590039556.00131,9.92386864757191e-12
0.0104122265460861,132147.830065516,5.33219330367539e-06,2455.48665336453,-1,201230465691.41,2455.48665338769,-2455.48665336453,2,1875808590494213,-1875808590494213,3.03193661461819e-20
0.976625262198778,18301.7368566051,0.0114492331684949,0.108328369127828,1,11124744339.1183,0.988423578983839,0.108328369127828,3,152702520.273443,-152702519.176691,1.09675194811105
1.04896784779947e-06,0.00212200176697726,2.26460382720798e-19,31879.8855556259,-1,1.00000359826838,31879.8855556259,-31879.8855556259,1,31879.8855556259,-31879.8855556259,1.72574925066388e-17
0.0821618861875946,65477.0378948259,18.9850480386428,1060912.38169392,-1,1.00008943597722,1060912.38170287,-1060912.38169392,1,1060912.38170287,-1060912.38169392,8.95069137744491e-06
6.27914019735897e-05,0.000431754202218657,0,0.00168654466516966,1,41.3406387255426,0.00168771314736066,0.00168654466516966,3,0.00171474763594664,0.00165950226388851,0.00337424989983515
0.000686850379694076,296159.547381692,7.37552638178783e-12,2.03820092377536e-07,-1,37027736611.5191,0.000686855779006705,-2.03820092377536e-07,3,63870387146313.8,-63870387146313.8,0.000686628666461677
0.0199478346941488,16899.5389238759,0.351097937244558,569852667.337522,1,1.00002750982879,569852667.337522,569852667.337522,3,569852667.339367,569852667.088781,1139705334.42815
5.59819594110581e-06,0.105928241897678,2.40572540543099e-17,576.995733639,-1,63002071991.9717,576.995733639,-576.995733639,2,215592469.289026,-215592469.289026,7.26830161452742e-20
0.0140337324287618,6837.27898499963,0,17.7537623643151,-1,173.849616449921,17.7537679109033,-17.7537623643151,1,17.7537679109033,-17.7537623643151,5.54658812808321e-06
0.0061034096366799,21883.942997615,1.37273310259421e-10,1.18988930746204,1,3566812346.68748,1.18990496080945,1.18988930746204,3,100619405.041033,-100619402.661239,2.37979426826754
4.30819026428767e-05,0.0474719240963688,5.04540146388922e-13,20987.5038212943,-1,19.4001230968945,20987.5038212943,-20987.5038212943,1,20987.5038212943,-20987.5038212943,4.42300068480035e-14
0.000103070615447723,2.4165943659979,4.99333543956037e-05,63.928580202621,1,354323.667074584,63.9285805932442,63.928580202621,3,63.9514182985506,63.9057424973145,127.857160795865
0.00615569146292468,0.432680812732659,0.0243174185997521,0.00949935908330345,-1,1.59849551065458,0.156350724207253,-0.00949935908330345,2,0.604787454945295,-0.584305189538882,0.0204822654064134
0.00401819088754173,3064567.51161808,2.49710860857027e-07,0.0108557243358552,1,2.33514521941546,0.0115862987932152,0.0108557243358552,2,0.221756985414305,-0.221720014908828,3.69705054774746e-05
0.0264451755654861,36.1002140097052,2.33283814999442,618715768.959173,1,4208396337975.49,618715768.959173,618715768.959173,3,618715768.959173,618715768.959172,1237431537.91835
0.00289102236266259,52040.055302529,6.11053158423985e-13,2388.05886635113,-1,2106034677.61302,2388.05886635288,-2388.05886635113,2,15523474822.3476,-15523474822.3476,2.69205542190726e-16
0.000779996818798728,32.1746384064352,2.31431568064546e-12,1.92653063860678e-06,-1,15189731.3770863,0.000780000681520291,-1.92653063860678e-06,3,665238.187158459,-665238.186380386,0.000778072709274334
0.00154881090598628,0.0182398417996649,1.18074601350525e-05,501.565387797308,-1,600.0862668353,501.56538781147,-501.565387797308,1,501.56538781147,-501.565387797308,1.41619375090283e-08
0.000274945293530228,1369.18156285931,0,2.57292663708998e-06,-1,1.0001207569892,0.000274957331936981,-2.57292663708998e-06,2,0.000275010169697817,-5.97319033676537e-06,0.000269036979361052
0.00718957678085209,0.00834637536737716,0.00106303898136744,0.00523422839367085,1,211.727197360116,0.03379535681913,0.00523422839367085,3,0.0340255916741368,0.00500399097066394,0.0390295826448008
0.0361889357363087,85984.9805261131,0,6.16463442802154e-06,1,2176394127398.68,0.0361889362613685,6.16463442802154e-06,3,102132839708.953,-102132839708.917,0.0361951008957858
0.178020765181895,38970.1764748831,0.0299185850105647,2.43392388567444e-05,1,3471379189135.36,0.248213574243857,2.43392388567444e-05,3,3058909562.33973,-3058909562.09149,0.248237913482713
0.000614370327303098,97706.4415277692,0,2.66284517325131,1,10.6676855557278,2.66284524412492,2.66284517325131,2,1206.79040818701,-1206.79040818685,1.5638626911097e-10
0.00228016852242778,0.158054114837932,0.0115547565376905,55649.961759509,1,1.00002833518472,55649.9617596128,55649.961759509,3,55649.9617596145,55649.9617592862,111299.923518901
2.17572775328436e-05,0.635718848251674,6.74514708398891e-08,190968.435783479,-1,1212104.59482478,190968.435783479,-190968.435783479,1,190968.435783479,-190968.435783479,1.77843133308543e-13
0.336026979177201,200.722773672572,35.3079457152249,0.992670419750733,-1,464219.288903126,6.03375955836889,-0.992670419750733,3,4002.14629823131,-3997.10520910196,5.04108912934642
2.88641383699789e-05,22.0081923585325,4.79370067228702e-14,8.96591328115955,1,12804429316.5121,8.96591328120602,8.96591328115955,3,22.4715238001558,-4.53969723779023,17.9318265623656
0.000923711898842876,255665.51631411,6.26860607126254e-11,484367.992711808,-1,2.65984985882276,484367.992711808,-484367.992711808,1,484367.992711808,-484367.992711808,8.80845112563341e-13
1.40015990015578e-05,7.04719361375799,2.62262002436564e-07,2.60172604076892e-08,-1,506.083768407875,0.000512306595592973,-2.60172604076892e-08,2,262.410890983977,-262.410890983477,5.00089851886978e-10
0.0296767613829452,802.487524723428,1.03199286038662e-08,0.0174669714768586,-1,477706.827298854,0.0344356730540041,-0.0174669714768586,3,19022430.2417996,-19022430.2248726,0.0169270229785935
0.43794178003751,3953668.88261966,13.4563848873861,0.179136125128576,-1,77.5244057012206,3.69868458257994,-0.179136125128576,2,42301.6885817906,-42301.6884204711,0.000161319540350306
0.000673606770750525,0.0194625531840975,4.59520089604562e-14,6.86827854023564,1,1.00654706748077,6.86827857326766,6.86827854023564,3,6.86828138893205,6.86825381349393,13.736535202426
0.00114818002858676,164.760726483397,7.34326485578023e-10,3322.7459432702,-1,91.1160157533778,3322.7459432704,-3322.7459432702,1,3322.7459432704,-3322.7459432702,1.98488197269881e-10
0.000198948844972622,0.00480398970777344,6.69432883418423e-13,7.71010974530756,-1,6715002508037.06,7.71010974787441,-7.71010974530756,3,4495.46395269844,-4495.46395269587,2.56684493799352e-09
7.50491018608618e-05,6.09352770465966,8.3630422672074e-08,30357394.1829211,-1,3.08300363157027,30357394.1829211,-30357394.1829211,1,30357394.1829211,-30357394.1829211,1.47019849306458e-15
0.0436487421209067,62.5972557143984,0.0335673837645342,748.684464897408,-1,1.00001997256214,748.684488587359,-748.684464897408,1,748.684488587359,-748.684464897408,2.36899505433966e-05
0.284682607122058,820.069193439243,1.94434735780059e-06,44.4885731721615,-1,148559170.878879,44.4894840274184,-44.4885731721615,3,369169334.087592,-369169334.086681,0.000910846893191972
5.41718422313083e-06,17.70161544742,1.10290080406799e-16,2100417.42825691,1,18998565279.641,2100417.42825691,2100417.42825691,3,2100417.42829421,2100417.42821961,4200834.85651382
0.0281985311181186,0.308781815794268,0.464342598776622,0.882056686013139,1,2.66464117901106,1.11497163787888,0.882056686013139,3,1.13786862238505,0.857354181926361,1.99522280431141
0.358881342091536,548.351058939743,4.16797350411433e-08,49.1694651126617,1,1.00319255442415,49.1707748090737,49.1694651126617,2,57.689031565054,-57.6879152600821,0.00111630497187933
0.00240496756833935,9343.4333002236,0.000368984197521423,0.000776981706004765,-1,24476691.9575625,0.0193745133383436,-0.000776981706004765,3,2347326098.46678,-2347326098.44818,0.0185955726163196
1.97131570149752e-06,14.0815009436633,5.65199094642918e-18,5.15045457713504e-09,1,13108744931409.8,1.97132386333245e-06,5.15045457713504e-09,3,50162217.3963105,-50162217.3963085,1.97647431790944e-06
0.000393981764317902,13.3008531989078,4.08854126838373e-15,0.0102851176217431,-1,5.4233881081547,0.010292660789504,-0.0102851176217431,1,0.010292660789504,-0.0102851176217431,7.54316776094493e-06
0.000359100853384604,115.263469870883,4.43375718242936e-07,0.000109944472609184,1,118904.170475901,0.000764471666055583,0.000109944472609184,2,24725343.5743985,-24725343.5743985,1.15737348486655e-14
1.82525629640778e-06,373.693718037203,0,8.88058861485521,-1,16299.553108214,8.8805886148554,-8.88058861485521,1,8.8805886148554,-8.88058861485521,1.87575435146453e-13
1.13839899120362e-05,0.00157272903275408,5.36785886493014e-11,0.501098659606125,1,47978337.7750543,0.501098659788996,0.501098659606125,3,0.501099893751095,0.501097425644026,1.00219731939512
0.0132646467161025,461.291741301547,0.925016009199723,191.437217108866,1,1.00002584287219,191.439633530644,191.437217108866,2,194.212103550343,-194.20972162456,0.00238192578296963
0.00105507028040492,218.402419476615,0,8.19606028713006,1,6718768.70455849,8.19606035503911,8.19606028713006,3,1463.15170256353,-1446.75958192138,16.392120642153
6.68731049266121e-05,4667.06720450799,8.22358886898557e-13,101180.947816967,1,6884745320.38135,101180.947816967,101180.947816967,3,101234.766042536,101127.129591399,202361.895633935
0.0150128579003753,691.834167498313,0,0.0122079628095387,-1,121985.804293839,0.0193499420747439,-0.0122079628095387,3,41682733.5399116,-41682733.5341702,0.0057414002718026
0.000381696690602274,2190.57213356958,6.24810949125895e-08,8.18277830378284,-1,684404873.742734,8.18277831650305,-8.18277830378284,2,11916556028.9523,-11916556028.9523,8.73463180232367e-18
1.62627777055002e-05,283.957040886509,0,7.53513253587975e-06,-1,32184314406.4631,1.79236201988267e-05,-7.53513253587975e-06,3,3880815871.61071,-3880815871.6107,1.03884857896591e-05
0.0479694544778101,6.18487485208941,16.6854819184853,1141.77535660387,1,329.031823202125,1141.78266440285,1141.77535660387,3,1141.79103955408,1141.76698141396,2283.55802096804
5.58650287560276e-05,6587.87094462788,1.24886802605473e-13,195344.989690278,-1,5013965602.19066,195344.989690278,-195344.989690278,2,401659.326312436,-401659.326312436,3.88516601041981e-15
0.0122826048095866,29.7254777927081,3.33928809437192e-12,1258.5510487743,-1,45072.3159817945,1258.55104883424,-1258.5510487743,1,1258.55104883424,-1258.5510487743,5.99349483642717e-08
8.44163021626949e-06,1459.25277758537,2.14350200040859e-16,1.30663509756198,-1,176100801673.963,1.30663509758924,-1.30663509756198,2,1691306433702.07,-1691306433702.07,2.10669496781998e-23
0.00666861337025213,0.0775083248375639,4.56394272945409e-07,111342.709443396,1,121457119.870358,111342.709443397,111342.709443396,3,111342.70944341,111342.709443383,222685.418886793
3.53811588450907e-06,75.7038187831892,2.78588518004124e-09,5644.57473826399,-1,35.0992978800734,5644.57473826399,-5644.57473826399,1,5644.57473826399,-5644.57473826399,2.47884346812114e-13
6.37179740483787e-06,1.4155505908905e-05,1.90805785143339e-15,372.113999115237,-1,526228.509818297,372.113999115237,-372.113999115237,1,372.113999115237,-372.113999115237,5.45554726813387e-14
0.00363308343461502,0.00647706674367221,1.35493948810119e-12,0.0877235809226971,1,89473830945393.3,0.0877987810080459,0.0877235809226971,3,0.0878806882307007,0.0876416737000423,0.175522361930743
0.0958627702894245,407876.764161753,7.24126126814069e-09,17266436732.8467,-1,25.4182337202378,17266436732.8467,-17266436732.8467,1,17266436732.8467,-17266436732.8467,2.661139096332e-13
0.00524681114330105,0.45586714240736,0.000274490824557689,0.00245315153535371,-1,7851403831452.91,0.0175510057884603,-0.00245315153535371,3,6.89890378003199,-6.88380592577888,0.0150978542531065
0.0148824396683319,0.0271936427690422,0,0.000218150156746086,-1,1.0101528048269,0.0148840384295536,-0.000218150156746086,2,0.0154286036176537,-0.00406875891509136,0.0113598447025623
0.0499921829801253,21308.9496248127,0,2996975.0389486,-1,48.8708727728601,2996975.0389486,-2996975.0389486,1,2996975.0389486,-2996975.0389486,4.16956819232487e-10
3.10245394747069e-06,62.9684783497386,2.90992930311696e-10,103.255599675176,1,55440062.2633582,103.255599675177,103.255599675176,3,112.855634148258,93.6555652020945,206.511199350353
0.0939539293948799,3078.38658289137,0.214976125361298,87332.6474700479,-1,2927288391021.06,87332.6474713293,-87332.6474700479,3,3697908964035.11,-3697908964035.11,1.28132740162986e-06
0.000236012409269976,2206.47193486321,0,2485.65837927636,1,3573553.53851226,2485.65837927638,2485.65837927636,3,2975.31923129943,1995.99752725329,4971.31675855272
0.000355977228806702,0.000596464987458652,1.66163887279381e-09,0.000305075535375824,-1,1.00009524243399,0.000470587408019528,-0.000305075535375824,1,0.000470587408019528,-0.000305075535375824,0.000165511872643705
0.123362206312455,1010258.75113391,4.13672634683056e-05,2266854243.00973,-1,1.14609832440328,2266854243.00973,-2266854243.00973,1,2266854243.00973,-2266854243.00973,3.3658099670062e-12
0.00058977619690073,6.21377055809076,2.6692437062334e-11,51.9866474823232,1,10303.6997058549,51.9866474856689,51.9866474823232,3,52.1723247026987,51.8009702644189,103.973294967118
4.5638478196062e-05,0.00969954907861633,9.80146232211968e-08,2.84270912744071e-06,-1,1501420989714.06,0.000316394650568609,-2.84270912744071e-06,3,0.150338060957883,-0.150024509016441,0.000313551941441169
0.0787526025482004,4346604.67707454,0,105077245.406339,-1,21154781064358.7,105077245.406339,-105077245.406339,2,26414246151967960,-26414246151967960,1.173982473782e-19
0.000626428470213727,3.84938390759212,6.33406012694858e-06,58567.153111495,-1,19.6389571229256,58567.153111495,-58567.153111495,1,58567.153111495,-58567.153111495,5.74253006837947e-11
0.00102261141433521,118928.982612543,0,0.00142397122252147,-1,39.6742864354801,0.00175311954734922,-0.00142397122252147,2,1.03586226374588,-1.03586175898072,5.04765158513908e-07
4.07533045918674e-06,0.000670630077611394,2.05455626621552e-08,20421.154551608,-1,27395064557545.2,20421.154551608,-20421.154551608,3,467064.98905599,-467064.98905599,5.03452704311823e-13
0.00138681761001014,0.616486263680739,7.90628861265971e-06,16.426169980728,-1,1.00582054689538,16.426170279932,-16.426169980728,1,16.426170279932,-16.426169980728,2.99204002457767e-07
1.3899904913773e-06,1.07294864997922e-05,2.35391310508495e-14,11.9032928688506,-1,1337656362877.91,11.9032928688507,-11.9032928688506,3,700.85945860165,-700.85945860165,8.21458698081999e-14
5.40444349649305e-06,45.0331624901055,2.39211254826053e-07,2243.14470087438,1,1.00044444770629,2243.14470087443,2243.14470087438,3,2243.15778499975,2242.70570130832,4485.86348630807
0.034293252297553,0.615706464255823,0,46803.9637640539,1,15.1289868678145,46803.9637640665,46803.9637640539,3,46803.9637660829,46803.9637620331,93607.927528116
0.0212895822895558,315301.409222108,0.00320655463028068,178723389.455564,1,333689643.572295,178723389.455564,178723389.455564,3,178723528.518194,178723250.392933,357446778.911128
1.72432435034397e-06,1384.56669534525,1.5621630519755e-13,0.0299726928796835,-1,33228237007710.9,0.0299726929318895,-0.0299726928796835,3,22915065886864104,-22915065886864104,4.1828920399443e-11
0.002511067939145,169826.60674831,4.43923298626115e-10,0.0618091295957078,1,168841184612.681,0.0618601196854427,0.0618091295957078,3,116605690289.952,-116605690289.828,0.123669249279105
0.152713991105492,522322.167783526,0.000493083100970382,19870.5746392447,1,5.31574508029297,19870.5746398439,19870.5746392447,2,2206022.76369145,-2206022.76369145,5.39764289206343e-09
8.04049402415379e-05,17950.8277364892,0,28764517.8061154,-1,13900709401.6482,28764517.8061154,-28764517.8061154,1,28764517.8061154,-28764517.8061154,1.12377243012063e-16
9.89736157563985e-05,1.0579254343781,6.10016823252615e-06,29287.9279442942,1,967639003378.1,29287.9279442943,29287.9279442942,3,29287.9279538478,29287.9279347407,58575.8558885885
0.680753277782822,3.47973430897245,0,2475785.95166366,1,1023063560030.64,2475785.95166375,2475785.95166366,3,2475785.95166493,2475785.95166248,4951571.90332741
9.09547769679582e-06,1383.76972087525,0,977226.788391384,1,9669192195421.78,977226.788391384,977226.788391384,3,977227.278251738,977226.298531031,1954453.57678277
1.67148441703103e-06,0.000102990563055931,7.06911994813931e-15,5.68863548600472e-09,-1,9386144.16152043,1.67360737238439e-06,-5.68863548600472e-09,3,0.0031805641563974,-0.00317889623766052,1.66791873688035e-06
0.667083487309368,14700.9371204667,0,0.0451727136819591,-1,2212.25824954583,0.668611212216951,-0.0451727136819591,2,6102323.33324097,-6102323.33324093,3.64615536362024e-08
0.000435354895636022,22.2228352716348,9.79325665847171e-11,1.8422791087817e-07,1,9872.08206889021,0.000435467394486383,1.8422791087817e-07,2,84915.4750074007,-84915.4750074007,1.11659163246928e-12
0.00443242589596764,0.404670841729752,2.27744142222081e-13,2727888976.8585,-1,13.0059510728912,2727888976.8585,-2727888976.8585,1,2727888976.8585,-2727888976.8585,3.60102623634154e-15
0.107723122563877,20369.0325658646,2.94043658859237e-05,1834132.38307339,1,58312006845875.7,1834132.38307339,1834132.38307339,3,1834188.93535548,1834075.8307913,3668264.76614677
0.000192790883248301,131865.594384685,5.10321680089386e-10,4481823.19305701,-1,681.19642886586,4481823.19305701,-4481823.19305701,1,4481823.19305701,-4481823.19305701,4.20349539916243e-15
0.0148648625684668,4166243.24492711,0,0.0290397689797453,1,110773102.730695,0.0326231868703287,0.0290397689797453,3,157042838377247,-157042838377247,0.0552638469708647
1.05818376149967e-06,4.70450071818054e-06,0,5.08563934829845e-09,1,41988928739.4767,1.05819598224014e-06,5.08563934829845e-09,3,1.09391972652629e-05,-9.87591564367442e-06,1.06328162158844e-06
7.47978835384579e-06,3.49773973791333,3.63985263635737e-16,36289.6766283912,-1,1.00115224111464,36289.6766283912,-36289.6766283912,1,36289.6766283912,-36289.6766283912,7.70847290491149e-16
0.442044246520624,241.710403682791,0,0.000212130903233968,-1,461364.449260017,0.442044297419961,-0.000212130903233968,3,66115.7555149963,-66115.3136829851,0.441832011212308
4.36721573603583e-05,0.106619319324999,0,8.80657877943926e-05,1,8184024293.56438,9.82997472446135e-05,8.80657877943926e-05,3,30.4984341205028,-30.4982477549678,0.000186365535039006
0.0528375726529619,56.3794912131895,0,404.504328436245,1,1.00023500061166,404.504331887147,404.504328436245,3,404.588081460572,400.640572871106,805.228654331677
0.000506512962475766,21.7058569604899,2.88791983835276e-10,65022.1838406126,-1,3013730.43578584,65022.1838406126,-65022.1838406126,1,65022.1838406126,-65022.1838406126,1.97505034412108e-12
0.000593835694728378,75.3406705668948,4.52437373452097e-13,3.26937851610051e-05,1,17656533900.2119,0.000594735376750924,3.26937851610051e-05,3,4523392.42937949,-4523392.42875206,0.000627429161904674
3.85903769912932e-06,0.241854053103105,3.97176931390586e-11,3.78939924317237e-09,1,1.06795334266957,7.38984975908892e-06,3.78939924317237e-09,2,9.46979140032248e-06,-5.9217467071179e-06,3.54804469320458e-06
0.00116917539341187,1122.45198844603,0,205948098.066724,1,82850511.8650653,205948098.066724,205948098.066724,3,205948098.068254,205948098.065195,411896196.133449
1.78100996030516e-05,3540.71132158436,2.28557902741091e-14,1.15897107154999e-05,1,1.00000148597686,2.12495623044303e-05,1.15897107154999e-05,2,2.12896485124671e-05,-1.16630454909298e-05,9.62660302153724e-06
0.0488999168228295,102.537548342474,0,48982.1841725886,1,1.00279605288862,48982.184172613,48982.1841725886,3,48982.1916254211,48982.084301106,97964.275926527
1.61690848128831e-06,2.27590250222841,4.95771426163133e-09,2.44567502100014e-05,-1,30816907.6250121,7.45550889309549e-05,-2.44567502100014e-05,3,51695.6764775026,-51695.6764274042,5.00983115035863e-05
0.387258051834548,0.839267972606161,0.0839566876506564,0.0303437823404813,1,7161.33229022382,0.484609359678569,0.0303437823404813,3,1.02291264518701,-0.507959508416149,0.514953136770862
0.011304918412074,0.417979594514363,2.80045245935616e-12,6.06041112614785e-05,-1,38.5400980920852,0.0113050809799136,-6.06041112614785e-05,3,12.2926924474968,-12.2855842623504,0.00710818514640598
5.5988812432133e-06,0.636172963206759,1.53665715675674e-15,138.579931193787,-1,2489842.56277878,138.579931193787,-138.579931193787,1,138.579931193787,-138.579931193787,1.13108036505389e-13
0.00519945939660776,4722.68304507351,7.15224538956359e-09,75.6971197276498,1,8936340.96184884,75.6971199062664,75.6971197276498,3,73736.8060174372,-73585.4117778038,151.394239633455
0.000665474307621374,0.0561324794293205,2.53404906680885e-06,1.8225089396753e-05,-1,40528569144.7441,0.00172546726274262,-1.8225089396753e-05,3,0.924386715916992,-0.922679473743646,0.00170724217334587
6.76489346020415e-06,1.05432274791969,2.25984708813247e-13,0.000254142281151499,-1,1562680.72102389,0.000254232745406889,-0.000254142281151499,2,441822.182888312,-441822.182888312,5.20455626923013e-17
0.000110226937263751,4356.96472159065,2.1544445985784e-11,3.76036693664058,1,4808065.07919226,3.76036693825898,3.76036693664058,3,1262057.5685359,-1262050.04780205,7.52073384760304
0.0056411426780665,1.79090838858253,2.02052442930294e-11,2791965738.31464,-1,1.48504397023713,2791965738.31464,-2791965738.31464,1,2791965738.31464,-2791965738.31464,5.6989436658985e-15
1.69927870256291e-05,0.255162850447909,2.46368427768587e-09,14.4058539478908,1,1.56315325115148,14.4058539479863,14.4058539478908,3,14.4068360132181,14.4045762113658,28.8114122245839
0.049500230637131,0.0753917305389689,0,1184.14608256651,-1,1196533805909.21,1184.14608360113,-1184.14608256651,3,2746.87098745257,-2746.87098641795,1.03461594313939e-06
9.60242096472394e-06,91.0844808868144,5.81499426522442e-11,0.0175818876291846,-1,1.60874864235243,0.0175818919050739,-0.0175818876291846,1,0.0175818919050739,-0.0175818876291846,4.2758893676241e-09
0.000150398781504349,1.69090655758824,1.41023781022853e-11,2.38401543311906e-07,1,1.00001532569436,0.000150445846374671,2.38401543311906e-07,2,0.000150457709002281,-1.90429570177308e-06,0.000148553413300508
0.00179227717406858,0.526970403842837,1.20836254569708e-13,0.0043241620317966,-1,1345712.1832058,0.00468087971077604,-0.0043241620317966,3,389.240614917123,-389.240258199551,0.000356717571511592
0.00135171074865588,0.755442539544964,0,4.14283529027216e-06,-1,1.0000031562629,0.00135171709729369,-4.14283529027216e-06,1,0.00135171709729369,-4.14283529027216e-06,0.00134757426200341
0.00386413482169072,137.446361488175,6.41919430195977e-11,5.99046771005912e-06,-1,175821411869.469,0.0038641477712232,-5.99046771005912e-06,3,2448254.54421229,-2448254.54035413,0.0038581573035131
0.00815134902848619,24.6919840293037,4.27212477377289e-11,15.6742645287666,-1,7125970.09772686,15.6742666483087,-15.6742645287666,2,215258370.286049,-215258370.286049,1.5433670155812e-13
2.86185051574297e-06,0.254795988998544,1.73378586885032e-19,0.000923148740608368,-1,1.18446223185039,0.000923153176604709,-0.000923148740608368,1,0.000923153176604709,-0.000923148740608368,4.43599634029503e-09
0.000247098642550247,9278.61262893209,0,2.30499420144823,1,1011.03691667495,2.30499421469289,2.30499420144823,2,9424615.57230065,-9424615.57230065,3.23926947904517e-15
0.16075896435591,124762194.631145,9.91059923363674,0.00306931460124403,1,1.00001213137526,3.15221384092984,0.00306931460124403,2,3.15239704226135,-0.03412380108634,3.11827324117501
0.00273255312821046,0.47369597909092,2.17076301542071e-13,150998556.667125,-1,161.618629802605,150998556.667125,-150998556.667125,1,150998556.667125,-150998556.667125,2.47248946625022e-14
2.08976450650487e-05,1144.20210963671,1.0744144016359e-09,2036.80537749499,1,113887055438.126,2036.80537749499,2036.80537749499,3,2197.49800946693,1876.11274552305,4073.61075498998
1.23318604863975e-06,0.727042316798417,1.46323932208634e-09,8.59475024968909e-08,1,1.00000943553001,3.82722805289949e-05,8.59475024968909e-08,2,3.82744717478485e-05,-4.18470620179319e-07,3.78560011276692e-05
0.0107649106629952,48.1127045020253,1.8275888616384e-05,0.137259843968627,1,77251.2183159783,0.137747682218216,0.137259843968627,3,4208.81381325771,-4208.53880608414,0.275007173568557
0.261369587448236,2.02992294056723,0,18603.3053378876,1,1.00836219601676,18603.3053397236,18603.3053378876,3,18603.3053521269,18603.3052413781,37206.6105935049
0.159400639078174,3525.59199501777,0.655974302502402,5.90717549788186e-05,1,25168928815212.8,0.825459187198498,5.90717549788186e-05,3,7528482.93661338,-7528482.11109512,0.825518258953477
9.95118704727416e-05,0.972552488543644,7.3772494998838e-08,438.74491176055,-1,17427360113384.2,438.744911760645,-438.74491176055,3,4959546706.30369,-4959546706.30369,9.53573454145238e-11
2.96261626908015e-05,0.0347049689358082,0,132.161011474992,1,46829.7043187454,132.161011474995,132.161011474992,3,132.161013753341,132.161009196646,264.322022949986
8.76218836429386e-06,0.000132885655884412,5.38884857435776e-15,1.83845396526067,1,5469407334.23462,1.83845396528155,1.83845396526067,3,1.83845396767239,1.83845396286982,3.67690793054221
4.19999893830486e-05,2369.40423953429,2.52392462163283e-14,3336.99003928746,-1,136.668847628786,3336.99003928746,-3336.99003928746,1,3336.99003928746,-3336.99003928746,2.64313696872628e-13
0.22717762865972,29.3975966048917,1.21300525633114,2280.56256410706,1,119475.877528432,2280.56284136646,2280.56256410706,3,2280.6575731486,2280.46783232491,4561.12540547352
0.208254767169786,172491807.308882,7.54344122036434,2379327.63881077,1,11949291.6184492,2379327.63881236,2379327.63881077,3,3128622126.59337,-3123863471.31576,4758655.27761219
0.000315218852415476,52.6747060926067,3.34365293479136e-14,2.09730837662293e-06,-1,13.0097689335425,0.000315225882593872,-2.09730837662293e-06,2,0.105683456859333,-0.105682986761258,4.7009807542118e-07
0.0107730581684976,146075.486860238,0.184259802494889,11.5857535132449,1,152196690.631769,11.593707790476,11.5857535132449,3,460279212.88766,-460279189.708199,23.1794612937855
0.000171769596193461,9423.96124316816,1.00678829526656e-13,32.5223144831794,1,42221.2508723853,32.522314483633,32.5223144831794,3,682727.683795745,-682662.639358263,65.044437481866
1.11460550565461e-05,298.23284904957,5.72211086599904e-16,0.745996425368584,1,16.0473952884861,0.745996425451851,0.745996425368584,2,766.939983732798,-766.939983732798,8.09940270228018e-14
0.00188202001709753,0.104833347316083,7.08674184423147e-11,49.2683901103739,-1,273161741.7477,49.2683901463206,-49.2683901103739,3,152870.077913197,-152870.077913161,3.59456570258428e-08
0.00756343403338794,0.238257752811236,0,539.323848354902,-1,32942076048.3214,539.323848407936,-539.323848354902,3,535187.131791563,-535187.13179151,5.3034493359952e-08
4.07257231767994e-05,0.00166888533988219,0,0.118223422621944,-1,3.2411356345313,0.118223429636562,-0.118223422621944,1,0.118223429636562,-0.118223422621944,7.01461877132528e-09
0.000142255008060793,24.4285536896258,3.05565330451168e-15,230656.577002844,1,1.00003646855862,230656.577002844,230656.577002844,3,230656.577013798,230656.575720199,461313.152733997
0.000229822229925576,3020.05042422111,4.0070384677318e-14,0.00127257043418609,-1,1823899180.17582,0.00129315652857762,-0.00127257043418609,3,221885321687.546,-221885321687.546,2.05527443083452e-05
2.42167914719986e-06,0.108021832397381,3.07982064606017e-19,0.268288024881432,1,75.8640339393024,0.268288024892361,0.268288024881432,3,0.279160882438979,0.257414222624977,0.536575105063956
3.03071723351202e-05,1610.29596829238,0,26.7630747456733,-1,13.6724492766765,26.7630747456905,-26.7630747456733,1,26.7630747456905,-26.7630747456733,1.71602983528429e-11
0.000794227857170115,1780.82937010792,2.06303853918693e-08,4000.73148501611,1,61483.6879979606,4000.73148501619,4000.73148501611,3,4198.90482263686,3802.55814736923,8001.46297000609
0.000953414960526627,661.909098697176,0,911213498.563006,-1,20139535.7339938,911213498.563006,-911213498.563006,1,911213498.563006,-911213498.563006,4.98785459384377e-16
5.08118398474024e-05,23.8290139704875,0,36400.5796920512,-1,1.00002030093442,36400.5796920512,-36400.5796920512,1,36400.5796920512,-36400.5796920512,3.5464312526345e-14
0.556985690924173,3.76042599039756,1.1133072210345e-07,0.6355198660974,-1,1.00448527074058,0.845055425063621,-0.6355198660974,1,0.845055425063621,-0.6355198660974,0.209535558966221
0.00239966420949465,0.106785978653747,0,52.5491539704988,1,746097802119.918,52.5491540252893,52.5491539704988,3,52.549208248269,52.5490997475191,105.098307995788
0.0922837718396484,129999.14515074,0,6.6539099371651e-05,1,378513133520.17,0.0922837958278919,6.6539099371651e-05,3,91498194095.8879,-91498194095.7955,0.0923503349269442
0.000698427854001271,106650.962163585,7.24221711156135e-11,0.00492724194269784,1,96.6390881854445,0.00497650349656229,0.00492724194269784,2,184.974498919582,-184.974498918263,1.31875986221695e-09
0.164067769385783,2710700.92709623,0.0118628792030849,328373397.43723,-1,1.00003375454995,328373397.43723,-328373397.43723,1,328373397.43723,-328373397.43723,5.90503257221449e-11
0.00164552749114437,100.678418929771,0,18172.6774304332,-1,1.00004746333188,18172.6774304332,-18172.6774304332,1,18172.6774304332,-18172.6774304332,7.45008745815653e-11
0.000556218760814544,0.0028907437307902,0,248710.795850094,1,41778365.6763917,248710.795850094,248710.795850094,3,248710.795850094,248710.795850094,497421.591700188
0.861996995295354,793.430994420368,0,0.804795619925257,-1,14708440318.8424,1.17929419982848,-0.804795619925257,3,840501.028493571,-840500.653994991,0.374498579903222
0.40380768969832,830.739043059159,0,3893629.38371377,-1,158.45999062435,3893629.38371379,-3893629.38371377,1,3893629.38371379,-3893629.38371377,2.09394159266342e-08
0.000375665482026161,0.00234411289341383,2.04668818092817e-15,47792187.9891635,-1,223401.997726326,47792187.9891635,-47792187.9891635,1,47792187.9891635,-47792187.9891635,1.4764395853213e-15
1.44725499500945e-05,922.151575686992,0,1.57144163363052e-08,-1,1.00096693360773,1.44725584815146e-05,-1.57144163363052e-08,2,1.45271777792991e-05,-1.25864696137593e-06,1.32685308179231e-05
0.0054848223625889,0.123940897222364,0,0.00104846737497084,1,3581023.55296711,0.00558413468547577,0.00104846737497084,3,1.16133436576501,-1.15470176370461,0.00663260206040155
8.12450507974247e-06,0.000482708692760642,1.01378195043179e-17,3.49695217503855e-05,-1,280920.194393455,3.5900905899145e-05,-3.49695217503855e-05,3,0.125087348800692,-0.125086417417336,9.31383356453762e-07
1.28182226258524e-06,8.68120470304336,0,4.34934294287149e-10,-1,1.00002826640096,1.28182233637387e-06,-4.34934294287149e-10,2,1.28196072781368e-06,-1.88413056194483e-08,1.26311942219423e-06
1.7643212000891e-06,1320.88368243683,4.04518466205683e-19,415247.25789539,1,2285447960371.49,415247.25789539,415247.25789539,3,415248.308313947,415246.207476832,830494.515790779
1.12550944530684e-06,2.07694330921326,1.63757026723307e-12,2.21140623358576e-10,1,9.83273536540775,1.7042129642774e-06,2.21140623358576e-10,2,0.000327874095857859,-0.000327869666777562,4.42908029660166e-09
0.00372803117717927,147.549025937049,7.56980284488803e-07,9544.74418227153,1,1.0000177008707,9544.7441822723,9544.74418227153,3,9544.7509280847,9543.61040508874,19088.3613331734
0.871564150177045,88484376.7395233,0.00238446913026866,595250414620.814,1,1.00229800938159,595250414620.814,595250414620.814,3,595250415037.69,595250408461.059,1190500823498.75
1.57031481895437e-05,5.18970925483704e-05,1.62396757574003e-13,1046592.46442052,1,1.01549527660646,1046592.46442052,1046592.46442052,3,1046592.46442052,1046592.46442052,2093184.92884104
0.240783004741121,51438174.2112846,7.59610648492733e-09,243.075416579947,1,1.00000264538379,243.07553583604,243.075416579947,2,244.196339685046,-244.196220976311,0.00011870873481316
0.0449386338164583,1484058.40048934,12.6223746707777,82.5264070072334,1,1.01403211019625,82.6028585926367,82.5264070072334,2,115.408209078489,-115.353501587739,0.0547074907493938
0.000506856369645433,121162.980876692,4.81908167357967e-10,70347296.2205945,1,36395432.1540027,70347296.2205945,70347296.2205945,3,70347348.3919952,70347244.0491937,140694592.441189
0.00285650965190961,6.79176971092126,8.28293740026864e-08,5.43809291928481e-05,-1,10009675.9219947,0.00287148638355039,-5.43809291928481e-05,3,8187.15260068577,-8187.14978358036,0.0028171054135009
0.0333759384975919,75.0988134977789,0.131702085680469,50066.7767231036,1,4004032307311.76,50066.7767244299,50066.7767231036,3,50066.8048859726,50066.7485615609,100133.553447534
0.000198997882341543,0.12308983932891,0,8.12542850338784e-07,1,1.21065635548153,0.000198999541211286,8.12542850338784e-07,2,0.000385685855807793,-0.000330383749893621,5.53021059141715e-05
4.74261102452647e-05,0.0496493168215891,0,26133.7662265795,-1,14129961436.1954,26133.7662265795,-26133.7662265795,2,17183632.0342674,-17183632.0342674,6.54470465996535e-17
0.000145641389598001,0.808159131277112,5.43074807014354e-08,2.02771513187298e-05,1,1.00015033581087,0.000275554092568183,2.02771513187298e-05,2,0.000276423146721027,-2.98472943109139e-05,0.000246575852410113
3.77564976747658e-05,1774.87114900227,0,4.57641325574735e-06,1,36559.4562982953,3.80328367986398e-05,4.57641325574735e-06,2,113902.522668164,-113902.522668164,6.25777675187098e-15
0.00417192367307013,553.198419759608,0,36661681.3682096,1,1.00000745662087,36661681.3682096,36661681.3682096,3,36661681.3682256,36661681.364052,73323362.7322776
1.1988573420687e-06,35.9244382643492,2.87256351340145e-17,75795.3079375213,1,1.0000373629041,75795.3079375213,75795.3079375213,3,75795.3080104826,75795.2994969917,151590.607507474
1.02586466552318e-05,8.45411186900075,1.03536920409185e-08,89.4014629469588,1,1.00062641401264,89.4014629470173,89.4014629469588,3,89.415150042151,89.014588970328,178.429739012479
2.08787027793449e-06,0.000369300063880665,0,8.26992559736827e-07,-1,27687162.2386041,2.24568897920934e-06,-8.26992559736827e-07,3,0.0480668549003305,-0.0480654362039111,1.41869641944117e-06
0.851718442632472,80.4489373954466,5.74109859001961e-07,1575.54914569142,-1,1.00000739805747,1575.54937590475,-1575.54914569142,1,1575.54937590475,-1575.54914569142,0.000230213328672023
0.0107682576260797,3.29277183345434,1.10477772270651e-11,77.5050392517963,-1,135459595327.123,77.5050399998469,-77.5050392517963,3,7247067.44288415,-7247067.4428834,7.4805060340979e-07
0.000394895637536595,25615.0715762854,1.00241712920143e-06,0.000854192663291275,-1,977311066074.404,0.00137404686956723,-0.000854192663291275,3,631072985804.493,-631072985804.492,0.000519854205945598
0.000126517756305289,11314.5248573495,8.81383152417858e-05,8811.39798316754,-1,1.0000023198058,8811.39798317254,-8811.39798316754,1,8811.39798317254,-8811.39798316754,5.00228920273621e-09
0.000233795192374751,4355.01202963012,0,2.9255765898921e-08,1,1.00281214583324,0.000233795194205199,2.9255765898921e-08,2,0.000236433160232721,-3.52199841011431e-05,0.000201213176131578
0.00802944025490695,2.90472459216274,4.93103243638151e-06,1092983962.95172,1,977885.043867686,1092983962.95172,1092983962.95172,3,1092983962.95172,1092983962.95172,2185967925.90344
0.109668274445487,8313095.65640961,0.264784023407347,1.97772330219563e-05,1,24589583347256.2,0.526128457905802,1.97772330219563e-05,3,65673088663302.2,-65673088663301.7,0.52614823513877
6.81446018005906e-06,5.33435343927361,0,0.047299939728613,-1,242204205224.68,0.0472999402194896,-0.047299939728613,3,28998796752.0837,-28998796752.0837,4.90629436427314e-10
0.54292356737437,1177.090099316,6.14519673941265e-08,16668017.1682373,1,1.00114169677413,16668017.1682373,16668017.1682373,3,16668017.1701313,16668017.1285684,33336034.2986997
6.60945647992513e-05,21.4713291393737,1.71530138633474e-14,5.75510836666943e-06,1,1.00005917959201,6.6344780663805e-05,5.75510836666943e-06,2,6.6485718529248e-05,-7.20014717447457e-06,5.92855713547734e-05
0.0249729207498026,4736.67043040754,0,20110.9019724927,-1,1.0023523947834,20110.9019725082,-20110.9019724927,1,20110.9019725082,-20110.9019724927,1.55051914535881e-08
0.000128669995497426,6173.05169198117,1.67897632680829e-08,4.09042305482193e-07,-1,4.11481101801746,0.000182608593239744,-4.09042305482193e-07,2,0.00598769191080546,-0.00598490674010178,2.78517070367708e-06
0.012036882657833,104329.891286581,2.08174984312135e-11,701968.067358149,-1,38436.3080550473,701968.067358149,-701968.067358149,1,701968.067358149,-701968.067358149,1.03200253453992e-10
3.61494990741593e-06,0.000247573563299108,1.5017165409324e-12,8.94458392653041e-06,-1,596750810.61414,9.72497614355969e-06,-8.94458392653041e-06,3,0.0392717781108238,-0.0392709977186068,7.80392217029221e-07
0.00802515099304689,80.9799892227949,1.1521442832422e-05,0.580309923096872,1,973415.284016409,0.580375336602092,0.580309923096872,3,2825.53164603777,-2824.37096077956,1.16068525820828
6.05497157940808e-06,0.00540321482606359,6.95583608531841e-17,1.07462809492931e-08,-1,13321.1218700273,6.05498685947002e-06,-1.07462809492931e-08,3,2.41781490558611,-2.41780886815809,6.03742801811433e-06
0.000185389901593417,23.8372962156907,3.2532087009314e-09,1317.27805280564,1,9713064662844.4,1317.27805280566,1317.27805280564,3,1317.38589197629,1317.17021363501,2634.5561056113
1.67638881794003e-06,3.25272775696739e-06,0,6.04125719328967e-09,-1,2606.30785686784,1.67639970344272e-06,-6.04125719328967e-09,3,4.00223557654581e-06,-2.33187730149399e-06,1.67035827505182e-06
0.00857529990423842,489706.475351306,0,43533.9528907549,1,9620786181746.4,43533.9528907558,43533.9528907549,3,1420691.41319988,-1333623.50741837,87067.9057815107
0.101723362609712,5922.84379499401,1.35279688656635e-06,862848.113840202,1,3023112.82509286,862848.113840208,862848.113840202,3,862858.277876626,862837.949803784,1725696.22768041
0.0546671226968776,1652831.29745084,7.89166660304246e-11,0.0025223879327772,-1,2.94578148774575,0.0547252850495596,-0.0025223879327772,2,0.853868990823418,-0.852117221458955,0.00175176936446277
0.000145568386250917,172.166637092553,0.000105756904573335,0.00499925373498579,1,639397616181.878,0.0114354987925836,0.00499925373498579,3,901788.793408768,-901788.776974015,0.0164347525275693
0.680392242463977,15.6417851352767,0,0.540029635771959,-1,8781179021544.55,0.868657361171339,-0.540029635771959,3,372.417509969056,-372.088882243656,0.32862772539938
0.202958453466133,103032898.239309,0.00429337305238165,0.392417808237489,1,1.82876281635839,0.446628753113435,0.392417808237489,2,4.73836215437598,-4.7335600132603,0.00480214111568203
1.4724026163193e-05,4.08932318844985,0,2.88463880145306,1,1.00029709480824,2.88463880149064,2.88463880145306,2,3.02875152385911,-3.02875152382332,3.57898204504143e-11
0.00206325979938777,1137876.69991763,0,1.16884651768665,1,1233.74566115486,1.16884833872886,1.16884651768665,2,7116540.92151207,-7116540.92151207,2.99094816338465e-13
0.00981421026347588,5206.66152289915,1.8301577426153e-05,4131639.76222305,1,511.543910711068,4131639.76222305,4131639.76222305,3,4131641.40257046,4131638.12187251,8263279.52444296
0.000325040332895455,1.32167087227877,4.416565753321e-13,56.1750898596354,-1,1.02054256141144,56.1750898605757,-56.1750898596354,1,56.1750898605757,-56.1750898596354,9.40378199024431e-10
0.00197131469960708,6.08191352532905,5.52563279648896e-14,4796437.24470881,-1,60.0199511640892,4796437.24470881,-4796437.24470881,1,4796437.24470881,-4796437.24470881,4.0510085943793e-13
0.000142196454797126,16793.5372376958,1.58338708520391e-08,0.000141270695472755,-1,578641.656443463,0.000236666668562064,-0.000141270695472755,2,63882135.9516331,-63882135.9516331,2.82189238601909e-16
4.40572291463719e-05,159.950242452733,2.93381142382712e-09,0.62692195256963,-1,1.00016931218557,0.626921956457555,-0.62692195256963,1,0.626921956457555,-0.62692195256963,3.88792482763287e-09
0.0803032972900461,734988.714196354,15.9488943157698,3221408080.2291,-1,1.00007750103272,3221408080.2291,-3221408080.2291,1,3221408080.2291,-3221408080.2291,2.47645478901741e-09
0.0313022743277354,382504.762615464,4.45062780976338e-11,41502048.0681728,1,2.87426238955289,41502048.0681728,41502048.0681728,3,41502900.9919798,41501138.3079628,83004039.2999426
2.88921032629718e-05,8.39473283914533,0,0.0708503445147232,1,15827872.4047084,0.0708503504056868,0.0708503445147232,3,248.734201929659,-248.59250123474,0.141700694919914
0.00115075734268191,0.0260001686441264,1.27857880378695e-09,3815.93388182347,-1,435838.896751281,3815.93388182365,-3815.93388182347,1,3815.93388182365,-3815.93388182347,1.7368239094157e-10
5.17871395041667e-06,2714.61983545027,2.62586523275103e-11,5.37832692382086e-05,1,9.00022347416203,5.42744671135275e-05,5.37832692382086e-05,2,0.0173979978734062,-0.0173979963480085,1.5253977273937e-09
0.0051210783401947,2577.50847864741,1.97213190617063e-10,286.958477827352,1,1.00003490903915,286.958477873048,286.958477827352,2,291.794247735965,-291.794247691027,4.49385839253282e-08
5.34704461413e-05,39998.836518974,2.90124543064999e-07,6645604.36826429,1,1289681.83084007,6645604.36826429,6645604.36826429,3,6645664.5549243,6645544.18160427,13291208.7365286
0.0191476678199232,0.66181590944958,1.40421225048119,4.50907793154251e-05,-1,1.00005864679789,1.18514930945316,-4.50907793154251e-05,2,1.18542636169636,-0.0256276284608746,1.15979873323548
0.00156263284001006,0.129305590396663,6.16906437644026e-11,567992129.133091,-1,4884535063215.2,567992129.133091,-567992129.133091,2,102572044385.488,-102572044385.488,1.19032583290655e-17
1.01600909081912e-06,1.53295442674334,0,0.00021965114970422,1,45035.1811962561,0.000219653499496043,0.00021965114970422,3,2678.65048787654,-2678.65004923225,0.000438644287023746
3.61315611103914e-06,87.838234943436,1.95111279962135e-08,5.93539431596531e-06,1,252429902.627628,0.00013985496701577,5.93539431596531e-06,3,26461168.0634787,-26461168.0633329,0.00014579015369824
0.000237344760040632,30.2997107093503,0,4.22479157630193e-05,1,1196959642498.54,0.000241075551446148,4.22479157630193e-05,3,1620184.30416993,-1620184.3038866,0.000283323467209167
0.00208364506491061,428576.047673288,3.48669801582399e-12,0.0218282246010069,1,3999.06943863666,0.0219274478559459,0.0218282246010069,2,1399530.07323534,-1399530.07323534,1.55108501283855e-12
1.12296367172057e-05,5.32326346188678e-05,1.04958885624298e-10,3.00284511786443,1,47720.9689905471,3.0028451179029,3.00284511786443,3,3.00284511812832,3.00284511763901,6.00569023576733
0.0169292605897686,10949.6763447521,0,17162.2207549279,1,62.3742183379168,17162.2207549363,17162.2207549279,3,18908.6219429479,15415.5950818159,34324.2170247637
0.0187535889327381,1.90980534757782,0,0.007737587972327,1,399229.719366778,0.0202871231446851,0.007737587972327,3,65.0879479434806,-65.0599232325677,0.0280247109128902
0.0397892236619588,499.427478182138,8.52268119883637e-08,0.000188812854668243,-1,7755879308158.12,0.0397907426008545,-0.000188812854668243,3,3149187.54124334,-3149187.50164141,0.0396019297461862
1.97551564569828e-05,12097.3085458035,1.91659479764328e-17,2.36250682421171,-1,1.00000182694407,2.3625068242943,-2.36250682421171,1,2.3625068242943,-2.36250682421171,8.25957880416312e-11
0.0137533896951529,109204.22432913,0.000328320743770892,25206.605173515,1,70244416.6968531,25206.6051735253,25206.605173515,3,143484.756170378,-93071.545823338,50413.2103470403
0.0286710210470755,1231031.48242117,0,81330.9418008713,-1,17808.1747667658,81330.9418008764,-81330.9418008713,1,81330.9418008764,-81330.9418008713,5.05359602188337e-09
0.113121702148271,148599.19605727,109.02272959047,4638.76396436208,-1,78407988123.3828,4638.77571699584,-4638.76396436208,3,939437140816.686,-939437140816.674,0.0117526336880259
1.78523895637113e-06,0.00229090870629664,1.58201196787668e-11,0.413087419710589,-1,282176470338.235,0.413087419733595,-0.413087419710589,3,114061.942283994,-114061.942283994,2.30062649101579e-11
8.54972612588361e-05,0.183568305729585,4.4908018058669e-08,206.572164992868,-1,33.5563008522052,206.572164992995,-206.572164992868,1,206.572164992995,-206.572164992868,1.26391180881552e-10
0.268482531619542,4158.40888462825,0.000249836782557293,40501.8621437922,-1,1.07118350976916,40501.8621446851,-40501.8621437922,1,40501.8621446851,-40501.8621437922,8.92955320298584e-07
0.0500495019367206,127973.557925283,8.61291223262368e-11,0.00153958352850223,-1,7634053456.39337,0.0500731769282134,-0.00153958352850223,3,168720579595.616,-168720579595.567,0.0485335919521808
1.51246952731043e-05,1.07989433810085,0,5.02888605903829e-08,1,159607753.78006,1.51247788768552e-05,5.02888605903829e-08,3,38423.9418177557,-38423.9418025806,1.51750669832847e-05
3.93967147001759e-05,0.0626965525505179,9.56324917954888e-15,1.57394576051736e-08,-1,1.00006550756481,3.93968392151802e-05,-1.57394576051736e-08,2,3.94068023743334e-05,-8.8621721577313e-07,3.85205851585603e-05
0.389913193667235,35.723117147296,0.0126988754095621,41149.0540229428,-1,5107.90087809767,41149.0540249445,-41149.0540229428,1,41149.0540249445,-41149.0540229428,2.00163986648991e-06
0.00989174021570398,1041834.36951673,0.0030201382872621,7.44118458649164,1,2.11934758126436,7.4413940921747,7.44118458649164,2,118.343727805012,-118.343714631584,1.31734272830817e-05
0.405254205939001,236938766.605137,2.7524156835944e-06,0.190324910251889,-1,2.4480330770238,0.447724575279628,-0.190324910251889,2,2.83640409614146,-2.80730377279715,0.0291003233443089
0.00106966911342192,560.474735437323,3.40062907255162e-08,54308.9481128323,-1,3754.76297145434,54308.9481128324,-54308.9481128323,1,54308.9481128324,-54308.9481128323,1.08471839712908e-11
0.00406122712878449,0.188046862392729,2.28793988785553e-08,620.776898747601,-1,7.14222174750577,620.776898760904,-620.776898747601,1,620.776898760904,-620.776898747601,1.33030443172081e-08
4.14371740215706e-06,0.00396914278713256,0,4.18662933451415,-1,4700.60360415273,4.1866293345162,-4.18662933451415,1,4.1866293345162,-4.18662933451415,2.05062265333404e-12
6.52662520339562e-05,56455.4441112342,2.13091709301538e-14,246.900020881035,-1,1.00000286893193,246.900020881044,-246.900020881035,1,246.900020881044,-246.900020881035,8.62637627273273e-12
7.76939027514835e-05,133.236785873988,0,72724.8706549488,-1,120036.162226894,72724.8706549488,-72724.8706549488,1,72724.8706549488,-72724.8706549488,4.15012255807031e-14
0.107388024087649,4.58216331374181,1.20129645711534e-10,0.0119339608144048,1,27928479972.5456,0.108049096517735,0.0119339608144048,3,87.5565977194854,-87.4366146621532,0.11998305733214
0.0313596626340932,9.23787563963985,6.2668954242539e-05,12239183.6423712,1,36060349437607.3,12239183.6423712,12239183.6423712,3,12239183.642373,12239183.6423695,24478367.2847425
7.82906376052748e-05,10.445196233327,0,2439.05440765832,-1,6897082489226.57,2439.05440765832,-2439.05440765832,2,119544338235216,-119544338235216,2.5636613273061e-23
0.173119318984886,11.5119054077516,0,110000284.067385,1,1.00031978954118,110000284.067385,110000284.067385,3,110000284.067385,110000284.067385,220000568.13477
3.26128785668931e-05,0.109549858203629,0,1.4123512750928,-1,173723.57312691,1.41235127546933,-1.4123512750928,2,22.727572244712,-22.7275722446886,2.33988882967236e-11
5.83434148289e-05,0.000155840631408498,0,0.00192646077258838,1,1.00000130727541,0.00192734404359359,0.00192646077258838,3,0.00192735280543786,0.00192104204384792,0.00384839484928578
0.0229130531273782,11690040.5235209,1.79183398517139e-11,25008794.3117821,-1,1616479914629.33,25008794.3117821,-25008794.3117821,2,54854695643883.8,-54854695643883.8,4.78544284471783e-18
0.00156318439253087,0.0645714298148013,2.18178751756645e-09,1.37740233496927e-06,-1,299054025.929926,0.00156388270973461,-1.37740233496927e-06,3,1.335007674276,-1.3334451689686,0.00156250530739963
6.29391801845327e-05,126.034313791417,1.16807219313784e-08,0.00420734749700359,-1,1.0847806394779,0.0042092059848475,-0.00420734749700359,1,0.0042092059848475,-0.00420734749700359,1.85848784391486e-06
0.666492013686318,470995429.511415,0,0.00300172024084595,-1,68914173849.2139,0.666498773166199,-0.00300172024084595,3,167176763245077600,-167176763245077600,0.66347945227123
4.17021216905183e-05,638.278402987142,7.09053471740476e-12,158.334557074556,1,6620402876069.94,158.334557074561,158.334557074556,3,801.591669177975,-484.922555028857,316.669114149117
0.0033178379309483,42.1869389710595,1.45781165754184e-11,3757.11992344563,1,3.54636770390039,3757.1199234471,3757.11992344563,3,3757.23589531295,3756.99904647424,7514.23494178719
0.00424248504716601,0.209736809860474,8.40069726363336e-09,787198.395314744,-1,192.437363461955,787198.395314744,-787198.395314744,1,787198.395314744,-787198.395314744,1.14374471415755e-11
0.000104930641669583,26.8254073493082,1.99547126872642e-14,2.15916521219258e-06,-1,36344275973.0877,0.000104952949031062,-2.15916521219258e-06,3,3500223.71364475,-3500223.71354196,0.000102793783817544
0.945085471183591,160031.220421322,2131.34033434649,1.90071536456292,-1,1.06720545418577,46.2152165394843,-1.90071536456292,2,57.5442135763335,-34.3380691831143,23.2061443932192
0.0863727041576176,44.6135240448629,23.5910843135751,0.00975941291554615,1,2026014.59570504,4.85784312259453,0.00975941291554615,3,209.307472375155,-204.43986983967,4.86760253548518
0.002550554414573,33347.3551965781,4.73018940657082e-05,15.8898183715865,-1,409435.604950095,15.8898200647216,-15.8898183715865,2,567665.926271134,-567665.926271134,4.73933870232914e-11
0.00899124926186533,208603.564151258,0.269370157593255,1128502019.59129,-1,2.5370791296196,1128502019.59129,-1128502019.59129,1,1128502019.59129,-1128502019.59129,1.19384367718779e-10
0.0612705912639757,113.572520000259,21.515183651557,0.0909028839655947,-1,1.00153677926175,4.63974148754261,-0.0909028839655947,2,4.65818581534842,-0.423978010517454,4.23420780483097
0.00113888229677155,0.0122634371117224,1.55344278529418e-09,67999.2202291785,1,10811.8269777401,67999.2202291785,67999.2202291785,3,67999.2202291791,67999.220229178,135998.440458357
0.00563826687951071,0.0746098143688388,8.62389148609464e-08,1.14705037670198,-1,356647571279.875,1.14706427151423,-1.14705037670198,3,200.316158705025,-200.316144810212,1.38948122510938e-05
0.000175909337926108,23637.0398544468,1.73642920514925e-07,61.6611889348723,-1,36799620.1602148,61.6611889365313,-61.6611889348723,2,4493169.94133586,-4493169.94133586,2.2766445333214e-14
0.788335020887734,1068.84378611103,6.25359625059328e-09,930494.415701853,1,4019614532854.12,930494.415702187,930494.415701853,3,930494.722642884,930494.108761156,1860988.83140404
0.0991992214143207,1.04346784857813,0,0.0313007248932606,-1,405033314829.964,0.104020290847752,-0.0313007248932606,3,7.52282602301002,-7.45010645705553,0.0727195659544918
0.429459351120457,10.6558402625792,0,0.0971595647453666,-1,1.00174797071467,0.440312747131301,-0.0971595647453666,1,0.440312747131301,-0.0971595647453666,0.343153182385934
0.23268070413833,1906.66859436124,227.648757012005,1.96962939352074,-1,57.6617312899502,15.2178295847307,-1.96962939352074,2,88083.9779354005,-88083.9766428675,0.00129253301411818
0.00451720699813936,101193.247842311,0.0001872218484721,0.00373582482074282,-1,22668.734010231,0.0148856774997787,-0.00373582482074282,2,11459183.0670333,-11459183.0670333,9.05941576819107e-12
1.90472307228077e-05,0.0613391641442405,7.70655742828388e-08,17.4372202023588,1,1.00852699836913,17.437220204579,17.4372202023588,3,17.4372325963013,17.4371247069977,34.874357303299
1.60420233904384e-05,168.658157725293,0,14.0480161490936,1,1.00107982963376,14.0480161491028,14.0480161490936,2,15.4161720795475,-15.4161720795392,8.34664121325107e-12
2.42758768888497e-06,0.0424188342954587,6.8870717492159e-09,3.40612587600113e-05,1,1.00192793224105,8.97392571816793e-05,3.40612587600113e-05,2,9.46722758776962e-05,-4.54958777106178e-05,4.91763981670784e-05
0.000240452103131228,697.125747523988,2.09744102095756e-11,2.13836866991798e-07,1,1.00568445474522,0.000240495808771475,2.13836866991798e-07,2,0.000246025626322604,-5.18692635092254e-05,0.000194156362813379
3.60943901308283e-06,1781.90818658556,1.32016623094352e-10,0.0208690820005764,-1,1.00000188645064,0.0208690854756852,-0.0208690820005764,1,0.0208690854756852,-0.0208690820005764,3.47510879978163e-09
0.0883685590042144,2255136.22158573,3.34854117459398e-08,792583380.8591,1,10485.9107659253,792583380.8591,792583380.8591,3,792584984.992964,792581776.725228,1585166761.71819
8.91413924118651e-06,9.35228081666854e-06,0,92.6169604539688,-1,7.61972355036282,92.6169604539693,-92.6169604539688,1,92.6169604539693,-92.6169604539688,4.28981247180715e-13
0.000525451816641578,0.685776381517462,8.5099912214375e-10,38380975.123154,-1,3474039.44814558,38380975.123154,-38380975.123154,1,38380975.123154,-38380975.123154,3.60791524766397e-15
0.0136921485602386,20.4332684672878,5.36930348389311e-08,1712.39593632721,1,477053.865576062,1712.39593638197,1712.39593632721,3,1712.45689165871,1712.33498105047,3424.79187270918
0.00113624008533825,0.886633054504133,4.62518737881115e-07,9.1654798224456e-05,1,1.00067728549691,0.00132738874164585,9.1654798224456e-05,2,0.00133773837389598,-0.000189693667746912,0.00114804470614907
6.11088823876554e-06,0.107087406340896,0,2.23636035268027e-09,-1,1.0000070720256,6.11088864797834e-06,-2.23636035268027e-09,2,6.1110446926182e-06,-4.37283488604604e-08,6.06731634375774e-06
2.6645171792507e-05,0.00470578369280662,0,48683.7591597652,1,2278507721.30216,48683.7591597652,48683.7591597652,3,48683.7591597653,48683.7591597651,97367.5183195304
0.0392346850520494,0.0421716446963379,0,1312.17205466229,-1,1.4844584165847,1312.17205524886,-1312.17205466229,1,1312.17205524886,-1312.17205466229,5.86569613839864e-07
1.32852266576662e-05,0.00877706234048166,7.96036877433615e-08,9.84362640868971e-07,1,382.885590858302,0.000282455578738526,9.84362640868971e-07,3,0.136401296575435,-0.136118320884602,0.000282975690833535
4.92985484821704e-06,0.000658946835998058,0,2.92320763060986e-05,-1,730.384452253367,2.96448604987452e-05,-2.92320763060986e-05,2,0.440408493548129,-0.440408493520537,2.75919619867576e-11
0.283263949887562,8107124.55587394,34.8304064577113,235205.590457176,-1,5.32862082854118,235205.590531389,-235205.590457176,1,235205.590531389,-235205.590457176,7.42130424061196e-05
0.0504415985562489,33.2410169963091,0,284120299.850634,-1,1513872.71628669,284120299.850634,-284120299.850634,1,284120299.850634,-284120299.850634,4.4776013298722e-12
0.00123109290293938,510765.261010756,0,59669.7250092214,-1,1.02754361606897,59669.7250092215,-59669.7250092214,1,59669.7250092215,-59669.7250092214,1.269982168875e-11
0.000726374358054029,88803.7266838966,0,92292982.3679313,1,383433.449927994,92292982.3679313,92292982.3679313,3,92293003.7295281,92292961.0063346,184585964.735863
4.09901877975702e-05,0.317732252294805,0,0.0170595413340689,1,1.00000164281264,0.017059590579035,0.0170595413340689,2,0.0171215480606867,-0.017121498993923,4.90667636265124e-08
0.126238519686958,73.27981183493,0.006710058654488,2526.78540053593,1,3533651.81395246,2526.78540501716,2526.78540053593,3,2527.31670408202,2526.25410147107,5053.57080555309
0.190374504147333,453.343268251803,1.45104837893247e-06,95667395.0291789,1,29403572.5779901,95667395.0291789,95667395.0291789,3,95667395.029716,95667395.0286418,191334790.058358
0.0249827164736578,0.100964324145064,0,54967880.8109417,1,583244498.396946,54967880.8109417,54967880.8109417,3,54967880.8109417,54967880.8109417,109935761.621883
0.949669206213865,3262.68616296273,0,1.55926173083764,1,1.00000203957218,1.82569678382958,1.55926173083764,2,1.83201014253283,-1.56664915061167,0.265360991921154
0.00345624199364099,0.179436944155588,4.86720256119029e-06,6.1572156375188,1,30854221860053.6,6.15721700281201,6.1572156375188,3,6.15852383002278,6.15590881030802,12.3144326403308
0.00359710859550191,0.331677917690111,7.61813662582388e-09,0.00264733507369464,1,494735.974246855,0.00446712338948381,0.00264733507369464,3,7.73501349641123,-7.72789903796384,0.00711445844738659
1.47174260827784e-05,0.0351448450838235,4.87343379164557e-17,43185.162102187,-1,720156.718033388,43185.162102187,-43185.162102187,1,43185.162102187,-43185.162102187,2.50783682047839e-15
2.34999349022367e-06,5.01918696781962e-05,8.56486721232805e-15,3.26698378863207e-10,-1,1.01230057135052,2.35181512411962e-06,-3.26698378863207e-10,2,2.46813741859766e-06,-7.48777701174359e-07,1.7193597174233e-06
0.000151093220738133,110.782826552013,0,2091184.06454409,-1,566469.659804914,2091184.06454409,-2091184.06454409,1,2091184.06454409,-2091184.06454409,5.45842944676399e-15
1.84969656350561e-06,0.00641058091321575,0,1.16619143801321e-09,-1,395998872999.737,1.84969693113411e-06,-1.16619143801321e-09,3,11.1157337499046,-11.1157319013739,1.8485307396961e-06
8.16029467510304e-05,146.090982971487,3.1342969502771e-08,1974.90076323006,1,852236.913715695,1974.90076323007,1974.90076323006,3,1977.60249079316,1972.19903566697,3949.80152646013
1.02576679597603e-05,0.000148991917302768,3.39102195143543e-16,0.0011649550103361,-1,1.0394457185254,0.00116500017004216,-0.0011649550103361,1,0.00116500017004216,-0.0011649550103361,4.51597060582967e-08
0.000670662997271726,434.310998213217,9.98785238723541e-11,443456884.262276,-1,17153101004324.7,443456884.262276,-443456884.262276,2,298496337489.2,-298496337489.2,7.53591716095419e-19
4.91001391036832e-06,28.3030902025917,4.72018117478115e-15,22296.7885599408,-1,18842554.8400179,22296.7885599408,-22296.7885599408,1,22296.7885599408,-22296.7885599408,5.40727125710545e-16
1.31104144400062e-05,0.0436478299305684,7.18282215360019e-08,0.401867123432567,1,3.72660857633371,0.401867213014536,0.401867123432567,3,0.403030313173027,0.400659741489558,0.803690054662585
8.81067172300685e-06,0.418386829289786,0,2.91314681604693e-09,-1,18612011733556.7,8.81067220460601e-06,-2.91314681604693e-09,3,9937.12122755662,-9937.12121874886,8.80775905778996e-06
0.0017202513710041,181068.211986637,0.00646428405363215,4.286598269607e-07,1,6629559275.05199,0.0804191725808923,4.286598269607e-07,3,203841462974.392,-203841462974.311,0.0804195989217595
0.000121535015116513,0.101306431467107,8.16054184826924e-06,1.36954612724045e-08,1,150282218.688639,0.00285925035776096,1.36954612724045e-08,3,1.79754803999125,-1.79468877593803,0.00285926405322219
0.0464089627363063,0.135070892417927,0,9.9273833180362,1,1.00019368906308,9.92749179476094,9.9273833180362,3,9.92750743555257,9.92658852461273,19.8540959601653
4.56223774571684e-06,2071.46712974958,0,1519.4621277427,-1,1.00006301228066,1519.4621277427,-1519.4621277427,1,1519.4621277427,-1519.4621277427,6.84913854330958e-15
0.000145319240876901,8701.27110606388,4.40096484161977e-11,187377.925024793,1,1.1138209636373,187377.925024793,187377.925024793,3,187439.706751398,187237.633899248,374677.340650646
0.000809043354967075,52590.3665475929,0,2041359.51953258,-1,2501479932408.65,2041359.51953258,-2041359.51953258,2,2006402860721.82,-2006402860721.82,1.63115584369955e-19
1.04560908140109e-05,32.4455240461262,0,0.000443771403836865,-1,1430737.96772199,0.000443894569350035,-0.000443771403836865,2,504242.353142877,-504242.353142877,1.08410008034235e-16
0.0164750977060226,64.0065207719795,1.64847713238443e-08,18988948.2058842,-1,1623189597338.63,18988948.2058842,-18988948.2058842,2,37663438330097.2,-37663438330097.2,3.60356543679392e-18
2.30108558213931e-05,0.00349435058364732,0,21438.1971096156,-1,3349039392447.02,21438.1971096156,-21438.1971096156,3,495259429.355268,-495259429.355268,1.23273634762815e-14
0.000568713501889968,271.540945342135,1.26658815642264e-07,10703379.1012519,1,2545.61114651787,10703379.1012519,10703379.1012519,3,10703379.1029742,10703379.0995297,21406758.2025039
0.000939259288305807,6204.23992051815,0,82862956.1620502,1,1.00000443196905,82862956.1620502,82862956.1620502,3,82862956.1627396,82862955.930473,165725912.093213
0.00029331222650473,37441.9847971304,4.77735239187939e-15,6.2076025466836e-08,-1,729959791749.034,0.000293312241217354,-6.2076025466836e-08,3,2390283796351.56,-2390283796351.56,0.000293250162948927
0.000385169215541442,25.7559182009329,2.34241826347854e-10,614886.445847889,1,1414745059.70819,614886.445847889,614886.445847889,3,614886.4461176,614886.445578178,1229772.89169578
0.000127704439474614,1.2456349860693,5.29535398831567e-07,956695.63120111,-1,2561023518092.21,956695.63120111,-956695.63120111,2,3742154744231.92,-3742154744231.92,7.29317545639241e-20
0.00107210272120039,3652.97315075838,2.61116972266273e-14,136393.684894524,1,1.12695938576954,136393.684894524,136393.684894524,3,136409.123871109,136360.202634212,272769.326505321
7.41812472137224e-06,0.00253058901779202,1.49505091538283e-12,1.50467602440548e-06,1,1.00000927379772,7.66731212587811e-06,1.50467602440548e-06,2,7.6805570500489e-06,-1.57077410910643e-06,6.10978294094247e-06
2.21673860802511e-06,5.10709717590058,4.44555025420868e-14,487350.852612213,-1,1.05274650451355,487350.852612213,-487350.852612213,1,487350.852612213,-487350.852612213,5.08708000845193e-18
0.00977732947215603,7160.68617461676,0.00923736337946206,9.1776371274156e-05,-1,12.0287879216186,0.0966072873750809,-9.1776371274156e-05,2,27.8334788769561,-27.8333112193718,0.000167657584260185
3.54543389192241e-06,9.63974983601647e-05,6.08756540259444e-17,4.82774548929145,1,14944137248.2212,4.82774548929275,4.82774548929145,3,4.8277454897733,4.8277454888109,9.6554909785842
0.000194572174494525,0.0503876389285146,2.0940936151088e-13,24.8479605123061,-1,1.0000161867223,24.8479605130679,-24.8479605123061,1,24.8479605130679,-24.8479605123061,7.61803780184681e-10
0.595633657512663,6482800.58028609,1.09957885696163,4150.04846513928,-1,19.7008527538637,4150.04864036112,-4150.04846513928,1,4150.04864036112,-4150.04846513928,0.000175221842881785
0.0316059611353657,0.0429022852585957,0.0030341970403107,631.311365769753,1,7.55394947316188,631.311368964004,631.311365769753,3,631.311369295833,631.311365434978,1262.62273473081
0.0102332509413701,0.591529568711271,0,0.000599713475713218,1,1.00329004036447,0.0102508088013583,0.000599713475713218,2,0.0104836281288752,-0.0022775060736452,0.00820612205522999
0.00178626024762831,2.22198110828533,5.20639069101348e-14,8417.15814564505,-1,112597942.182387,8417.15814564524,-8417.15814564505,2,4806012.47478512,-4806012.47478512,3.31951460910817e-13
0.000192775778336865,0.00255230241665103,0,1.95705983307466e-07,-1,1.07045032561103,0.000192775877677203,-1.95705983307466e-07,2,0.00024885394011468,-0.000157371480253624,9.14824598610563e-05
0.000207572533277996,0.208196698639348,1.15201478551211e-11,9.51082481962745e-08,-1,65190695.2830981,0.000207600302901703,-9.51082481962745e-08,3,104.445357305864,-104.445149800669,0.000207505194641218
5.16010791053153e-05,1.79726141845746,1.96933974440044e-12,83721.1017914397,-1,2048144076.38961,83721.1017914397,-83721.1017914397,2,133513.361442774,-133513.361442774,9.97892898427071e-15
1.11526904038137e-06,3.87124754562235e-05,1.28419215006385e-12,0.0236791774028061,-1,107.150724224765,0.0236791774561867,-0.0236791774028061,1,0.0236791774561867,-0.0236791774028061,5.33805954624916e-11
1.26883787676768e-05,2611.96751078866,2.53268459564219e-12,584463.535346274,-1,12167492583594.8,584463.535346274,-584463.535346274,2,41422464053.4847,-41422464053.4847,1.97390044368831e-21
1.37518209838128e-05,0.00231080625810131,4.34830291220869e-08,221.743360333945,1,1.14824085284214,221.743360334044,221.743360333945,3,221.743360338011,221.743360325873,443.486720663884
0.0907193060269781,232.930903939486,0,229911639.763415,-1,1.00168856915898,229911639.763415,-229911639.763415,1,229911639.763415,-229911639.763415,1.78981640392052e-11
0.000483788197542483,0.00654671767725788,0.00159868046080709,2.52271544732029e-06,1,282.679841288375,0.0399864291752998,2.52271544732029e-06,3,0.0405193946926264,-0.00053044613678467,0.0399889485558417
0.22647619013608,310.208648400758,55.158368009891,0.00190984334914668,-1,1.00000595681804,7.43032052620149,-0.00190984334914668,2,7.43048438681778,-0.0493836830671389,7.38110070375064
0.000383141060208559,3.16503293296284,0,4.82560238033447e-06,1,2.57803083031575,0.00038317144786123,4.82560238033447e-06,2,0.00476925167026188,-0.00475383681064863,1.54148596132442e-05
0.002154557576787,0.0312427100827171,1.29573018175842e-08,0.0402885171665971,1,1.00563554471501,0.0403462475471597,0.0402885171665971,3,0.041687696214969,0.0275997124096794,0.0692874086246484
0.000808636057690017,3051.07881056586,0,18147382.3225117,-1,11381.7888845615,18147382.3225117,-18147382.3225117,1,18147382.3225117,-18147382.3225117,1.80161596360183e-14
0.0931320507919249,1905269.84487443,1.70870216431453,5292033187.79524,-1,1.00000620539806,5292033187.79524,-5292033187.79524,1,5292033187.79524,-5292033187.79524,1.62260484983346e-10
1.59251737552311e-05,0.00274236383109445,3.91788063864245e-07,905896.347386266,-1,1.00000932325423,905896.347386266,-905896.347386266,1,905896.347386266,-905896.347386266,2.16383296032993e-13
0.0017989080694064,3173.00664479357,3.2219948874855e-07,88778.2110934858,-1,719590.570333358,88778.2110934858,-88778.2110934858,1,88778.2110934858,-88778.2110934858,2.00402198191235e-11
1.17085099138485e-05,143.949080046902,9.74195075355274e-18,1.97018578915903e-06,1,119087.251828381,1.18731144266551e-05,1.97018578915903e-06,2,392645.097622467,-392645.097622467,1.74571406818446e-16
0.0280755328449937,0.796132516056789,9.02656620239031e-10,1.17307702168471e-05,1,1.00032039415416,0.0280755513712181,1.17307702168471e-05,2,0.0281121322439346,-0.00143371270257618,0.0266784195413584
0.160619648310587,0.233153189076325,3.8231290155932,13278845716.9473,1,3315805.52934186,13278845716.9473,13278845716.9473,3,13278845716.9473,13278845716.9473,26557691433.8945
1.14590443818191e-06,9.95852475832449,7.92340567952244e-15,7.91197653913568e-10,-1,1.00022981146404,1.14935678234317e-06,-7.91197653913568e-10,2,1.15037951077411e-06,-4.85039347307017e-08,1.10187557604341e-06
0.000357006009047101,195642.629929951,0,0.0118044170156237,1,1.0000043928721,0.0118098143240799,0.0118044170156237,2,0.0118800005938604,-0.0118746351868017,5.36540705875585e-06
3.41271200108855e-05,0.000251463847764191,3.84596618304328e-15,75.6452049507997,1,33030.4387807756,75.6452049508074,75.6452049507997,3,75.6452049510125,75.6452049505946,151.290409901607
1.75357515632322e-05,0.014593866868469,1.06839372226969e-13,892873.882042046,-1,534.457574696862,892873.882042046,-892873.882042046,1,892873.882042046,-892873.882042046,1.72258046990976e-16
1.84962038292303e-06,0.0121188607571378,5.20083572016835e-18,1.55070295157565e-09,1,3268.02949182087,1.84962243888846e-06,1.55070295157565e-09,2,39.5411185076731,-39.541118507673,4.32600403184876e-14
4.82848913010902e-06,2009.42112736475,3.94575669584608e-08,10.4161924174193,-1,5254023038.87947,10.4161924193145,-10.4161924174193,2,104631340596.251,-104631340596.251,1.88666612894163e-19
0.165000452925705,42478.6250866187,0,6695217594.04318,1,1.01176101870239,6695217594.04318,6695217594.04318,3,6695217594.06096,6695217593.92621,13390435187.9872
0.00926220332526954,405106.582462063,0.000142910533676232,1462998339.91612,1,1.00000218187374,1462998339.91612,1462998339.91612,3,1462998340.03304,1462998283.9457,2925996623.97874
0.000900580261179433,279.655734219751,7.16738126314917e-09,0.00164143878573931,1,2.378124419586,0.00187417541212623,0.00164143878573931,2,0.0361695426030304,-0.0361582300441317,1.13125588987879e-05
0.446717126182946,1920.0521021536,0,7378208.63441462,-1,26026.037733315,7378208.63441464,-7378208.63441462,1,7378208.63441464,-7378208.63441462,1.35233496850677e-08
4.44759095881249e-06,0.0433901312896635,2.04284625984358e-18,39052.485321387,1,6640.73267718733,39052.485321387,39052.485321387,3,39052.4853213991,39052.485321375,78104.970642774
8.55065218522063e-05,0.183882529042346,1.20596359023602e-07,0.0403010260656709,-1,1.00325534728253,0.0403026129384955,-0.0403010260656709,1,0.0403026129384955,-0.0403010260656709,1.58687282464073e-06
3.52178172270948e-05,198.529178052788,0,9212018.79619584,-1,1.52543090581283,9212018.79619584,-9212018.79619584,1,9212018.79619584,-9212018.79619584,6.73193725328285e-17
1.15368984829407e-05,0.000184241162668551,0,3.05637884923223e-07,1,1248808.67307658,1.15409462836624e-05,3.05637884923223e-07,3,0.00143860656768955,-0.00142675998352142,1.18465841681281e-05
0.00364959043597481,1442.56323433132,2.65344556232672e-13,276751.367241431,1,2071524429.66516,276751.367241431,276751.367241431,3,276753.247077387,276749.487405474,553502.734482861
1.22790361384243e-06,0.000447465020226173,2.59852411685348e-12,36.4307402451015,1,15543533476.1748,36.4307402451016,36.4307402451015,3,36.4307402464756,36.4307402437275,72.8614804902031
1.09620521354226e-06,0.0174127970101661,1.2984259254604e-12,2.1672217205432e-09,1,66965018282761.4,1.58116934339988e-06,2.1672217205432e-09,3,95.7489109397178,-95.7489093563812,1.58333656512043e-06
0.286009975810784,895295.712530071,1.32337735261016e-08,4568934.63058779,-1,4.7422712351236,4568934.6305878,-4568934.63058779,1,4568934.6305878,-4568934.63058779,8.95194680061932e-09
0.0025928845201811,1619.82266093829,0,11420761.2949106,-1,172648.036969788,11420761.2949106,-11420761.2949106,1,11420761.2949106,-11420761.2949106,2.9433458774726e-13
1.88483294373842e-05,7.57075988329427,3.49136208484286e-13,2534675.56475237,1,60748069.528196,2534675.56475237,2534675.56475237,3,2534675.56475802,2534675.56474671,5069351.12950473
1.94238272914183e-06,0.000244078025837626,3.46162309281033e-12,3.33714216872019e-06,1,1829214.31962891,4.28613947667703e-06,3.33714216872019e-06,3,0.00391141646875239,-0.00390379318710757,7.62328164481337e-06
0.337589613392642,6.37741972763173,0,0.0113967143359285,-1,1.0349265323313,0.337781929901894,-0.0113967143359285,2,0.379507380362587,-0.1733756173142,0.206131763048387
1.29564163408058e-05,298.768875951244,2.92753894621156e-12,6.11482189342713e-09,1,231396.753844435,1.30689058736207e-05,6.11482189342713e-09,2,1400189.78483383,-1400189.78483383,6.09903975848456e-17
0.101740010172807,969.458690058748,0,99.0501309156549,1,703377047.062041,99.05018316711,99.0501309156549,3,2471.20730399513,-2273.10698991236,198.100314082765
0.00562153937709102,30.2656549568449,3.28561554744701e-09,1740594022.40521,1,1.00000213061885,1740594022.40521,1740594022.40521,3,1740594022.40521,1740594022.40521,3481188044.81042
0.000177225738161624,0.000787093460594297,3.26202618125365e-06,0.00230365580624899,1,1.00044194798264,0.00293262087852918,0.00230365580624899,3,0.0029363754021201,0.00217732822633888,0.00511370362845898
0.630798804216856,7477.44705852822,0.000309801898333069,1106517009.75479,1,6576034.30932841,1106517009.75479,1106517009.75479,3,1106517009.76743,1106517009.74216,2213034019.50959
0.000145667219708913,0.210642717855013,5.40383537455145e-08,4.11168440302463e-07,1,1.0000554592012,0.000274330934644136,4.11168440302463e-07,2,0.000274400454301666,-6.19004666551891e-06,0.000268210407636147
0.0221517482468153,0.280672992932796,9.13970997995968e-05,516618.110200994,-1,12136.8762905951,516618.110200994,-516618.110200994,1,516618.110200994,-516618.110200994,5.63372671898215e-10
3.55589597706382e-05,0.00266613045843466,0,2549339.14103813,1,1.00000231010281,2549339.14103813,2549339.14103813,3,2549339.14103813,2549339.14103813,5098678.28207627
0.724058674069619,812049.35303353,7.72054243072329e-07,413667.281068806,1,1.00593944960478,413667.281069439,413667.281068806,2,514365.941767284,-514365.941766775,5.09619410014467e-07
0.000888068620623421,29.244176625654,3.5033780388207e-09,592714.064046026,1,1718497128446.78,592714.064046026,592714.064046026,3,592714.064406748,592714.063685303,1185428.12809205
0.00366445554810897,401.126714226161,0.117909170389765,0.168825744421212,1,115.039689840017,0.382654845263464,0.168825744421212,2,14596.1804119906,-14596.1804079511,4.03950195571969e-06
0.000364152347052153,72382.4738039767,3.65578854886428e-08,494387.290429993,1,5464852.06568449,494387.290429993,494387.290429993,3,497036.641766183,491737.939093804,988774.580859986
0.000949051413753934,4.40913152212279,5.42375454003469e-13,56.1828453665128,-1,1.00033368064641,56.1828453745286,-56.1828453665128,1,56.1828453745286,-56.1828453665128,8.01578419875113e-09
0.00179484731842828,905517.543973408,7.0088943769885e-11,358921.800857522,-1,1.00014217108099,358921.800857522,-358921.800857522,1,358921.800857522,-358921.800857522,4.48781179872074e-12
0.00154064636992788,56400.4181007456,2.31906874174688e-06,274066.578585104,-1,1497.89410911916,274066.578585104,-274066.578585104,1,274066.578585104,-274066.578585104,8.56116787961739e-12
0.46597880821865,262144969.845916,0.0195763235410137,5025578524.72734,-1,15.5089361745461,5025578524.72734,-5025578524.72734,1,5025578524.72734,-5025578524.72734,2.35507784909927e-11
1.99036511263097e-06,62.7728215156172,1.59852622950361e-10,5.504928904032e-08,-1,214487944.738183,1.27991096040374e-05,-5.504928904032e-08,3,154618963.036859,-154618963.036847,1.27423798596182e-05
0.00104527140399977,11299.7056022786,0,0.000386868111585585,1,1.00013160541456,0.00111456684132512,0.000386868111585585,2,0.00112770859844077,-0.00042324269040066,0.000704465908040106
1.67398381025814e-06,0.00278792775983589,0,42.9804796111037,-1,566280015384.077,42.9804796111038,-42.9804796111037,3,119902888.298821,-119902888.298821,3.24118180318264e-14
0.249195726138352,2.62652564291453,7.97093003640259,3060774426.12391,-1,1.01762619033472,3060774426.12391,-3060774426.12391,1,3060774426.12391,-3060774426.12391,1.31225425790378e-09
2.4980786913604e-05,103.199402151166,1.94213352649162e-10,6.55475478171514,1,15294.420901105,6.55475478177756,6.55475478171514,3,412.752913711837,-399.643405016589,13.1095086952485
0.0192239063279162,13686.5864358231,0.40582554318106,66119052.9606775,1,400896376.500347,66119052.9606775,66119052.9606775,3,66119053.6689554,66119052.2523997,132238105.921355
0.00766528559092478,1215062.91558955,0,0.0808225062288021,-1,195243303.083621,0.0811851840934982,-0.0808225062288021,2,27650522249995.9,-27650522249995.9,1.06248631868875e-18
3.86970187697494e-05,0.0261622716894344,3.38670700859079e-15,5.39641443894529,1,1.00000244802002,5.39641443908403,5.39641443894529,3,5.39641457910046,5.39635116028118,10.7927657393816
0.00227254408567879,1414.32673575869,0,0.000205927594600661,-1,7763358.02317363,0.00228185512151224,-0.000205927594600661,3,482720702.776701,-482720702.774629,0.00207192285723389
0.00428690176721922,0.00587482035460286,0.000381351783237075,13148.2264335695,-1,4467.11783347986,13148.2264335847,-13148.2264335695,1,13148.2264335847,-13148.2264335695,1.52008832528949e-08
0.0888155676802346,132189.300848013,2.92746568962033e-10,0.000225509621056225,-1,99123.2086834615,0.0888158556210438,-0.000225509621056225,2,1740873031.43297,-1740873031.43297,2.26558893517233e-12
0.000129440593132965,0.00147475345880737,0,0.875113168703944,-1,10.2863794475568,0.875113178276915,-0.875113168703944,1,0.875113178276915,-0.875113168703944,9.57297162136538e-09
1.90742181154291e-05,0.00013446797354744,2.35317728429991e-07,1.20087645819295e-06,1,1.99617397582373,0.000485471931558328,1.20087645819295e-06,3,0.000503783326064292,-1.99568354318854e-05,0.000483826490632407
0.20811171021933,173.097682281656,0.000287541984039356,0.00286400421824715,-1,1.21886734740565,0.208821044041581,-0.00286400421824715,2,0.40677837556476,-0.349099729178713,0.0576786463860464
2.23505285167842e-05,0.00520165847673083,0,76976.4050015182,-1,324809874.202155,76976.4050015182,-76976.4050015182,1,76976.4050015182,-76976.4050015182,3.24480030581925e-15
3.44985713617471e-05,152.239182493368,1.17137633734775e-08,0.00549034594236369,-1,1.000004505779,0.00549152096250474,-0.00549034594236369,1,0.00549152096250474,-0.00549034594236369,1.17502014104346e-06
0.527772688623612,3519.14919421943,0.0328095158599185,0.719431294907645,-1,2904060273.0275,0.910458628829123,-0.719431294907645,3,32415285.4629995,-32415285.2719722,0.191027333919555
0.0501176639402014,19600.9522685234,3.60554520228125e-11,3821.84486549625,1,6793.81613863624,3821.84486582486,3821.84486549625,3,28953.5126164928,-21309.8231574191,7643.6894590737
3.10601336002286e-06,0.0530333566317108,3.94113483599316e-13,2134.52685740345,1,691137896.425969,2134.52685740345,2134.52685740345,3,2134.52685773286,2134.52685707404,4269.0537148069
0.048655300874773,856.217748034021,18.5622855761772,4701007456.09788,1,111498196.16167,4701007456.09788,4701007456.09788,3,4701007456.09792,4701007456.09784,9402014912.19576
1.05341945051218e-05,6.93815018311393e-05,1.54395932552759e-18,0.000858596032769651,1,99202945.7510876,0.000858660652844417,0.000858596032769651,3,0.000860029936650929,0.000857226748963139,0.00171725668561407
2.40021400236588e-05,0.0179327079672573,0,11.2993612134761,-1,6.12441854522233,11.2993612135016,-11.2993612134761,1,11.2993612135016,-11.2993612134761,2.54927121467535e-11
0.00577160128772335,1.8473198347607,0,40769120.4912583,-1,15313203292.1295,40769120.4912583,-40769120.4912583,2,191599070.069236,-191599070.069236,8.69299141494072e-14
1.98929585007533e-05,8.2201625226672e-05,6.94646735868611e-16,0.542554432360849,1,26313496625.1676,0.542554432725541,0.542554432360849,3,0.542554435656757,0.542554429429633,1.08510886508639
6.39516879471769e-05,0.0059224488875744,8.80893018582427e-06,0.000334599159821446,1,350722.267187362,0.0029874699332326,0.000334599159821446,3,0.00826600418784534,-0.00494393509481275,0.00332206909303259
0.188684430392086,382572.335257253,1.0551143285487,91287278749.0816,1,97369.8359334292,91287278749.0816,91287278749.0816,3,91287278749.4825,91287278748.6808,182574557498.163
0.0373216748859791,1.46539687915855,1.38633170989133e-06,22659652.6118812,1,30144272.8124381,22659652.6118812,22659652.6118812,3,22659652.6118813,22659652.6118812,45319305.2237625
0.112264261518505,0.345638047023701,0,370197787.520891,1,1388109935071.68,370197787.520891,370197787.520891,3,370197787.520891,370197787.520891,740395575.041782
0.00160304158429831,0.703401427340976,0,1.84418644798265e-07,-1,63710692441909.8,0.00160304159490634,-1.84418644798265e-07,3,154.341929045247,-154.340326188071,0.00160285717626155
0.00549406149363978,0.0550855430026802,0.00102769375804744,0.0410240627639405,-1,28959.3741527164,0.0523531488585268,-0.0410240627639405,3,0.1849425006637,-0.173613414648164,0.0113290860155366
0.0162109441155118,48660.034993729,0.000737069607227371,2.66996125040048e-06,1,59253.0173010386,0.0316206312946517,2.66996125040048e-06,2,222053765.408201,-222053765.408201,2.25140139935382e-12
1.02570249511305e-06,2.99380909021906e-06,0,10.7547481175124,-1,14598017771631.2,10.7547481175125,-10.7547481175124,3,91.6232356900449,-91.6232356900448,4.89116805424724e-14
5.4582854453275e-05,4.3259683694413,3.85396510208553e-14,49.1303430388785,1,456934561987.795,49.1303430389088,49.1303430388785,3,49.2255693347827,49.0351167430046,98.2606860777874
0.59083785647481,29.5252740385468,0,2.15568112739371,-1,1.01915061622098,2.23518466701191,-2.15568112739371,1,2.23518466701191,-2.15568112739371,0.0795035396182051
0.00103308306963745,1.45646638964896,0,4.34266477252401e-06,1,571870413832.598,0.00103309219700318,4.34266477252401e-06,3,1022.37523463271,-1022.37419719785,0.0010374348617757
0.000437628565476179,8260.52775922878,4.31792931659556e-12,0.163539465058889,1,12422396364702.9,0.163540050613991,0.163539465058889,3,104311514.017611,-104311513.690532,0.32707951567288
0.00231891921213616,0.120625292022537,0,0.000381780694453394,-1,134842509099.572,0.00235013676433341,-0.000381780694453394,3,3.69707892892247,-3.69511057285259,0.00196835606988002
0.000122061563317918,0.0146863551661688,1.81241238481771e-15,71.285419823261,-1,17.3857865289844,71.2854198233655,-71.285419823261,1,71.2854198233655,-71.285419823261,1.0450262542435e-10
0.0110507329350086,3681617.66371906,3.12596418004249e-09,3321.41644513799,1,1.00000279497008,3321.41644515637,3321.41644513799,2,3337.15931899261,-3337.15931897431,1.82972721245842e-08
2.2978509184848e-06,0.00416650192675373,7.33465991353188e-11,7.63878868327668,1,3355218.44219276,7.63878868328183,7.63878868327668,3,7.638789251426,7.63878811513251,15.2775773665585
2.64104207487762e-05,18.0183569709023,6.71855003114603e-10,2.54439777587472e-07,-1,673640.395927374,3.70058112577256e-05,-2.54439777587472e-07,3,5240276.01898842,-5240276.01895744,3.09774892349246e-05
0.000436921322021111,12.2107869420623,2.00876407568255e-06,486815.859163489,-1,4152796258.61054,486815.859163489,-486815.859163489,2,77924305.6315261,-77924305.6315261,1.41141091954068e-14
0.0389818660072778,67995.0405556031,6.77051878725368e-08,177.761503631094,1,575336.352547431,177.76150790551,177.761503631094,3,6502324.62380788,-6501969.10080617,355.523001714984
8.75619018513116e-05,13075.4093012584,0,0.0127384079019141,1,22278076.6218934,0.0127387088420374,0.0127384079019141,3,3355737216.72386,-3355737216.69839,0.0254737360756446
1.83536413917854e-06,5.28539463940094,2.93741075009979e-08,1.11517969475219e-07,-1,1.00002572863007,0.000171398624553346,-1.11517969475219e-07,2,0.000171414664216363,-2.3475616897412e-06,0.000169067102526622
2.09576663847859e-06,0.000127681372070247,0,0.00447881837579918,1,1.00015958144904,0.00447881886613359,0.00447881837579918,3,0.00447885080317298,0.00447703048731071,0.00895588129048369
7.53353940693524e-05,186.466879159858,3.06704735108041e-16,1.09480400805992e-06,1,298996.990422444,7.53433507491233e-05,1.09480400805992e-06,2,13667019.8125224,-13667019.8125224,2.07632021616346e-16
2.7099175504984e-05,0.0259606569212939,0,0.256905057271272,1,1.00000754331064,0.256905058700526,0.256905057271272,3,0.256910146646564,0.255595124644767,0.51250527129133
0.00011552901476295,59.91404601143,0,0.0458091982160364,1,34646448.859267,0.0458093438956439,0.0458091982160364,3,19590.4738331297,-19590.3822145876,0.0916185421035201
0.239395421133131,0.256229952205075,8.84374491314884e-08,166593495.50874,1,1.00015879886153,166593495.50874,166593495.50874,3,166593495.50874,166593495.50874,333186991.017479
0.000879262528852613,26.9867240952892,0.00132715895285399,139.387163271392,1,1.00591969703705,139.387168034858,139.387163271392,3,139.644464696622,137.012013764676,276.656478461298
5.73961727730051e-06,61.7086654927012,4.81119475159692e-10,4.88189312089477e-05,1,1.00259333206366,5.3827044559715e-05,4.88189312089477e-05,2,6.14406712873818e-05,-5.71042328255492e-05,4.33643846183266e-06
3.07951291392966e-06,0.129193378976098,1.52808044811255e-11,5.6688165309672e-05,-1,45.378244353612,5.69061709346612e-05,-5.6688165309672e-05,2,0.00089761673061733,-0.000897602936091386,1.37945259443301e-08
4.77809855264846e-05,1.44192484381917,2.30494561035325e-17,2608353.98544238,-1,595396141.601725,2608353.98544238,-2608353.98544238,1,2608353.98544238,-2608353.98544238,4.37636650100693e-16
9.66479804884573e-05,409.305721108027,4.63374182644015e-14,0.178707800709943,-1,536377.718085936,0.178707826844442,-0.178707800709943,2,15037.8461201277,-15037.8461201277,3.10579001650144e-13
0.33029729503637,110146543.063045,4.93597670904745e-07,1.32158568339152,-1,1.71544400347567,1.36223548450753,-1.32158568339152,1,1.36223548450753,-1.32158568339152,0.0406498011160024
0.0892680957215614,1222593.20315923,0,264.484140944796,-1,73.7819033012826,264.48415600958,-264.484140944796,1,264.48415600958,-264.484140944796,1.50647835789697e-05
9.22532914966353e-06,19.0258869722587,1.10772885325297e-10,297687.515286155,-1,19943409037.1761,297687.515286155,-297687.515286155,1,297687.515286155,-297687.515286155,3.29002012490578e-16
0.00430867099433646,215872.246782592,2.30883268573329e-12,2.18808314662275e-05,-1,22699601.0912146,0.00430872682088975,-2.18808314662275e-05,2,4417782467648.57,-4417782467648.57,2.10112745276822e-18
0.000244351585723384,42.2431401418914,1.06253813399644e-08,9.5334417878124e-05,1,426770128.864227,0.000281818611907833,9.5334417878124e-05,3,2365727.9393216,-2365727.93894445,0.000377153023291441
0.358605074842637,0.728660131431949,0.135868151389172,12393165928.0333,-1,1.000354241087,12393165928.0333,-12393165928.0333,1,12393165928.0333,-12393165928.0333,1.06698220869393e-11
2.20476099670348e-06,11.7142471457635,1.19095169327308e-11,9.62580508199829e-10,-1,12.4568439152171,4.09517873991808e-06,-9.62580508199829e-10,2,0.00126652906875383,-0.00126652244808786,6.62066597296287e-09
0.0792942748130128,678.698950526425,0.000786492547178128,0.221421127300237,1,1.0803948739633,0.236857320301078,0.221421127300237,2,0.511755027176531,-0.504796130408259,0.00695889676827178
0.000274948074127556,0.00158385093795166,8.08758167758486e-16,9.5031513220716e-07,-1,1.00104593679471,0.000274949717901402,-9.5031513220716e-07,2,0.000276013596780147,-2.42293485736421e-05,0.000251784248206504
0.00218765712154623,277.558753801385,6.72770228453337e-13,123935.965415502,1,1.10498376745832,123935.965415502,123935.965415502,3,123936.058176616,123935.747375387,247871.805552003
0.0218172187592852,0.0446250505314931,0,3449529547.83099,-1,1.01294590595478,3449529547.83099,-3449529547.83099,1,3449529547.83099,-3449529547.83099,6.89936160555285e-14
0.000286277814970071,0.00228123618410923,0,0.00185162447100516,1,2812310514.05669,0.00187362434040797,0.00185162447100516,3,0.0025611064120286,0.00116414239938453,0.00372524881141313
3.32253621551343e-06,7.86799357228886e-06,3.49197582977584e-08,0.000285953492106137,-1,1.00003086458655,0.000341614105669477,-0.000285953492106137,1,0.000341614105669477,-0.000285953492106137,5.56606135633396e-05
0.00323451940754035,0.016310290816742,1.52275293286061e-06,1032076.88471202,-1,3336950.72259014,1032076.88471202,-1032076.88471202,1,1032076.88471202,-1032076.88471202,5.80618988185167e-12
0.000399201209139551,0.00915284939278821,9.33238103721146e-09,0.000413599461166337,1,6750163778.01328,0.000582888068751433,0.000413599461166337,3,0.0425378989902554,-0.0415414114603376,0.000996487529917769
8.0328741710827e-05,107.832787276644,0,177.503413875726,1,316.803620594902,177.503413875744,177.503413875726,3,193.880399909353,161.126346253991,355.006746163344
0.134601656392584,191.233134395767,6.88541108933942e-08,1339521.39157868,1,1.00613240236932,1339521.39157868,1339521.39157868,3,1339521.39293409,1339521.37928365,2679042.77221774
7.02056814727179e-05,22.1883808222657,0,9802524.02570386,1,1.00053145803945,9802524.02570386,9802524.02570386,3,9802524.02570466,9802524.02567954,19605048.0513842
0.864830431923123,30836.7744355455,9.98427357806143e-06,2080143167.9981,1,63062681830834.4,2080143167.9981,2080143167.9981,3,2080143168.11238,2080143167.88381,4160286335.99619
2.87046847808973e-05,1.14662517961682,7.90556268236322e-07,6.08234009234284e-09,1,1.00003457122705,0.000889595541356682,6.08234009234284e-09,2,0.00088971866227695,-1.4801041827965e-05,0.000874917620448985
0.000539217360022853,0.0465091643211957,3.78837811558083e-15,3.23452035780858e-05,-1,10382719231.8922,0.000540186613433636,-3.23452035780858e-05,3,2.1299565442809,-2.12944870287105,0.00050784140985555
0.000136061779056305,10335.4306308004,4.34664973062661e-11,0.00021948665648506,1,102111.358800243,0.000258322795339985,0.00021948665648506,2,9963979.90473813,-9963979.90473813,9.31167786099663e-16
3.34975865970863e-05,0.00448750526436093,2.1318996147097e-13,934129.173375044,-1,32678506607934.5,934129.173375044,-934129.173375044,3,16986160276.9376,-16986160276.9376,5.92767976474307e-16
0.00068002111335647,0.00831058294714426,3.91398204974522e-05,7.3507264837379,-1,1.00074554182014,7.35072917750171,-7.3507264837379,1,7.35072917750171,-7.3507264837379,2.69376380982967e-06
0.158069693168723,11626786.3268267,1.44003929507157,0.721537946997812,1,1.01696606741749,1.4091282169937,0.721537946997812,2,1.77704745444757,-1.30110427421809,0.475943180229486
0.260749440592402,401.426152852322,0.0337961583978334,129546.571671785,1,27682107.3248478,129546.571672178,129546.571671785,3,129546.882647,129546.260696963,259093.143343963
0.000214640668680586,4097.77926634582,8.1992077577528e-11,1338103.18192441,1,253483.553418381,1338103.18192441,1338103.18192441,3,1338106.31916284,1338100.04468598,2676206.36384882
2.06316964659624e-06,0.000440080152138359,0,0.00624376895884724,1,1.03186571985891,0.00624376929972058,0.00624376895884724,3,0.00624683948059876,0.00623131871725891,0.0124781581978577
8.2373450741793e-06,0.0107709200096268,1.75534022688252e-14,0.00259262872240436,-1,2149142.12479438,0.0025926418116746,-0.00259262872240436,3,4607.14049401596,-4607.14049400337,1.25905339789588e-08
0.0758309393782471,6.62816987197842,1.05760033419131,0.0014639419187891,-1,1.0146599925083,1.03118999640427,-0.0014639419187891,2,1.09159162954204,-0.358080465996046,0.733511163545991
0.0516178679497309,1286.87689289258,0.133448102187676,39200027508.9042,-1,1.07854381436108,39200027508.9042,-39200027508.9042,1,39200027508.9042,-39200027508.9042,1.73612769083433e-12
2.55898527071316e-05,8069.02526308193,0,11.1994310695343,1,1.24446633582793,11.1994310695636,11.1994310695343,2,44.1374742258807,-44.1374742258733,7.41819251166811e-12
0.129267308933895,0.462780719479363,0,0.000130287488628844,-1,129532342.003703,0.129267374591738,-0.000130287488628844,3,0.89378809281565,-0.764651005712541,0.129137087103109
1.79337445482252e-06,0.426001641360428,1.3975980171091e-18,4.02442632721827e-09,-1,241694.672146799,1.79337935998361e-06,-4.02442632721827e-09,3,86506.3724981694,-86506.3724971204,1.04892502830771e-06
0.121240563673005,490839.720029789,0,3863292207.29278,-1,7.06077851515012,3863292207.29278,-3863292207.29278,1,3863292207.29278,-3863292207.29278,1.90242848470017e-12
1.02973234890638e-06,0.0123844866688717,3.87530718582926e-20,3.33476607487789e-07,-1,1.05969498556532,1.08238412630585e-06,-3.33476607487789e-07,2,1.10072401301713e-06,-3.88901791838541e-07,7.11822221178591e-07
0.0832233713953738,432086.510989376,1.59139497888764e-09,399.29925880757,1,1.00002053175937,399.299267480427,399.29925880757,2,404.449677445906,-404.449668883492,8.56241406206659e-06
1.03551343907646e-06,232.963897177591,0,2294.9487972036,-1,1.00000262600045,2294.9487972036,-2294.9487972036,1,2294.9487972036,-2294.9487972036,2.33619173511527e-16
0.00264004413088972,4.79952404262741,1.60232956280814e-11,0.000901703750851815,-1,3.4339108684588,0.00278978828778119,-0.000901703750851815,2,0.0426595075055435,-0.0425777375112768,8.17699942667724e-05
5.46234869747837e-05,7.36723048902332,9.41592110604689e-14,292150.507285945,1,1.02740293783118,292150.507285945,292150.507285945,3,292150.507303279,292150.507210388,584301.014513667
0.29262244389701,1392162.21546143,1.38804176363705e-08,5188602.80195784,1,1.00024414314614,5188602.80195785,5188602.80195784,3,5192711.89401754,5002613.43500703,10195325.3290246
9.37463700138038e-05,0.445564553175797,5.63265395376876e-05,1.07155392078574,-1,1.00285042667847,1.07158020720766,-1.07155392078574,1,1.07158020720766,-1.07155392078574,2.62864219199966e-05
0.141925551103854,3494026.96922749,5.223233948922,400509235.408299,1,24841.4245176327,400509235.408299,400509235.408299,3,400516855.847091,400501614.9695,801018470.816592
9.87049716044385e-06,0.000570771138920462,1.56551195304003e-08,0.000343450353050605,-1,209059.440396619,0.000365664725199437,-0.000343450353050605,3,0.00769610524846605,-0.00767389087640108,2.2214372064971e-05
0.000105438109797754,180.933169826925,5.99439743470865e-06,9.59011490706903e-08,-1,9759.46297222587,0.00245061515520153,-9.59011490706903e-08,2,466809.788233594,-466809.788233594,6.43250718074186e-12
1.12314468202412e-06,4.47506527265268,1.66780614087583e-11,7.12085567733414e-08,1,636399358.505602,4.23610505583551e-06,7.12085567733414e-08,3,2324676.62434509,-2324676.62434078,4.30731074266707e-06
0.000366090327203022,0.00393377640903874,2.99096272680276e-07,205.651400485181,1,96707478880544.9,205.651400486234,205.651400485181,3,205.651400504883,205.651400466532,411.302800971415
0.167474174173815,4249.33625031027,0.056460435144895,0.506451893956583,-1,1223530179880.16,0.583953384314455,-0.506451893956583,3,116493621.91158,-116493621.834078,0.0775014903578726
0.0473173417181586,248864.385992008,0.0047051648224863,33028409637.4508,-1,1.0000806519352,33028409637.4508,-33028409637.4508,1,33028409637.4508,-33028409637.4508,1.05123070199018e-13
5.61588824156733e-06,8.62316328517734,1.79949069659879e-17,226145.663124265,1,88030833672707.8,226145.663124265,226145.663124265,3,226145.663206467,226145.663042062,452291.32624853
7.04328899894543e-05,0.000307263479747085,1.49215276848808e-15,0.212550326449717,-1,293583.620340735,0.212550338119408,-0.212550326449717,3,4.05286757046372,-4.05286755881631,1.16474133403895e-08
1.31490425272517e-05,1.53686603463764e-05,3.55727123545876e-07,2.7603025914038,1,25.0729833327341,2.76030265587137,2.7603025914038,3,2.7603026558771,2.76030259139806,5.52060524727516
0.00313618195586229,0.0171947426330117,4.35099010892386e-06,2011850617.09666,-1,687.341211351518,2011850617.09666,-2011850617.09666,1,2011850617.09666,-2011850617.09666,3.52576559329069e-15
0.000221387417190718,59.6538908198799,5.50089691724734e-16,0.00618994046545818,1,1.43612015268044,0.00619389823576051,0.00618994046545818,2,0.0376808643459261,-0.0376802139785198,6.50367406228683e-07
0.213505334906334,19.8490739190574,0,744071707.785347,-1,1.01080083158956,744071707.785347,-744071707.785347,1,744071707.785347,-744071707.785347,3.06318111255322e-11
0.867007834545234,752.020298255239,1.25385075859109,0.000250939963444643,1,1.00001161216488,1.41617562707624,0.000250939963444643,2,1.41624382559384,-0.0139007114484562,1.40234311414539
0.157851546750626,1861356.4774299,1.77143203328548,0.000750386512094302,-1,4755597.51446139,1.3402797122903,-0.000750386512094302,3,1322081899684.11,-1322081899682.8,1.31030004151088
0.00353540090466982,1809153.65013866,5.58895756015741e-09,715.342477407001,1,164137.767835215,715.342477415741,715.342477407001,3,1143888294.04446,-1143886863.38073,1430.66372549204
2.67383327063919e-06,0.00132344599665081,9.02667553147409e-15,0.00071199288447921,1,1110.27069221057,0.000711997911485743,0.00071199288447921,3,0.0013269956043215,9.69949421920243e-05,0.00142399054651352
2.06235262633881e-05,4464.00614068859,1.67544634463783e-12,1.31403710463122e-08,1,1.00299749446435,2.06641103014538e-05,1.31403710463122e-08,2,2.0914286334928e-05,-3.22522728161276e-06,1.76890590533153e-05
4.8286291709122e-05,0.00368628828500827,0,0.0286881269075579,-1,2135.32497223094,0.0286881675439564,-0.0286881269075579,2,0.370572441508078,-0.370572438362181,3.1458976919959e-09
0.0056413637516831,19821.7957663833,0.000771572569907469,4.72907293526202e-05,1,12585.6481245529,0.0283443079170996,4.72907293526202e-05,2,8994375.44637353,-8994375.44637353,4.46611084714168e-11
0.00666560926801059,1.36166781014373,8.22914526353783e-07,2.0029304715437e-05,1,248376451.416121,0.00672708425792258,2.0029304715437e-05,3,137.405836912646,-137.399089799083,0.00674711356263691
0.00031831473513975,0.000893638943129587,0,3.67615451762786e-05,1,7701961.73043331,0.000320430463300287,3.67615451762786e-05,3,0.00129646894333873,-0.000939276934862173,0.000357192008476557
0.000124788651682809,0.000486305472116844,6.60437669209627e-16,64.6025214964304,1,33.2213758368254,64.6025214965509,64.6025214964304,3,64.6025214974056,64.6025214955753,129.205042992981
0.0123207192238111,163.291067773241,5.0996023410598e-08,67410.4478957538,-1,55472511005.591,67410.4478957549,-67410.4478957538,2,6931806510427.1,-6931806510427.1,1.09532138546409e-17
3.20713271056637e-05,15.3511073709071,0,10.5485851614307,1,226094103.6968,10.5485851614795,10.5485851614307,3,16.1336113499485,4.96355897296166,21.0971703229102
0.0565824356410807,277.480212971502,26.0855202184728,1050936532.84292,1,929684368427.369,1050936532.84292,1050936532.84292,3,1050936532.84294,1050936532.8429,2101873065.68583
1.82589214661198e-06,0.000271225040014631,0,54.2041416656594,1,32586910690.8004,54.2041416656594,54.2041416656594,3,54.2041416659986,54.2041416653201,108.408283331319
3.95209064510276e-06,1.18795870909813e-05,1.96999916021932e-12,0.00764058366162679,1,361599849.917979,0.00764058481265262,0.00764058366162679,3,0.00764058891919622,0.0076405795550832,0.0152811684742794
0.0112466326158913,677547.444590969,0,2996537147.80914,-1,3445589.86189194,2996537147.80914,-2996537147.80914,1,2996537147.80914,-2996537147.80914,2.11054859255303e-14
2.24760246899841e-05,0.000279290397592238,0,1.67984605348951e-05,-1,1.00000541660168,2.80599351782431e-05,-1.67984605348951e-05,1,2.80599351782431e-05,-1.67984605348951e-05,1.12614746433479e-05
0.47859813667087,682.70957475765,3.45447593546936e-05,709832.704854411,-1,1.3345705243849,709832.704854573,-709832.704854411,1,709832.704854573,-709832.704854411,1.61369516801247e-07
0.000113007897279835,6700.10359653033,1.87266382779279e-13,345.878666008552,1,40019224.1527605,345.878666008571,345.878666008552,3,32793.2313188086,-32101.4739867915,691.757332017113
0.00108446023994128,836701.472949566,2.15983506129645e-06,0.0133753006574373,-1,219780.880089974,0.0134994280156662,-0.0133753006574373,2,11991605.2735179,-11991605.2735179,1.39092681806199e-13
0.000278770305876955,0.379815415239048,5.01149618279322e-06,10.3590783609934,1,453.287229223076,10.3590786066335,10.3590783609934,3,10.3625600817642,10.3555968773907,20.7181569591549
0.000114475250326821,0.028217397194034,2.48887114012078e-08,186.016160497394,1,694835.870937483,186.016160497496,186.016160497394,3,186.016161567575,186.016159427314,372.032320994889
0.000575167811442466,1588.70665105632,0.000788806838342013,77322.6478005983,-1,1.00276053075547,77322.6478006034,-77322.6478005983,1,77322.6478006034,-77322.6478005983,5.10288821451352e-09
0.000150125963721332,1449.76708456368,0,186.695936693345,1,7.04842068467017,186.695936693405,186.695936693345,3,3242.43900614087,-2900.27345418661,342.165551954263
0.707479263859962,193298306.309971,4.3153761958533e-08,680653.639977452,1,1.00003657871566,680653.639977819,680653.639977452,2,692397.313357383,-692397.313357021,3.61444897524738e-07
2.17244811868731e-05,0.0322764615124987,8.79949745414016e-10,5177612.04208498,1,47480084.8970276,5177612.04208498,5177612.04208498,3,5177612.04208498,5177612.04208498,10355224.08417
0.000101497106447915,0.000749757342503277,2.28581432684862e-13,5.84890962570572e-05,-1,96.4826358435289,0.000117144635300552,-5.84890962570572e-05,3,0.00484186794559573,-0.00478346620154971,5.84017440460205e-05
0.01793855059725,437802.546775458,0,13.8569893193144,1,19297.9999917598,13.8570009304752,13.8569893193144,3,4392874327.77384,-4392874305.95771,21.8161340545511
0.0103258158842701,484844.248892619,7.93415063789421e-12,2059.94692056798,1,1.20691279401225,2059.94692059386,2059.94692056798,2,7301.31787491237,-7301.31787490506,7.30159153708453e-09
0.000100917157951392,0.000248344179562097,6.2544536708096e-11,5.26130052471945e-05,1,1.04334398661537,0.000114083064592584,5.26130052471945e-05,2,0.00016696373749682,-0.000132778282611324,3.41854548854959e-05
0.000206055603147321,217.90741185756,0,9.8081762618137e-05,-1,1.00001021019737,0.000228208114988681,-9.8081762618137e-05,1,0.000228208114988681,-9.8081762618137e-05,0.000130126352370544
0.000596873454774806,503.32806999732,3.12126666192055e-06,2.47617991487033e-06,-1,7852165437.80596,0.00186481385516151,-2.47617991487033e-06,3,68016436.9480679,-68016436.9462055,0.00186233767469507
0.744206281334362,2.29097844149969,0.115364181724641,214594552.050734,-1,148222688481.004,214594552.050734,-214594552.050734,3,1720093596.54596,-1720093596.54596,1.5592018980572e-09
0.0253750324178439,2410.13565244793,6.5687923265309e-07,16683199.4683525,1,224709.508178049,16683199.4683525,16683199.4683525,3,16683199.5553975,16683199.3813075,33366398.936705
1.21114724072799e-05,347.707530187209,9.7896557294445e-11,1072967.15432097,1,269.018700842813,1072967.15432097,1072967.15432097,3,1072967.18249054,1072967.1261512,2145934.30864174
0.000106640074278747,0.00196220598789144,3.55084196520686e-06,0.00540120565525432,-1,8950989.0038305,0.00572147154157043,-0.00540120565525432,3,0.0117147421293823,-0.0113944762430663,0.00032026588631607
0.242866076874309,0.615857512447077,7.72140262877853e-09,136108441128.681,1,1109079.32071108,136108441128.681,136108441128.681,3,136108441128.681,136108441128.681,272216882257.363
8.98313119112478e-06,4.41024379656002e-05,1.08303045879683e-14,2953867.73682208,1,36513.875270829,2953867.73682208,2953867.73682208,3,2953867.73682207,2953867.73682207,5907735.47364415
0.000237440289729736,4.92686939950243,3.75230893609606e-11,16234.1173937648,1,188.784144556431,16234.1173937648,16234.1173937648,3,16234.1177675744,16234.11701995,32468.2347875244
2.34885819677231e-06,4.70903955428014e-06,7.10139808977959e-20,179.114069647411,1,1.00593433293381,179.114069647411,179.114069647411,3,179.114069647411,179.114069647411,358.228139294822
0.00283790369372012,322940.238088755,0,370301.876186103,1,2542261441444.05,370301.876186103,370301.876186103,3,440710.915461675,299892.836910531,740603.752372207
2.89206157067077e-06,359.648562569186,2.45418654377367e-18,26.736379381239,-1,234.599847391946,26.7363793812392,-26.736379381239,1,26.7363793812392,-26.736379381239,1.56416515180927e-13
0.111487800317438,4.19064251948746,0.487153873449641,70.3708599859196,1,235653948029.848,70.3744095432492,70.3708599859196,3,70.4367528648231,70.3085166643457,140.745269529169
5.69755503015505e-05,0.00223981787852965,0,7397703.46865951,1,5145070.81277776,7397703.46865951,7397703.46865951,3,7397703.46865951,7397703.46865951,14795406.937319
0.676329128959434,5718.76668178317,0.000459417713163934,0.00593356003345557,-1,4126945.01853728,0.676694698905542,-0.00593356003345557,3,24378520.0202351,-24378519.3494747,0.670760423190303
1.56944693590037e-05,1.70886936195982,4.95826409301331e-18,3.77757723917056e-07,1,1.17878974349385,1.56990150747411e-05,3.77757723917056e-07,2,2.84858202153667e-05,-2.37723700947807e-05,4.71345012058596e-06
0.000336318020018171,0.699724677105588,2.20069622514761e-11,441210.581533106,1,1.05021519962332,441210.581533106,441210.581533106,3,441210.581533236,441210.581532681,882421.163065917
0.000366829297029551,0.0143085350131881,7.78819943162998e-08,1668868.43366048,1,2354348709023.22,1668868.43366048,1668868.43366048,3,1668868.43366048,1668868.43366048,3337736.86732096
4.92927846903228e-06,4147.81843695308,2.29025011452159e-17,1091.672383831,1,1.00240410636828,1091.672383831,1091.672383831,2,1254.03406026552,-1254.03406026552,9.68785852699318e-15
0.255535206071419,284.767594896142,0,1514626112.81275,-1,932260716.477504,1514626112.81275,-1514626112.81275,1,1514626112.81275,-1514626112.81275,2.1555894550339e-11
0.0014843261485047,0.161008927274346,1.27693408768845e-12,3.72264089453294e-05,-1,1.00932869954483,0.00148479331813954,-3.72264089453294e-05,2,0.00153016806172334,-0.000371737683117129,0.00115843037860621
4.51968961486916e-06,0.0153338666307457,5.80541147266769e-14,3.66848777677162e-06,-1,1980570884.98184,5.82610083141423e-06,-3.66848777677162e-06,3,54.4878679839441,-54.487865826331,2.15761305463567e-06
0.000289011488235521,14032.1967420579,0,1.8883911099532,-1,1373.19597797943,1.88839113206929,-1.8883911099532,1,1.88839113206929,-1.8883911099532,2.21160858581513e-08
2.20165348948911e-06,104.228251882166,1.63875812554338e-15,605.214600858007,-1,1.00000149407111,605.214600858007,-605.214600858007,1,605.214600858007,-605.214600858007,4.00594833554151e-15
0.0652861196056207,0.455338151327271,2.80040044682024e-09,26.745943219771,-1,22517.8523825792,26.7460229005254,-26.745943219771,3,1322.22008693509,-1322.22000853178,7.84033017839766e-05
0.000107014462666168,4.58095580629683,0,2.53056726963911e-07,1,1.00030017497741,0.00010701476186693,2.53056726963911e-07,2,0.000107155679232226,-5.49948833902026e-06,0.000101656190893206
7.00670522923159e-06,125.881750497911,1.82766132856496e-09,0.00403903329081447,-1,67905220577.9971,0.00403926561141432,-0.00403903329081447,3,34104740096.2046,-34104740096.2046,2.32316901752078e-07
8.97026389500387e-06,47.2054856566592,8.89227430873019e-14,50.6941569125447,-1,71555651921.0436,50.6941569125455,-50.6941569125447,2,8136171510.76006,-8136171510.76006,4.95039693930765e-21
0.0141810113621735,1457809.27874524,2.54336056665948e-12,11034574.7973137,-1,432.552761419581,11034574.7973137,-11034574.7973137,1,11034574.7973137,-11034574.7973137,9.1123169443019e-12
0.00129211998942401,27.3209532162454,1.31004401320739e-08,0.120950261336507,-1,1.00025096539048,0.120957217196315,-0.120950261336507,1,0.120957217196315,-0.120950261336507,6.95585980808307e-06
0.169492803562128,0.189752174843892,0.000225782863766764,9986567.69516071,-1,1.00000292473564,9986567.69516071,-9986567.69516071,1,9986567.69516071,-9986567.69516071,1.44962684912991e-09
7.98421754284083e-06,0.00151618267151301,0,3.86461474834461e-07,1,356328466006.221,7.99356505214904e-06,3.86461474834461e-07,3,0.137164250664278,-0.137155870637751,8.3800265269835e-06
0.740794710260009,43797997.4055955,0,4170842.46563655,-1,9704.50629833863,4170842.46563661,-4170842.46563655,1,4170842.46563661,-4170842.46563655,6.57872848555854e-08
0.0169762107557432,218.920551991553,0.00400337231309831,32376866.9564047,1,4.51371728883318,32376866.9564047,32376866.9564047,3,32376866.9567702,32376866.95603,64753733.9128002
0.0835245400772004,1.31277042528886,5.68991775669522e-07,53108060.3334512,-1,9341749.05218743,53108060.3334512,-53108060.3334512,1,53108060.3334512,-53108060.3334512,6.56860535206647e-11
0.000303350569950694,132.562188282632,0,0.394380196157858,-1,1391.01949898856,0.394380312823902,-0.394380196157858,2,0.451482415726694,-0.451482313816215,1.01910479201101e-07
0.00637004478731255,377.499490385538,0,24.0348864273088,-1,150565435.753761,24.0348872714458,-24.0348864273088,2,38273084172.4064,-38273084172.4064,5.30104529982231e-16
0.0029328640841163,73.0819429927967,0.0137867441058303,17.0392608843573,1,3247743161686.61,17.0396656901181,17.0392608843573,3,95.4014411311468,-61.3225145566714,34.0789265744754
2.67101161160154e-05,0.152062953817432,3.31361881925052e-10,5960.60657515388,-1,1.11829741676492,5960.60657515388,-5960.60657515388,1,5960.60657515388,-5960.60657515388,8.76414314284031e-14
0.0711083991888508,20419285.4497134,0,15.5371954266949,-1,372.892437818741,15.5373581451849,-15.5371954266949,2,45.2514770622974,-45.2514211922145,5.58700829776893e-05
1.1449402961199e-05,3387.28419432423,1.13727374951721e-16,258.308068896844,-1,34.3631362192988,258.308068896845,-258.308068896844,1,258.308068896845,-258.308068896844,2.53745348442128e-13
0.000677699762178029,22.8740735504537,1.5701644084196e-09,8.69132824554948e-06,-1,10175630642.1981,0.000678912859836407,-8.69132824554948e-06,3,390336.043070613,-390336.042400392,0.000670221531588973
0.383776774255379,1.17642647432844,3.24822626373399,0.00389297101193447,-1,562308159.749382,1.84269531703295,-0.00389297101193447,3,2.17897252478153,-0.340170178760516,1.83880234602101
0.128168851967706,9629.60130168362,0.00281770029849332,2.68250791524966,1,1.00180510960214,2.68609263993078,2.68250791524966,2,3.02859001525263,-3.02541113331308,0.00317888193955374
0.000171781572630027,1.33762350766586,1.07708144778203e-14,152.598227586539,-1,129083.71067216,152.598227586636,-152.598227586539,1,152.598227586636,-152.598227586539,9.66882772256183e-11
0.0112919713621652,49.0095126763954,0,6721977765.19676,1,7532576290.83827,6721977765.19676,6721977765.19676,3,6721977765.19676,6721977765.19676,13443955530.3935
0.84772024135032,101348640.725937,528.11414953985,34268193606.9178,-1,113356220432.935,34268193606.9178,-34268193606.9178,2,198297787605755,-198297787605755,1.33343086055716e-12
0.00460962555447103,2198129.58913741,1.08692610753798e-11,190345248.449819,1,97.9303318214315,190345248.449819,190345248.449819,3,190351594.349932,190338902.218833,380690496.568765
0.042812191242767,1823660.72957603,0.000682570702296384,495076.799014293,1,1390454.30078075,495076.799014295,495076.799014293,3,2174482.12724842,-1184328.52922026,990153.598028153
0.0101540085186198,408556.637153369,0.0109582352652281,1.71264434935425e-05,-1,79948110715630.8,0.105172902629619,-1.71264434935425e-05,3,793672643653.193,-793672643653.088,0.105155776186126
9.7382921206068e-05,24.081678049632,1.81451065907087e-08,0.0556730792111602,-1,57342214480.182,0.0556733273425619,-0.0556730792111602,3,1168589765.39213,-1168589765.39213,2.48131224009854e-07
0.000672032873960286,4511.71495667847,0.000318619382511577,19901.5740969477,1,27042.2703058526,19901.5740969557,19901.5740969477,3,20157.277135121,19645.8710586076,39803.1481937286
0.00166497432966941,0.00198796590376712,0,1.19559645510198e-06,1,1.00004556909602,0.0016649747589405,1.19559645510198e-06,2,0.00166530108057418,-3.29874294758454e-05,0.00163231365109833
0.000626507304626853,64.1971889327481,1.9867520890468e-05,0.0206452352983059,-1,1.00011670569442,0.0211302099567334,-0.0206452352983059,1,0.0211302099567334,-0.0206452352983059,0.000484974658427486
0.0773790082055605,1.74932300690663,0.00110300940130669,1.33718514965086e-05,-1,1.00000580377453,0.0842052284064908,-1.33718514965086e-05,2,0.0842070921287387,-0.000560403956991366,0.0836466881717473
7.45435379581994e-06,2.44065556627969,1.13242190678226e-08,0.0702947874642005,1,49397127.9461426,0.0702948684074704,0.0702947874642005,3,21.2553513230372,-21.1147616671655,0.140589655871667
1.48983843003005e-05,0.777366787271541,0,9.03962393080248e-09,-1,42394701863.7107,1.4898387042705e-05,-9.03962393080248e-09,3,20293.0022780189,-20293.0022631295,1.48893474187686e-05
0.0125211449367154,2293.61757107869,2.27914057857016e-12,4377.09297967142,-1,13218928.838701,4377.09297968933,-4377.09297967142,2,6258854.40302224,-6258854.40302224,1.25245821926829e-11
0.271221974584216,111.253665252884,0.000570915829316089,110680984.995634,1,1308137010.63398,110680984.995634,110680984.995634,3,110680984.995662,110680984.995606,221361969.991268
1.75802724490325e-05,123.049913740278,2.33086939648358e-06,10156.4653895947,-1,63277854941993.5,10156.4653895948,-10156.4653895947,3,65972185947536.3,-65972185947536.3,1.1475503696256e-10
0.0505262264548058,870.361181114352,16.6871142638753,0.00606401037402219,-1,1.00349682184795,4.08530340802943,-0.00606401037402219,2,4.14152695091766,-0.680131106289301,3.46139584462836
0.000444591044958412,50604.9296293385,0,10974513.7455117,1,2.30807813190835,10974513.7455117,10974513.7455117,3,10974569.0526567,10974452.3796236,21949021.4322803
0.199869567971962,46929066.9496593,0,0.0312080105029452,-1,1.00000714895327,0.202291334764618,-0.0312080105029452,1,0.202291334764618,-0.0312080105029452,0.171083324261673
0.0269411638994925,29.93700099935,0,9.01112818510186e-05,1,19217995163.056,0.0269413145986315,9.01112818510186e-05,3,16577.4599441343,-16577.4329127084,0.0270314258804825
0.0675120184326925,149456.05826191,0,63.0390008610187,-1,9877211249736.78,63.0390370122208,-63.0390008610187,3,308940132081911,-308940132081911,3.61512005589243e-05
0.0136409457710549,241800.452159448,3.80129757200145e-10,30077.4643412359,-1,66467179049.9643,30077.464341239,-30077.4643412359,2,27331478514738.7,-27331478514738.7,3.40405627083573e-18
0.039427429685023,0.189302682247075,3.70896168260431e-11,0.00378929342153309,1,2.48392919890442,0.0396091024045171,0.00378929342153309,2,0.491962093845333,-0.490379627974111,0.00158246587122233
2.55308841731168e-05,140.055945717311,3.23233944368099e-14,1.06211205365878,-1,17222915743791.1,1.06211205396564,-1.06211205365878,3,31966600729011.9,-31966600729011.9,3.06815042629286e-10
0.000180737958870576,102363.670138911,7.50113957626367e-11,6.90207259296052e-05,-1,250889.476597275,0.000193662287966229,-6.90207259296052e-05,2,15691258.2319172,-15691258.2319172,1.04329495724781e-15
0.226743105832544,1845865.50353131,0,6.78331572586273,-1,171092322.848447,6.78710429216902,-6.78331572586273,2,221802242831827,-221802242831827,1.15897015706847e-16
0.450902581329363,29.8770119686518,0.534140034875467,0.522311537129108,1,3461297627160.51,1.00511815949326,0.522311537129108,3,293.140505146718,-291.613075450096,1.52742969662237
0.0663042487502944,6242985.29734915,7.70632371656723e-08,4.24192529223093e-05,-1,1.00009868363451,0.0663048434503174,-4.24192529223093e-05,2,0.0663298255318216,-0.00182079364668632,0.0645090318851353
1.13010109742023e-06,14.7358073480309,3.94510658652459e-15,53387.7922580102,1,1.00009335043422,53387.7922580102,53387.7922580102,3,53387.7922854212,53387.7902517726,106775.582537194
0.0102490991910844,9395656.3994798,1.46603196203118e-08,6.74309415710527,1,49318237.4098943,6.74310194719625,6.74309415710527,3,3273078746841,-3273078746827.51,13.4855232649793
0.227750455917112,1.73797816728682,0.00552710338920052,129055791.222678,-1,15248793.0619477,129055791.222678,-129055791.222678,1,129055791.222678,-129055791.222678,2.22374265485759e-10
1.22795743189869e-05,140.330687617827,0,2.43470406968419,-1,64532.9841007814,2.43470406971515,-2.43470406968419,1,2.43470406971515,-2.43470406968419,3.09663805412958e-11
0.636204600614276,10782.068923183,4.66620090149781e-08,627206323209.553,1,1.00005648319486,627206323209.553,627206323209.553,3,627206323209.553,627206323209.553,1254412646419.11
0.0531402834270303,5450.48357522128,4.93884231564797e-08,188240.118560988,1,339591074.242698,188240.118560995,188240.118560988,3,188279.573183405,188200.663938578,376480.237121983
3.53252985443324e-06,65.1692185330544,2.6851753415054e-17,0.645302860628682,1,20597183.5060085,0.645302860638351,0.645302860628682,3,1646.00723417376,-1644.71662845249,1.29060572126509
0.271286764814157,12507.2566293113,0,0.00133499029898343,-1,1.00000455120916,0.271290049508694,-0.00133499029898343,1,0.271290049508694,-0.00133499029898343,0.269955059209711
0.000108723535850037,36404.7420457987,0,1.51305907600455e-07,1,1.00011664751501,0.000108723641132975,1.51305907600455e-07,2,0.000108778996228317,-3.47315025673734e-06,0.000105305845971579
0.463701970307312,438.540902098321,1.8431176306999e-08,91149.2453744224,-1,47548489377.4493,91149.2453756019,-91149.2453744224,3,81527102537.8817,-81527102537.8817,1.17947355435493e-06
0.0370353637637348,3.21947959901149,4.07005926414326e-08,2032090.90790694,1,33.3112588106551,2032090.90790694,2032090.90790694,3,2032090.90790821,2032090.90790566,4064181.81581387
1.40633210181591e-06,33.5578032016677,0,0.00158282422092016,-1,4029.82574589853,0.00158282484567987,-0.00158282422092016,2,0.0202915643254211,-0.0202915642766873,4.87337977312869e-11
0.0327143936673757,11.6981858859666,0,1891998.22108464,-1,9033724573.8905,1891998.22108464,-1891998.22108464,2,46162648517.1941,-46162648517.1941,1.15919643629785e-14
0.0118123751961477,944702.941148822,0,179875.07606055,-1,1.12959030100465,179875.076060551,-179875.07606055,1,179875.076060551,-179875.07606055,3.8785864843108e-10
0.000109713762612571,16082.1694108707,3.63810301372796e-05,553.990203702099,-1,1.00000128239902,553.990203734945,-553.990203702099,1,553.990203734945,-553.990203702099,3.28463093775908e-08
0.0666543807022485,24279.9283619849,0,8.66023966292055e-05,-1,11012.1205566571,0.0666544369624062,-8.66023966292055e-05,2,16144936.3822883,-16144936.3822883,1.37591327757545e-10
0.00397112119489324,583256.919562419,8.54293124546178e-09,78.6672916990389,-1,1.00029614022281,78.6672917993242,-78.6672916990389,1,78.6672917993242,-78.6672916990389,1.00285303618196e-07
7.42397766114937e-05,180.743324511701,0,95.8383826852579,1,61922384579144.2,95.8383826852866,95.8383826852579,3,181.055151896681,10.621613473864,191.676765370545
0.334151644317932,4.73015277800991,0.105808045455572,223360051589.262,-1,926.217135492511,223360051589.262,-223360051589.262,1,223360051589.262,-223360051589.262,4.86804523254339e-13
4.67498008783226e-05,0.000458523396806516,9.89031691725881e-14,14439.907656623,1,1.00068659644218,14439.907656623,14439.907656623,3,14439.907656623,14439.907656623,28879.8153132461
0.0206742421874577,810.267409170062,0.136776484636696,768928.508166876,1,6583.06878777363,768928.508166965,768928.508166876,3,768928.721624154,768928.294709685,1537857.01633384
0.00157422150692228,2777.45423267083,1.52260539642503e-06,45120248.7340858,-1,75823184474.3524,45120248.7340858,-45120248.7340858,2,509773306.025988,-509773306.025988,3.92407635118278e-15
0.0185669800197798,13546578.5339011,0,125.52631474734,1,11846324003.6657,125.52631612049,125.52631474734,3,365480714949.649,-365480714698.596,251.052630866528
0.0620977045361189,10652.621987786,2.21447230759375e-06,176515109.165517,1,564896734.769231,176515109.165517,176515109.165517,3,176515109.326238,176515109.004797,353030218.331035
0.960145674563073,157208.142233106,0.698554746846156,0.000969483028624994,1,4274227392.58536,1.27296323714618,0.000969483028624994,3,9700041297.49685,-9700041296.22292,1.27393271990933
0.0238428098855398,1336147.23148261,3.80412459373944e-06,42019206.9749926,1,112606400590.209,42019206.9749926,42019206.9749926,3,42029828.8402818,42008585.1097033,84038413.9499852
1.87765535396043e-06,0.00104251969676151,0,256.723536848068,-1,716.398189661237,256.723536848068,-256.723536848068,1,256.723536848068,-256.723536848068,6.86651031600339e-15
0.000296118230304486,1.89746942159281,3.99273917663209e-15,28494.3716595724,1,224543073.63476,28494.3716595724,28494.3716595724,3,28494.371691161,28494.3716279838,56988.7433191448
1.53912001152174e-05,0.000427417578878898,0,3.91334196327896e-06,1,69463706672.6229,1.58809094924764e-05,3.91334196327896e-06,3,0.00462451433272465,-0.0046047200812689,1.97942514557554e-05
0.000112489173495964,0.434633182531519,0,997364.451024691,-1,33.2690334675181,997364.451024691,-997364.451024691,1,997364.451024691,-997364.451024691,6.34362601394332e-15
0.247370902094041,7703.77648021259,0,0.00479596530264547,-1,1.05854491841315,0.247417389215075,-0.00479596530264547,2,0.303528716993383,-0.175890076004389,0.127638640988994
7.64038864349045e-06,0.00190367550032535,6.89019745577277e-08,53.3121133755728,-1,489.52321477806,53.3121133762195,-53.3121133755728,1,53.3121133762195,-53.3121133755728,6.46760611515451e-10
0.347133575995906,5435.19634359349,3.11742158636267e-06,179716859.563882,1,76098805438454.3,179716859.563882,179716859.563882,3,179716859.604976,179716859.522788,359433719.127764
1.12316921073119e-05,9.93435436511226e-05,9.65315246621209e-17,2900.33442416196,1,9144823312.1327,2900.33442416196,2900.33442416196,3,2900.33442416196,2900.33442416196,5800.66884832393
0.0132605823967119,21.8432600483876,0,10675168.4135491,-1,1.00000965112378,10675168.4135491,-10675168.4135491,1,10675168.4135491,-10675168.4135491,8.23607828410477e-12
0.020619661838406,734401.661591683,1.66183437765572e-11,0.215406379990098,1,1.00926075668621,0.216391032650124,0.215406379990098,2,0.283754666190853,-0.283004487798575,0.00075017839227788
0.00752167431989176,1356.96452602294,0,30378.9050454694,1,1.07850385111215,30378.9050454703,30378.9050454694,3,30387.1649500113,30356.8516314573,60744.0165814686
0.000583200641905322,3.26290013796683,0,58.726475361594,-1,1.00000420519047,58.7264753644898,-58.726475361594,1,58.7264753644898,-58.726475361594,2.89582327745850e-09
0.000398221548078172,8.21389947762834,0,2.71026735409315e-05,1,533444418028.736,0.000399142776794022,2.71026735409315e-05,3,79142.3635809489,-79142.3631547035,0.000426245450334953
0.00167017507238933,77.6792085496376,0.000610002053106871,0.00260153749338038,1,1.00040969805019,0.024890952878682,0.00260153749338038,2,0.025080767133508,-0.00403154339254231,0.0210492237409657
9.96691261828492e-05,0.462370403711673,0,132.260549014392,1,1.09878243271943,132.26054901443,132.260549014392,3,132.260785803794,132.259977601113,264.520763404907
0.000227724477972371,20.5596185308264,0.000260533089196894,5939220.21217702,-1,1.23548276195373,5939220.21217702,-5939220.21217702,1,5939220.21217702,-5939220.21217702,2.19376398184808e-11
0.336719427316788,37831550.0937975,93.2253246548513,4.25679907876722,-1,637789572.444848,10.5574164938482,-4.25679907876722,3,113580765382317,-113580765382311,6.30047780397535
4.47138223472848e-05,0.0561229040017998,1.62722481422578e-05,14851.4208017509,-1,14326.5033921269,14851.4208017514,-14851.4208017509,1,14851.4208017514,-14851.4208017509,5.4790203864696e-10
0.116629405193603,6.10840221696621,0,18.7202273352118,-1,1.00000217838263,18.7205906397252,-18.7202273352118,1,18.7205906397252,-18.7202273352118,0.000363304513403502
4.3405829640263e-06,1.2342071912254,3.19125101639478e-16,812.942761597188,1,2.11310464922638,812.942761597188,812.942761597188,3,812.943200386729,812.942263501921,1625.88546388865
0.000392250084942584,1.0956451016369,1.17510517654554e-11,0.495411969273893,-1,60442910.4162949,0.495412124570763,-0.495411969273893,3,3878233.85082716,-3878233.850827,1.54766091335194e-07
0.00208161321607449,85.1406914105715,1.39058913836722e-10,0.0188369934987025,-1,408278725.144719,0.0189516642200734,-0.0188369934987025,3,31607646.8369102,-31607646.8367955,0.000114670626562089
0.000281042126705185,869.378402737449,6.62741175461804e-13,0.000287661138019499,-1,11.9225358486379,0.000402161994786705,-0.000287661138019499,2,0.0324378816098454,-0.0324366641009001,1.21750894528524e-06
0.0105940734736494,21254.0884384732,1.69289340570933e-08,0.0646423691494896,1,2461.75221592051,0.0655048640251854,0.0646423691494896,2,1577442.63475549,-1577442.63475549,3.55801596919997e-11
0.015443553418853,26.5836317523968,5.64766503495069e-06,0.000524798532029277,1,12.8581176591424,0.0156341427886257,0.000524798532029277,2,5.3269942495614,-5.32697133311726,2.29164441485396e-05
2.18571752754201e-06,0.000230888660240628,0,8.56528318736345e-05,-1,847.609688566775,8.56807152694426e-05,-8.56528318736345e-05,2,0.0400651877183848,-0.0400651876587649,5.96198518691413e-11
1.42284777885926e-06,1044.40911206331,0,937.151955741391,-1,1.00000383298174,937.151955741391,-937.151955741391,1,937.151955741391,-937.151955741391,1.08013209031993e-15
0.00243238251351273,242800.655078412,6.06067246028617e-13,0.21058082964483,1,33931667710.5325,0.210594877191263,0.21058082964483,3,69985230812.3262,-69985230811.905,0.421175706805701
0.000172330032514288,0.000206030052661817,1.86901189299392e-07,0.080036981793131,1,813077045399.25,0.0800383348988682,0.080036981793131,3,0.0800383747261906,0.0800369419658086,0.160075316691999
4.03516405117022e-06,39.997515358382,0,1.75806734874211e-06,1,24425.4541642404,4.40151675250357e-06,1.75806734874211e-06,2,7349.6503742228,-7349.6503742228,1.10770908075871e-15
1.54115798979505e-05,8.81168528492872,3.97063793171641e-07,0.00107356037677233,1,50616124.5197928,0.00124492296650923,0.00107356037677233,3,16744.9560652445,-16744.9537467612,0.0023184833400136
0.000256059814422116,61419.2178575903,3.26951042403621e-09,27088576.145141,1,1.50464846013103,27088576.145141,27088576.145141,3,27088605.9223781,27088536.2930073,54177142.2153854
0.000113577320264691,0.217825132678392,5.39573708886072e-08,5.66133036924978e-07,1,467.060112258781,0.000258568171037603,5.66133036924978e-07,2,113.057523334179,-113.057523333884,2.95677707221589e-10
4.12076088275105e-05,4161.83346126446,1.22733390542162e-11,244006.831469742,-1,1.00157278642408,244006.831469742,-244006.831469742,1,244006.831469742,-244006.831469742,3.50469770463665e-15
0.114403259417592,2830642.21220669,0,3.38017985896804,-1,1.12777326453737,3.38211531215873,-3.38017985896804,1,3.38211531215873,-3.38017985896804,0.00193545319069353
3.63726355882752e-05,0.00239675927607004,0,3.29604205418964e-06,1,1671155124278.22,3.65216718245544e-05,3.29604205418964e-06,3,0.0721543242696528,-0.072114506555774,3.9817713878744e-05
2.57262498485051e-06,0.000488272520474995,6.48230078377503e-19,45.9703942727499,-1,1286118874.6761,45.97039427275,-45.9703942727499,2,238142.552300745,-238142.552300745,1.38958785336039e-17
0.000232219781057992,1.87866585353727,0,0.000195163951241437,-1,171827.645956905,0.000303339734586143,-0.000195163951241437,3,16355.0708617263,-16355.0707538275,0.000107898811039347
0.399845698675656,1539.40078482186,0,252397.324736189,-1,1.00281242047584,252397.324736506,-252397.324736189,1,252397.324736506,-252397.324736189,3.16716080323809e-07
7.04757948740466e-05,0.00179170739525055,1.54506987391451e-14,0.000171210418159824,1,1048933.49702927,0.000185148211982426,0.000171210418159824,3,0.00468237134822389,-0.00432601271808368,0.000356358630140206
2.58485399909105e-05,2.07435179124701,0,7.54286650637445e-08,1,292380114.96748,2.58486500449291e-05,7.54286650637445e-08,3,82991.0964865257,-82991.0964606017,2.59240782245861e-05
0.000340163172812053,584.243619100107,0,3909.58427771169,1,65815.6760458465,3909.58427771171,3909.58427771169,3,3931.41144539712,3887.75711002376,7819.16855542088
0.798266712192973,374013.139322882,221.85580186718,0.000998578126704038,-1,1.00030511680696,14.9162003408419,-0.000998578126704038,2,14.9343584974244,-0.736228306041929,14.1981301913825
0.00523319508610723,2261.33780827037,0,1.28137623008168e-06,-1,1.00000187648847,0.00523319524298319,-1.28137623008168e-06,2,0.00523322955841225,-1.89947830417612e-05,0.00521423477537048
0.0178875402434149,17.649721486455,8.77481966150467e-07,2.40473503550689e-05,1,1040391677576.09,0.0179120673346489,2.40473503550689e-05,3,8683.95961449707,-8683.94167838238,0.017936114685004
0.741626523793939,38.3635100894681,2.89767630733459e-05,7504.38033725031,1,82.6139866936792,7504.38037389816,7504.38033725031,3,7504.42938377417,7504.33132378348,15008.7607075577
1.75346668752163e-06,511.245897377678,8.02007169365788e-18,169.896683427609,-1,35143339.3313029,169.896683427609,-169.896683427609,1,169.896683427609,-169.896683427609,9.04859760146476e-15
0.120677725487134,49636914.9792017,1.0463766102235e-05,81317560066.4129,1,55052727.8939178,81317560066.4129,81317560066.4129,3,81317567641.1094,81317552491.7165,162635120132.826
0.0726117454411921,2750768.52069771,1.87138248476521e-07,0.00683790825037728,-1,11329.215740619,0.0729342834578193,-0.00683790825037728,2,16967088.7345953,-16967088.7345953,1.55378827704078e-10
0.367115787646557,5520.01672032361,0.436002274428294,132.863512569469,1,1666059.65080886,132.865660531882,132.863512569469,3,57466.7746616299,-57201.0454885388,265.729173091023
0.364968415004018,1244032.02737427,0,4.96000110222381e-05,-1,1.4217874729434,0.364968418374394,-4.96000110222381e-05,2,1.11044147164244,-1.04875083694502,0.0616906346974186
5.60817505941662e-06,997.76505394863,1.11239482052283e-08,9.44427969812289e-10,1,10052964443.6128,0.000105619126268008,9.44427969812289e-10,3,4712813180.73832,-4712813180.73821,0.000105620047379554
0.000226420578166291,20165.9925325745,3.30074210499325e-09,0.780323827024388,-1,1872546365.34682,0.780323861988731,-0.780323827024388,2,245200031285.989,-245200031285.989,1.11270418759667e-19
0.00234912190648501,263.281262549305,0,2.49745720627425e-06,-1,125236676911.895,0.00234912323406421,-2.49745720627425e-06,3,14769509.4587877,-14769509.456441,0.00234662577685746
2.25495894900399e-06,0.0055896215905768,4.33522912876662e-16,4.68014531074731e-05,1,42440310305.765,4.68557497683647e-05,4.68014531074731e-05,3,0.166845903135492,-0.166752245932616,9.36572028758378e-05
0.000438271626857055,7.50521898128383,5.61084639071374e-12,19652.3499864244,-1,2554.85352199183,19652.3499864244,-19652.3499864244,1,19652.3499864244,-19652.3499864244,4.8871414840213e-12
2.99835730959043e-05,0.00031528466004396,0,1628.01796699772,-1,1.30191034626487,1628.01796699772,-1628.01796699772,1,1628.01796699772,-1628.01796699772,2.76107105026406e-13
0.000130003921652466,129.881505149579,0,4.15572654668407,-1,184751999392.063,4.15572654871754,-4.15572654668407,3,4279855235982.35,-4279855235982.35,1.97076822109475e-09
0.000613088798546483,4.23951245048218,9.64466367747954e-08,39.7192693742167,-1,114916566327.318,39.7192693801625,-39.7192693742167,3,1511460421.36293,-1511460421.36293,5.94572827055334e-09
0.00181912100061369,152359.532951535,0,10409.082465605,1,9322464.87421521,10409.0824656051,10409.082465605,3,567937.264174175,-547119.099242968,20818.1649312069
0.000886204453774628,127844.784433859,3.83375716304223e-14,0.0215468773338215,1,1.00000327929823,0.0215650940459572,0.0215468773338215,2,0.0216757394301883,-0.0216576157845963,1.8123645592059e-05
8.96777780640724e-05,663.731600692209,2.81796406833636e-10,0.00239025855457176,-1,9.06249528407447,0.00239199913419483,-0.00239025855457176,1,0.00239199913419483,-0.00239025855457176,1.74057962307119e-06
0.0246550245107567,0.125299321246159,0.000348428401219714,169.044226794432,1,3.29029706727619,169.044229622977,169.044226794432,3,169.044251401964,169.044203934066,338.088455336029
0.387825099124159,676719.344215503,0.000102993781343838,69.9213736335892,1,14065215.2135849,69.9224499149542,69.9213736335892,3,1637359063.57183,-1637358923.72801,139.843819410251
1.48249805354097e-05,0.581134460336392,3.59775825788705e-14,410.740611805836,1,26716701835347,410.740611805836,410.740611805836,3,410.740817359689,410.740406251983,821.481223611672
2.85139174870406e-06,141.550437579373,1.47523499074463e-12,1.2851687390832e-07,1,1.01548396598494,3.10196493890589e-06,1.2851687390832e-07,2,3.34168510992713e-06,-1.24947568147061e-06,2.09220942845652e-06
0.0433492071773545,0.0900810899228,0.0444606030323139,805542.405604308,1,673286097.729214,805542.405604337,805542.405604308,3,805542.405604339,805542.405604306,1611084.81120865
0.994511129068797,2.55808827148373,2.17702780625338,986247425404.246,-1,278229293.946966,986247425404.246,-986247425404.246,1,986247425404.246,-986247425404.246,1.60511455368177e-12
1.76663403830416e-06,1.82875726968524,0,1120259.11770652,1,11682.2745692686,1120259.11770652,1120259.11770652,3,1120259.11770726,1120259.11770577,2240518.23541303
0.102163604298274,4031.41935563897,1.19069251998588e-07,723136.952360805,-1,1.71229342400018,723136.952360812,-723136.952360805,1,723136.952360812,-723136.952360805,7.21683567572591e-09
1.2467193587516e-06,24.8149263506913,0,2.19563811114987e-09,-1,1106684602818.28,1.24672129215504e-06,-2.19563811114987e-09,3,247395691.619264,-247395691.619263,1.24452565394289e-06
0.894475753733179,1.17297404371244,4.47341040228416e-05,13311.2402693784,1,165.265477565672,13311.2402994331,13311.2402693784,3,13311.2403102468,13311.2402585645,26622.4805688113
0.000415118313731677,25827.6357573791,9.41884549825974e-14,27324403.406819,1,48474.3215113919,27324403.406819,27324403.406819,3,27324409.5100334,27324397.3036046,54648806.8136381
0.079509900778497,80.6727881557736,10.3119114698532,0.14182489965524,1,1.31797142327373,3.21533009134945,0.14182489965524,2,8.27598903571923,-7.6271725577156,0.648816478003633
0.330408447987137,83549.2887886956,0.0136766870264267,9.34200137172754e-05,-1,6927181303860.73,0.350494562375787,-9.34200137172754e-05,3,9960703338.71854,-9960703338.36814,0.35040114236207
0.0001910317186691,0.178493444929994,9.47912541280461e-14,80305087.3090456,-1,1.71108780715775,80305087.3090456,-80305087.3090456,1,80305087.3090456,-80305087.3090456,2.27216067821981e-16
0.0026336668525148,0.0588813083793423,0,708139701.364325,-1,1.0000126660812,708139701.364325,-708139701.364325,1,708139701.364325,-708139701.364325,4.8974807348548e-15
0.000552119616923807,7.00289941506648,6.11534212502387e-09,0.846707779084171,-1,3080506.08243989,0.846707962707959,-0.846707779084171,2,3485002.38545648,-3485002.38545648,4.46127978010531e-14
0.00102225005780667,0.0187234478117219,0,57.9296539980179,-1,117597266557.876,57.9296540070375,-57.9296539980179,3,19433.8253785154,-19433.8253785064,9.01951857470938e-09
0.000112966351410427,0.00706145970655732,7.02794818698046e-12,0.0946861904287506,-1,8658628024922.72,0.0946862578536828,-0.0946861904287506,3,369.775827289267,-369.775827221842,6.74249322695981e-08
0.00832171766337803,7.85527240058394,0,0.00188797622756235,-1,437469.100176679,0.00853319630061435,-0.00188797622756235,3,4642.84557943227,-4642.83893422432,0.00664520794311124
4.70647460955567e-06,2.01142637009762e-05,4.43260541317442e-18,0.0537714217809972,1,7751281516.72348,0.05377142198697,0.0537714217809972,3,0.0537714237650181,0.053771420002949,0.107542843767967
2.6727776845173e-05,0.074511778018654,1.10755201611073e-06,5204719.28109024,1,1.00016661094922,5204719.28109024,5204719.28109024,3,5204719.28109024,5204719.28109023,10409438.5621805
4.72552912333317e-05,0.777612585752643,9.68904622839154e-17,48.4120510774474,1,34.7543357634489,48.4120510774705,48.4120510774474,3,48.4151730074392,48.4089278543405,96.8241008617797
0.000666765340358823,26.9713683168018,2.60736827835076e-06,0.0338153795501939,1,51064073.5255117,0.0338604760513069,0.0338153795501939,3,5374.58510908229,-5374.51743322669,0.0676758556004702
0.000107271580553366,2.07046096454177,6.97745266277397e-06,0.00222017674703631,1,16.941528958564,0.00345226659498497,0.00222017674703631,2,3.25048284819247,-3.25048177312742,1.0750650498617e-06
0.0662618031520931,1370791.98233709,0.000326583472140417,1.37846996619378,1,80628373664.4029,1.38017993672108,1.37846996619378,3,340577950264.664,-340577950261.905,2.75864990288866
1.88002842624646e-05,0.0538884885245564,0,3420639.01995132,1,11544090909602.6,3420639.01995132,3420639.01995132,3,3420639.01995132,3420639.01995132,6841278.03990263
2.88755944692624e-05,0.000417952542690578,2.22728669790576e-14,1.30093877965692e-08,-1,33169717010021.8,2.88759830666325e-05,-1.30093877965692e-08,3,0.00304052907744345,-0.00301166610376461,2.8862973678836e-05
0.00267236377203565,290003.054590375,8.40625292244472e-11,3051075.88560352,1,33.3194454054394,3051075.88560352,3051075.88560352,3,3057965.4935974,3044183.17260323,6102148.66620062
2.07081991190202e-05,0.26287870925923,5.20210706412478e-17,3.08716274197166e-07,-1,56354.939186351,2.07105014065814e-05,-3.08716274197166e-07,3,1716.33944134201,-1716.33942121044,2.01315702833949e-05
5.02527557343367e-06,0.00302799601534042,7.40767884111092e-18,2.75421410559139e-09,-1,1.0000297004241,5.02527706522967e-06,-2.75421410559139e-09,2,5.02583162943153e-06,-7.4709910764536e-08,4.951121718667e-06
0.0136559381093435,0.0190335860677035,1.0253784862664e-09,36.5371894887077,1,1.01889479430698,36.5371920407056,36.5371894887077,3,36.5371924276703,36.5371874700035,73.0743798976738
0.0174709799708923,14383.9323961629,6.25184596660203e-11,313358378.95538,-1,191961.760770245,313358378.95538,-313358378.95538,1,313358378.95538,-313358378.95538,4.87038522281295e-13
0.000106396148057316,33277.6468865442,0,9.97357441139944e-05,-1,1.00000154373998,0.000145833326010917,-9.97357441139944e-05,1,0.000145833326010917,-9.97357441139944e-05,4.60975818969229e-05
0.00274647745041747,2136592.94167808,4.57539391742449e-08,125175041.131148,1,360141824.14592,125175041.131148,125175041.131148,3,125184158.422736,125165923.839559,250350082.262295
3.72004602610314e-06,126.349033212431,1.86757536034306e-19,2729.08222959777,-1,18765960979.1917,2729.08222959777,-2729.08222959777,2,1785753.9877864,-1785753.9877864,3.87476178626309e-18
0.00126395433489335,45.8218915519509,1.12522924334536e-08,1.71498864795543e-07,1,135587.860166104,0.00126839776195837,1.71498864795543e-07,3,842792.950376254,-842792.949130606,0.00124564743097595
1.55660690627665e-06,0.210297099611762,2.68571778633272e-20,0.000608601669252516,-1,3647.41495301329,0.000608603659898654,-0.000608601669252516,2,0.0529656606289295,-0.052965660606056,2.2873547306659e-11
0.00234542989441177,1022.19610328315,0.00202763758953945,205235.119768897,1,5292893547624.42,205235.119768902,205235.119768897,3,205236.392558952,205233.846978847,410470.239537799
0.475867242028668,65774.906215774,8.9603842108774e-09,120368.319364035,-1,4229922801687.09,120368.319364976,-120368.319364035,3,2299803383514040,-2299803383514040,9.40588730042508e-07
0.00159150715717691,3464.98596102022,0,87839.7659333808,1,3982624163.90611,87839.7659333808,87839.7659333808,3,87873.9364698755,87805.595396886,175679.531866762
0.00287392696429518,549569.770076368,2.83170184674498e-08,0.0533031182327241,1,1347690436.60433,0.0533808035397214,0.0533031182327241,3,1415527430793.12,-1415527430793.01,0.106683532092549
0.908944048120848,138794186.538998,1.65342777879805e-06,0.0408993105751779,1,9027.76809831641,0.909864654576502,0.0408993105751779,2,154975660.271146,-154975660.271146,2.6655183613885e-09
0.00932248976331201,9.74119368570947,0.0444964851629514,0.000797380133171305,1,11711255654.4647,0.211149306874106,0.000797380133171305,3,224.066423606191,-223.854476919183,0.211946687007277
5.61336726468183e-05,1284.78674149979,1.01825336944486e-06,0.00329329226011478,-1,37161656454218.5,0.00344487710509121,-0.00329329226011478,3,5444729555.22496,-5444729555.2248,0.000151584844976428
0.00196283668753966,0.0050829424711625,0,217769129.32307,-1,82362137980.6428,217769129.32307,-217769129.32307,1,217769129.32307,-217769129.32307,8.84589995360634e-15
5.80791821720912e-05,1780.0502472061,1.1221436556193e-05,84378.5770700786,1,1.0012417222884,84378.5770700787,84378.5770700786,3,84379.467639173,84360.6897801794,168740.157419352
0.00183216554030001,0.00246377553835831,5.29393155879114e-11,31720.7105875232,1,39059457847.9355,31720.7105875233,31720.7105875232,3,31720.7105875233,31720.7105875232,63441.4211750465
0.202019503347993,179.211546296332,0,123414420.756651,-1,13590979870041,123414420.756651,-123414420.756651,3,97275495663206.7,-97275495663206.7,1.65081545495893e-10
3.41811412526023e-05,11168.0796881969,1.2712637057654e-07,3480203.67950902,1,1.15530750921964,3480203.67950902,3480203.67950902,3,3480209.65889856,3480191.73952914,6960401.3984277
0.0113178178342883,10742.6305308745,0.000522283991396662,129483230.152452,1,19975514853.7564,129483230.152452,129483230.152452,3,129483230.375269,129483229.929635,258966460.304904
6.34689367636265e-06,4.48669147542e-05,0,1.92582440472874e-05,1,109801616747.983,2.02771552029355e-05,1.92582440472874e-05,3,4.52264034416576e-05,-5.69100419143475e-06,3.95353992502228e-05
2.78803946908777e-05,0.000145888797573095,2.26089686749986e-15,331.113434593759,-1,46.6791777597263,331.11343459376,-331.113434593759,1,331.11343459376,-331.113434593759,1.1737951224626e-12
4.67735643225932e-06,1.25609732132923,1.43708916682024e-18,0.00785542221194962,-1,1331.56269102724,0.00785542360446947,-0.00785542221194962,1,0.00785542360446947,-0.00785542221194962,1.39251984820721e-09
2.19740662140446e-05,5.37487688278635,3.50341881862982e-07,3.79124619986376e-08,-1,13189377.0951318,0.000592304603127745,-3.79124619986376e-08,3,24388.7644542449,-24388.7638619783,0.000592266620566843
0.00122552379155596,31490.5195807592,7.95040434666823e-06,0.00324751976173525,-1,73.0850434944667,0.00447199033017726,-0.00324751976173525,2,13.0796076223651,-13.0796072610273,3.6133779062073e-07
1.61356441725929e-06,0.00208733759584807,1.17571470977417e-16,0.361732249190243,-1,8277746385.88147,0.361732249193842,-0.361732249190243,3,606058.275753077,-606058.275753077,3.59452086826509e-12
0.0257926320001641,190.487145721459,2.23732771352937e-06,1.18879242965396,1,53739830276.0466,1.18907314240789,1.18879242965396,3,7631.00474610863,-7628.62688053657,2.37786557206185
0.0533921083793481,671.078657469376,7.08765187819385e-09,3297.25828384008,1,167599438.458539,3297.25828427237,3297.25828384008,3,3331.40381692883,3263.11275118361,6594.51656811245
4.03373844949894e-05,4611.92853032997,1.3699513576623e-05,221570.204346226,-1,1.05714365766506,221570.204346226,-221570.204346226,1,221570.204346226,-221570.204346226,3.0918283262946e-11
9.1858500710263e-06,0.00184453320694789,0,86013.3847662708,1,47211788119019.7,86013.3847662708,86013.3847662708,3,86013.3847662708,86013.3847662708,172026.769532542
0.0752908210706865,1.48018631256014,2.72086077703229e-09,3951.58818234024,-1,1.01251737110599,3951.58818305751,-3951.58818234024,1,3951.58818305751,-3951.58818234024,7.17269892037089e-07
1.99844398994774e-06,28.2590535370144,6.63276070747905e-14,12803.8347440028,-1,13555.5600159071,12803.8347440028,-12803.8347440028,1,12803.8347440028,-12803.8347440028,1.58550390145216e-16
0.00017117572892265,0.121237416953223,4.1150007401283e-16,21729773.0256325,-1,5.26311122156685,21729773.0256325,-21729773.0256325,1,21729773.0256325,-21729773.0256325,6.74216213605563e-16
0.00102761737588382,42161.827889379,1.58091744018434e-06,1.18775918789651,-1,1.00002008018772,1.18776029793367,-1.18775918789651,1,1.18776029793367,-1.18775918789651,1.1100371632949e-06
1.59343461571545e-06,0.00130278600992092,8.38647213268319e-18,7.0916879198082e-08,-1,34408191.2400215,1.59501456569762e-06,-7.0916879198082e-08,3,0.556806078056532,-0.556804553958845,1.52409768626439e-06
0.0582770252730998,9.25278179923305,0.000128429829469307,4.63555015474183,1,6.79953502748252,4.63593031425529,4.63555015474183,3,9.25284448636081,-0.0321190711204624,9.22072541524035
1.00880680662975e-05,0.000704396986349592,5.36963292677705e-11,8.72352092830879,-1,284.129839211095,8.7235209283177,-8.72352092830879,1,8.7235209283177,-8.72352092830879,8.91070519894318e-12
0.000996646552590494,4125.31475760279,5.50195022386216e-09,4000798.0442954,1,4886659.30434919,4000798.0442954,4000798.0442954,3,4000799.1077221,4000796.9808687,8001596.08859079
0.329121966880161,18959.6725705083,0.00176216875618847,66.1659811957317,-1,1.35310567179833,66.16681306389,-66.1659811957317,1,66.16681306389,-66.1659811957317,0.000831868158268338
0.0484888398810388,0.113443206776611,0,24246.3921732173,-1,76409142658096.6,24246.3921732658,-24246.3921732173,3,132715.157661878,-132715.157661829,4.84848957364424e-08
0.000172973808076717,3612.55750776258,0,42723.2993351862,-1,2.03961927440827,42723.2993351862,-42723.2993351862,1,42723.2993351862,-42723.2993351862,3.50159500157324e-13
2.60143862660081e-06,2.87086863402634e-05,2.09209743242116e-19,239746.721221833,-1,1.00201442423676,239746.721221833,-239746.721221833,1,239746.721221833,-239746.721221833,1.41138179131106e-17
0.109827410503409,1.33499400585998,0.03573533426286,69358642615.1041,1,1.00130217793909,69358642615.1041,69358642615.1041,3,69358642615.1041,69358642615.1041,138717285230.208
1.06131116658073e-05,84.5843063664647,8.49236268518378e-11,9.03460129247849e-05,-1,3817298.62254427,9.14328377416348e-05,-9.03460129247849e-05,2,31673919.8572655,-31673919.8572655,3.11868197831242e-18
0.812154897789136,30597881.8425232,0,1470921468.22264,1,9.09274881947104,1470921468.22264,1470921468.22264,3,1471080107.29665,1470761860.97909,2941841968.27573
0.00655001794007851,0.0131323307888869,2.9972479873337e-06,3.06250625283417,-1,116995590616.052,3.06251374668448,-3.06250625283417,3,11.7066266945675,-11.7066192007172,7.49385030682205e-06
1.21087702243693e-05,0.140854532175668,3.4674578818455e-08,2.51073375015278e-08,-1,2.42290049890452,0.000186604399104576,-2.51073375015278e-08,2,0.00200402950244659,-0.00199532279231745,8.70671012913503e-06
0.000462239319531809,3.22924953136839,2.47441704564018e-08,1.08195269624147e-07,-1,1.00006811204567,0.000488271820489211,-1.08195269624147e-07,2,0.000488402327970918,-1.12904822652008e-05,0.000477111845705717
0.00127905976906388,35191.3041608427,4.77677391381161e-09,0.270466903220933,-1,817670.940516796,0.270469936422864,-0.270466903220933,2,4055911.27927737,-4055911.27927737,2.02269052966549e-13
1.36729114288464e-05,0.0118364861261928,2.3841049682729e-18,4.7591413865722e-08,-1,1.02474035056077,1.36729943416889e-05,-4.7591413865722e-08,2,1.50210007860263e-05,-6.21948191480769e-06,8.80151887121865e-06
4.02251157787066e-05,13211.237905744,8.83121942947738e-13,5.08283216032414e-05,-1,1.09954198444433,6.482639384044e-05,-5.08283216032414e-05,1,6.482639384044e-05,-5.08283216032414e-05,1.39980722371986e-05
1.55814732201664e-05,0.0162452635756085,5.2868793445271e-12,9197.25069679086,1,16162120176411,9197.25069679086,9197.25069679086,3,9197.25069679803,9197.25069678369,18394.5013935817
0.0302921005907567,309.932488567671,9.42600912269669e-08,5.3454144399995,-1,1220123900117.12,5.34550027976554,-5.3454144399995,3,559520091.340751,-559520091.340666,8.58397660392063e-05
0.00103659780441159,11.5892622104455,0,0.108924545040297,-1,1.00000635417719,0.108929477402785,-0.108924545040297,1,0.108929477402785,-0.108924545040297,4.93236248778314e-06
0.627201015813584,83424720.656541,6.63940521236213e-06,0.0473259013049327,-1,128759.383100899,0.628989264278118,-0.0473259013049327,2,19286769052.5135,-19286769052.5135,1.01983839950512e-11
0.000388060612600485,35407.3885554981,6.06853467053339e-10,2549.03363181861,-1,6448250533.48811,2549.03363181864,-2549.03363181861,2,2466345855.90537,-2466345855.90537,3.06522080341838e-17
0.108177220841088,0.259401126483805,0,395.066502875077,-1,24038852237.278,395.066517685635,-395.066502875077,3,2271.65457251603,-2271.65455770547,1.48105582280258e-05
8.74163686929486e-06,478.479647585278,2.94532458105774e-17,1.05994766408771e-06,1,26.0439419536525,8.8056648618072e-06,1.05994766408771e-06,2,0.0133735657164446,-0.0133735628594559,2.85698871903256e-09
0.000430416748106574,6.0349378690307,6.00117602923705e-14,22775.1210251151,-1,1.60968081931899,22775.1210251151,-22775.1210251151,1,22775.1210251151,-22775.1210251151,4.06712738997315e-12
8.70056517694798e-05,39.0155635124717,6.81646235999879e-13,2.79968495364053e-07,1,312149463402.709,8.70100193565453e-05,2.79968495364053e-07,3,8719294.35244399,-8719294.3523567,8.72899878518646e-05
0.000213990214990254,41320.3869490737,0,937285.082050136,-1,67.8110051384648,937285.082050136,-937285.082050136,1,937285.082050136,-937285.082050136,2.44278997865912e-14
0.0204607343529245,2.99633413677304,2.89236311248889e-10,74310.4511893296,-1,45701127975042.1,74310.4511893325,-74310.4511893296,3,1593630558.22741,-1593630558.22741,2.81684428462105e-09
0.0108133545628208,6285787.44547502,3.50822502212948e-07,0.0186484862595841,1,1.03062244202202,0.0215649136139561,0.0186484862595841,2,0.0338321825992648,-0.0320521000876152,0.00178008251164954
0.00500029309181833,0.0304413495097203,9.46274508297312e-07,4547830040.29193,-1,1.00108116786024,4547830040.29193,-4547830040.29193,1,4547830040.29193,-4547830040.29193,2.85292164422198e-15
0.00337053156068506,2594.93315820197,1.16094075429032e-05,6.52487590762202e-05,1,806.757092568158,0.00479313550246999,6.52487590762202e-05,2,6324.22201452511,-6324.2220145233,1.81602499815192e-09
0.000484416370108519,52923.2793342858,0,5353.5047306279,1,10691691295.2125,5353.50473062792,5353.5047306279,3,136149.760474589,-125442.751013333,10707.0094612558
0.193571529627405,1.82757401982377,2.66617225645575e-08,984116.984130461,1,471788278.261762,984116.98413048,984116.984130461,3,984116.984131319,984116.984129622,1968233.96826094
0.00226300009265147,947140.677868927,3.31260799743391e-12,1.6811609662742e-06,1,915373134.530193,0.0022630014490165,1.6811609662742e-06,3,209637548313852,-209637548313852,0.00213958680324525
0.18485157879743,0.474750061740951,2.67053431246242e-07,43.8166764679977,-1,1683160421454.56,43.8170663905564,-43.8166764679977,3,289.016415221774,-289.016025299215,0.000389922558625468
0.000591407363180907,556968.659912024,1.10928280975638e-14,2010.57255883111,-1,1.00087355449968,2010.57255883119,-2010.57255883111,1,2010.57255883119,-2010.57255883111,8.69808649235611e-11
0.0580671539615841,4493342.33920455,0,8.238858316091,-1,1.04428564206817,8.23906294107474,-8.238858316091,1,8.23906294107474,-8.238858316091,0.000204624983732825
